effective_date,symbol
2008-01-31,ABB.NS
2008-01-31,ACC.NS
2008-01-31,AMBUJACEM.NS
2008-01-31,BAJAJAUTO.NS
2008-01-31,BHARTIARTL.NS
2008-01-31,BHEL.NS
2008-01-31,BPCL.NS
2008-01-31,CAIRN.NS
2008-01-31,CIPLA.NS
2008-01-31,DRREDDY.NS
2008-01-31,GAIL.NS
2008-01-31,GLAXO.NS
2008-01-31,GRASIM.NS
2008-01-31,HCLTECH.NS
2008-01-31,HDFC.NS
2008-01-31,HDFCBANK.NS
2008-01-31,HEROMOTOCO.NS
2008-01-31,HINDALCO.NS
2008-01-31,HINDUNILVR.NS
2008-01-31,ICICIBANK.NS
2008-01-31,IDEA.NS
2008-01-31,INFY.NS
2008-01-31,ITC.NS
2008-01-31,LT.NS
2008-01-31,M&M.NS
2008-01-31,MARUTI.NS
2008-01-31,NATIONALUM.NS
2008-01-31,NTPC.NS
2008-01-31,ONGC.NS
2008-01-31,PNB.NS
2008-01-31,RANBAXY.NS
2008-01-31,RCOM.NS
2008-01-31,RELIANCE.NS
2008-01-31,RELINFRA.NS
2008-01-31,RPL.NS
2008-01-31,SAIL.NS
2008-01-31,SATYAMCOMP.NS
2008-01-31,SBIN.NS
2008-01-31,SIEMENS.NS
2008-01-31,STER.NS
2008-01-31,SUNPHARMA.NS
2008-01-31,SUZLON.NS
2008-01-31,TATAMOTORS.NS
2008-01-31,TATAPOWER.NS
2008-01-31,TATASTEEL.NS
2008-01-31,TCS.NS
2008-01-31,UNITECH.NS
2008-01-31,VSNL.NS
2008-01-31,WIPRO.NS
2008-01-31,ZEEL.NS
2008-02-29,ABB.NS
2008-02-29,ACC.NS
2008-02-29,AMBUJACEM.NS
2008-02-29,BAJAJAUTO.NS
2008-02-29,BHARTIARTL.NS
2008-02-29,BHEL.NS
2008-02-29,BPCL.NS
2008-02-29,CAIRN.NS
2008-02-29,CIPLA.NS
2008-02-29,DRREDDY.NS
2008-02-29,GAIL.NS
2008-02-29,GLAXO.NS
2008-02-29,GRASIM.NS
2008-02-29,HCLTECH.NS
2008-02-29,HDFC.NS
2008-02-29,HDFCBANK.NS
2008-02-29,HEROMOTOCO.NS
2008-02-29,HINDALCO.NS
2008-02-29,HINDUNILVR.NS
2008-02-29,ICICIBANK.NS
2008-02-29,IDEA.NS
2008-02-29,INFY.NS
2008-02-29,ITC.NS
2008-02-29,LT.NS
2008-02-29,M&M.NS
2008-02-29,MARUTI.NS
2008-02-29,NATIONALUM.NS
2008-02-29,NTPC.NS
2008-02-29,ONGC.NS
2008-02-29,PNB.NS
2008-02-29,RANBAXY.NS
2008-02-29,RCOM.NS
2008-02-29,RELIANCE.NS
2008-02-29,RELINFRA.NS
2008-02-29,RPL.NS
2008-02-29,SAIL.NS
2008-02-29,SATYAMCOMP.NS
2008-02-29,SBIN.NS
2008-02-29,SIEMENS.NS
2008-02-29,STER.NS
2008-02-29,SUNPHARMA.NS
2008-02-29,SUZLON.NS
2008-02-29,TATAMOTORS.NS
2008-02-29,TATAPOWER.NS
2008-02-29,TATASTEEL.NS
2008-02-29,TCS.NS
2008-02-29,UNITECH.NS
2008-02-29,VSNL.NS
2008-02-29,WIPRO.NS
2008-02-29,ZEEL.NS
2008-04-01,ABB.NS
2008-04-01,ACC.NS
2008-04-01,AMBUJACEM.NS
2008-04-01,BHARTIARTL.NS
2008-04-01,BHEL.NS
2008-04-01,BPCL.NS
2008-04-01,CAIRN.NS
2008-04-01,CIPLA.NS
2008-04-01,DLF.NS
2008-04-01,DRREDDY.NS
2008-04-01,GAIL.NS
2008-04-01,GRASIM.NS
2008-04-01,HCLTECH.NS
2008-04-01,HDFC.NS
2008-04-01,HDFCBANK.NS
2008-04-01,HEROMOTOCO.NS
2008-04-01,HINDALCO.NS
2008-04-01,HINDUNILVR.NS
2008-04-01,ICICIBANK.NS
2008-04-01,IDEA.NS
2008-04-01,INFY.NS
2008-04-01,ITC.NS
2008-04-01,LT.NS
2008-04-01,M&M.NS
2008-04-01,MARUTI.NS
2008-04-01,NATIONALUM.NS
2008-04-01,NTPC.NS
2008-04-01,ONGC.NS
2008-04-01,PNB.NS
2008-04-01,POWERGRID.NS
2008-04-01,RANBAXY.NS
2008-04-01,RCOM.NS
2008-04-01,RELIANCE.NS
2008-04-01,RELINFRA.NS
2008-04-01,RPL.NS
2008-04-01,SAIL.NS
2008-04-01,SATYAMCOMP.NS
2008-04-01,SBIN.NS
2008-04-01,SIEMENS.NS
2008-04-01,STER.NS
2008-04-01,SUNPHARMA.NS
2008-04-01,SUZLON.NS
2008-04-01,TATACOMM.NS
2008-04-01,TATAMOTORS.NS
2008-04-01,TATAPOWER.NS
2008-04-01,TATASTEEL.NS
2008-04-01,TCS.NS
2008-04-01,UNITECH.NS
2008-04-01,WIPRO.NS
2008-04-01,ZEEL.NS
2008-04-30,ABB.NS
2008-04-30,ACC.NS
2008-04-30,AMBUJACEM.NS
2008-04-30,BHARTIARTL.NS
2008-04-30,BHEL.NS
2008-04-30,BPCL.NS
2008-04-30,CAIRN.NS
2008-04-30,CIPLA.NS
2008-04-30,DLF.NS
2008-04-30,DRREDDY.NS
2008-04-30,GAIL.NS
2008-04-30,GRASIM.NS
2008-04-30,HCLTECH.NS
2008-04-30,HDFC.NS
2008-04-30,HDFCBANK.NS
2008-04-30,HEROMOTOCO.NS
2008-04-30,HINDALCO.NS
2008-04-30,HINDUNILVR.NS
2008-04-30,ICICIBANK.NS
2008-04-30,IDEA.NS
2008-04-30,INFY.NS
2008-04-30,ITC.NS
2008-04-30,LT.NS
2008-04-30,M&M.NS
2008-04-30,MARUTI.NS
2008-04-30,NATIONALUM.NS
2008-04-30,NTPC.NS
2008-04-30,ONGC.NS
2008-04-30,PNB.NS
2008-04-30,POWERGRID.NS
2008-04-30,RANBAXY.NS
2008-04-30,RCOM.NS
2008-04-30,RELIANCE.NS
2008-04-30,RELINFRA.NS
2008-04-30,RPL.NS
2008-04-30,SAIL.NS
2008-04-30,SATYAMCOMP.NS
2008-04-30,SBIN.NS
2008-04-30,SIEMENS.NS
2008-04-30,STER.NS
2008-04-30,SUNPHARMA.NS
2008-04-30,SUZLON.NS
2008-04-30,TATACOMM.NS
2008-04-30,TATAMOTORS.NS
2008-04-30,TATAPOWER.NS
2008-04-30,TATASTEEL.NS
2008-04-30,TCS.NS
2008-04-30,UNITECH.NS
2008-04-30,WIPRO.NS
2008-04-30,ZEEL.NS
2008-05-31,ABB.NS
2008-05-31,ACC.NS
2008-05-31,AMBUJACEM.NS
2008-05-31,BHARTIARTL.NS
2008-05-31,BHEL.NS
2008-05-31,BPCL.NS
2008-05-31,CAIRN.NS
2008-05-31,CIPLA.NS
2008-05-31,DLF.NS
2008-05-31,DRREDDY.NS
2008-05-31,GAIL.NS
2008-05-31,GRASIM.NS
2008-05-31,HCLTECH.NS
2008-05-31,HDFC.NS
2008-05-31,HDFCBANK.NS
2008-05-31,HEROMOTOCO.NS
2008-05-31,HINDALCO.NS
2008-05-31,HINDUNILVR.NS
2008-05-31,ICICIBANK.NS
2008-05-31,IDEA.NS
2008-05-31,INFY.NS
2008-05-31,ITC.NS
2008-05-31,LT.NS
2008-05-31,M&M.NS
2008-05-31,MARUTI.NS
2008-05-31,NATIONALUM.NS
2008-05-31,NTPC.NS
2008-05-31,ONGC.NS
2008-05-31,PNB.NS
2008-05-31,POWERGRID.NS
2008-05-31,RANBAXY.NS
2008-05-31,RCOM.NS
2008-05-31,RELIANCE.NS
2008-05-31,RELINFRA.NS
2008-05-31,RPL.NS
2008-05-31,SAIL.NS
2008-05-31,SATYAMCOMP.NS
2008-05-31,SBIN.NS
2008-05-31,SIEMENS.NS
2008-05-31,STER.NS
2008-05-31,SUNPHARMA.NS
2008-05-31,SUZLON.NS
2008-05-31,TATACOMM.NS
2008-05-31,TATAMOTORS.NS
2008-05-31,TATAPOWER.NS
2008-05-31,TATASTEEL.NS
2008-05-31,TCS.NS
2008-05-31,UNITECH.NS
2008-05-31,WIPRO.NS
2008-05-31,ZEEL.NS
2008-06-30,ABB.NS
2008-06-30,ACC.NS
2008-06-30,AMBUJACEM.NS
2008-06-30,BHARTIARTL.NS
2008-06-30,BHEL.NS
2008-06-30,BPCL.NS
2008-06-30,CAIRN.NS
2008-06-30,CIPLA.NS
2008-06-30,DLF.NS
2008-06-30,DRREDDY.NS
2008-06-30,GAIL.NS
2008-06-30,GRASIM.NS
2008-06-30,HCLTECH.NS
2008-06-30,HDFC.NS
2008-06-30,HDFCBANK.NS
2008-06-30,HEROMOTOCO.NS
2008-06-30,HINDALCO.NS
2008-06-30,HINDUNILVR.NS
2008-06-30,ICICIBANK.NS
2008-06-30,IDEA.NS
2008-06-30,INFY.NS
2008-06-30,ITC.NS
2008-06-30,LT.NS
2008-06-30,M&M.NS
2008-06-30,MARUTI.NS
2008-06-30,NATIONALUM.NS
2008-06-30,NTPC.NS
2008-06-30,ONGC.NS
2008-06-30,PNB.NS
2008-06-30,POWERGRID.NS
2008-06-30,RANBAXY.NS
2008-06-30,RCOM.NS
2008-06-30,RELIANCE.NS
2008-06-30,RELINFRA.NS
2008-06-30,RPL.NS
2008-06-30,SAIL.NS
2008-06-30,SATYAMCOMP.NS
2008-06-30,SBIN.NS
2008-06-30,SIEMENS.NS
2008-06-30,STER.NS
2008-06-30,SUNPHARMA.NS
2008-06-30,SUZLON.NS
2008-06-30,TATACOMM.NS
2008-06-30,TATAMOTORS.NS
2008-06-30,TATAPOWER.NS
2008-06-30,TATASTEEL.NS
2008-06-30,TCS.NS
2008-06-30,UNITECH.NS
2008-06-30,WIPRO.NS
2008-06-30,ZEEL.NS
2008-07-31,ABB.NS
2008-07-31,ACC.NS
2008-07-31,AMBUJACEM.NS
2008-07-31,BHARTIARTL.NS
2008-07-31,BHEL.NS
2008-07-31,BPCL.NS
2008-07-31,CAIRN.NS
2008-07-31,CIPLA.NS
2008-07-31,DLF.NS
2008-07-31,DRREDDY.NS
2008-07-31,GAIL.NS
2008-07-31,GRASIM.NS
2008-07-31,HCLTECH.NS
2008-07-31,HDFC.NS
2008-07-31,HDFCBANK.NS
2008-07-31,HEROMOTOCO.NS
2008-07-31,HINDALCO.NS
2008-07-31,HINDUNILVR.NS
2008-07-31,ICICIBANK.NS
2008-07-31,IDEA.NS
2008-07-31,INFY.NS
2008-07-31,ITC.NS
2008-07-31,LT.NS
2008-07-31,M&M.NS
2008-07-31,MARUTI.NS
2008-07-31,NATIONALUM.NS
2008-07-31,NTPC.NS
2008-07-31,ONGC.NS
2008-07-31,PNB.NS
2008-07-31,POWERGRID.NS
2008-07-31,RANBAXY.NS
2008-07-31,RCOM.NS
2008-07-31,RELIANCE.NS
2008-07-31,RELINFRA.NS
2008-07-31,RPL.NS
2008-07-31,SAIL.NS
2008-07-31,SATYAMCOMP.NS
2008-07-31,SBIN.NS
2008-07-31,SIEMENS.NS
2008-07-31,STER.NS
2008-07-31,SUNPHARMA.NS
2008-07-31,SUZLON.NS
2008-07-31,TATACOMM.NS
2008-07-31,TATAMOTORS.NS
2008-07-31,TATAPOWER.NS
2008-07-31,TATASTEEL.NS
2008-07-31,TCS.NS
2008-07-31,UNITECH.NS
2008-07-31,WIPRO.NS
2008-07-31,ZEEL.NS
2008-08-31,ABB.NS
2008-08-31,ACC.NS
2008-08-31,AMBUJACEM.NS
2008-08-31,BHARTIARTL.NS
2008-08-31,BHEL.NS
2008-08-31,BPCL.NS
2008-08-31,CAIRN.NS
2008-08-31,CIPLA.NS
2008-08-31,DLF.NS
2008-08-31,DRREDDY.NS
2008-08-31,GAIL.NS
2008-08-31,GRASIM.NS
2008-08-31,HCLTECH.NS
2008-08-31,HDFC.NS
2008-08-31,HDFCBANK.NS
2008-08-31,HEROMOTOCO.NS
2008-08-31,HINDALCO.NS
2008-08-31,HINDUNILVR.NS
2008-08-31,ICICIBANK.NS
2008-08-31,IDEA.NS
2008-08-31,INFY.NS
2008-08-31,ITC.NS
2008-08-31,LT.NS
2008-08-31,M&M.NS
2008-08-31,MARUTI.NS
2008-08-31,NATIONALUM.NS
2008-08-31,NTPC.NS
2008-08-31,ONGC.NS
2008-08-31,PNB.NS
2008-08-31,POWERGRID.NS
2008-08-31,RANBAXY.NS
2008-08-31,RCOM.NS
2008-08-31,RELIANCE.NS
2008-08-31,RELINFRA.NS
2008-08-31,RPL.NS
2008-08-31,SAIL.NS
2008-08-31,SATYAMCOMP.NS
2008-08-31,SBIN.NS
2008-08-31,SIEMENS.NS
2008-08-31,STER.NS
2008-08-31,SUNPHARMA.NS
2008-08-31,SUZLON.NS
2008-08-31,TATACOMM.NS
2008-08-31,TATAMOTORS.NS
2008-08-31,TATAPOWER.NS
2008-08-31,TATASTEEL.NS
2008-08-31,TCS.NS
2008-08-31,UNITECH.NS
2008-08-31,WIPRO.NS
2008-08-31,ZEEL.NS
2008-10-01,ABB.NS
2008-10-01,ACC.NS
2008-10-01,AMBUJACEM.NS
2008-10-01,BHARTIARTL.NS
2008-10-01,BHEL.NS
2008-10-01,BPCL.NS
2008-10-01,CAIRN.NS
2008-10-01,CIPLA.NS
2008-10-01,DLF.NS
2008-10-01,GAIL.NS
2008-10-01,GRASIM.NS
2008-10-01,HCLTECH.NS
2008-10-01,HDFC.NS
2008-10-01,HDFCBANK.NS
2008-10-01,HEROMOTOCO.NS
2008-10-01,HINDALCO.NS
2008-10-01,HINDUNILVR.NS
2008-10-01,ICICIBANK.NS
2008-10-01,IDEA.NS
2008-10-01,INFY.NS
2008-10-01,ITC.NS
2008-10-01,LT.NS
2008-10-01,M&M.NS
2008-10-01,MARUTI.NS
2008-10-01,NATIONALUM.NS
2008-10-01,NTPC.NS
2008-10-01,ONGC.NS
2008-10-01,PNB.NS
2008-10-01,POWERGRID.NS
2008-10-01,RANBAXY.NS
2008-10-01,RCOM.NS
2008-10-01,RELIANCE.NS
2008-10-01,RELINFRA.NS
2008-10-01,RPL.NS
2008-10-01,RPOWER.NS
2008-10-01,SAIL.NS
2008-10-01,SATYAMCOMP.NS
2008-10-01,SBIN.NS
2008-10-01,SIEMENS.NS
2008-10-01,STER.NS
2008-10-01,SUNPHARMA.NS
2008-10-01,SUZLON.NS
2008-10-01,TATACOMM.NS
2008-10-01,TATAMOTORS.NS
2008-10-01,TATAPOWER.NS
2008-10-01,TATASTEEL.NS
2008-10-01,TCS.NS
2008-10-01,UNITECH.NS
2008-10-01,WIPRO.NS
2008-10-01,ZEEL.NS
2008-10-31,ABB.NS
2008-10-31,ACC.NS
2008-10-31,AMBUJACEM.NS
2008-10-31,BHARTIARTL.NS
2008-10-31,BHEL.NS
2008-10-31,BPCL.NS
2008-10-31,CAIRN.NS
2008-10-31,CIPLA.NS
2008-10-31,DLF.NS
2008-10-31,GAIL.NS
2008-10-31,GRASIM.NS
2008-10-31,HCLTECH.NS
2008-10-31,HDFC.NS
2008-10-31,HDFCBANK.NS
2008-10-31,HEROMOTOCO.NS
2008-10-31,HINDALCO.NS
2008-10-31,HINDUNILVR.NS
2008-10-31,ICICIBANK.NS
2008-10-31,IDEA.NS
2008-10-31,INFY.NS
2008-10-31,ITC.NS
2008-10-31,LT.NS
2008-10-31,M&M.NS
2008-10-31,MARUTI.NS
2008-10-31,NATIONALUM.NS
2008-10-31,NTPC.NS
2008-10-31,ONGC.NS
2008-10-31,PNB.NS
2008-10-31,POWERGRID.NS
2008-10-31,RANBAXY.NS
2008-10-31,RCOM.NS
2008-10-31,RELIANCE.NS
2008-10-31,RELINFRA.NS
2008-10-31,RPL.NS
2008-10-31,RPOWER.NS
2008-10-31,SAIL.NS
2008-10-31,SATYAMCOMP.NS
2008-10-31,SBIN.NS
2008-10-31,SIEMENS.NS
2008-10-31,STER.NS
2008-10-31,SUNPHARMA.NS
2008-10-31,SUZLON.NS
2008-10-31,TATACOMM.NS
2008-10-31,TATAMOTORS.NS
2008-10-31,TATAPOWER.NS
2008-10-31,TATASTEEL.NS
2008-10-31,TCS.NS
2008-10-31,UNITECH.NS
2008-10-31,WIPRO.NS
2008-10-31,ZEEL.NS
2008-11-30,ABB.NS
2008-11-30,ACC.NS
2008-11-30,AMBUJACEM.NS
2008-11-30,BHARTIARTL.NS
2008-11-30,BHEL.NS
2008-11-30,BPCL.NS
2008-11-30,CAIRN.NS
2008-11-30,CIPLA.NS
2008-11-30,DLF.NS
2008-11-30,GAIL.NS
2008-11-30,GRASIM.NS
2008-11-30,HCLTECH.NS
2008-11-30,HDFC.NS
2008-11-30,HDFCBANK.NS
2008-11-30,HEROMOTOCO.NS
2008-11-30,HINDALCO.NS
2008-11-30,HINDUNILVR.NS
2008-11-30,ICICIBANK.NS
2008-11-30,IDEA.NS
2008-11-30,INFY.NS
2008-11-30,ITC.NS
2008-11-30,LT.NS
2008-11-30,M&M.NS
2008-11-30,MARUTI.NS
2008-11-30,NATIONALUM.NS
2008-11-30,NTPC.NS
2008-11-30,ONGC.NS
2008-11-30,PNB.NS
2008-11-30,POWERGRID.NS
2008-11-30,RANBAXY.NS
2008-11-30,RCOM.NS
2008-11-30,RELIANCE.NS
2008-11-30,RELINFRA.NS
2008-11-30,RPL.NS
2008-11-30,RPOWER.NS
2008-11-30,SAIL.NS
2008-11-30,SATYAMCOMP.NS
2008-11-30,SBIN.NS
2008-11-30,SIEMENS.NS
2008-11-30,STER.NS
2008-11-30,SUNPHARMA.NS
2008-11-30,SUZLON.NS
2008-11-30,TATACOMM.NS
2008-11-30,TATAMOTORS.NS
2008-11-30,TATAPOWER.NS
2008-11-30,TATASTEEL.NS
2008-11-30,TCS.NS
2008-11-30,UNITECH.NS
2008-11-30,WIPRO.NS
2008-11-30,ZEEL.NS
2008-12-31,ABB.NS
2008-12-31,ACC.NS
2008-12-31,AMBUJACEM.NS
2008-12-31,BHARTIARTL.NS
2008-12-31,BHEL.NS
2008-12-31,BPCL.NS
2008-12-31,CAIRN.NS
2008-12-31,CIPLA.NS
2008-12-31,DLF.NS
2008-12-31,GAIL.NS
2008-12-31,GRASIM.NS
2008-12-31,HCLTECH.NS
2008-12-31,HDFC.NS
2008-12-31,HDFCBANK.NS
2008-12-31,HEROMOTOCO.NS
2008-12-31,HINDALCO.NS
2008-12-31,HINDUNILVR.NS
2008-12-31,ICICIBANK.NS
2008-12-31,IDEA.NS
2008-12-31,INFY.NS
2008-12-31,ITC.NS
2008-12-31,LT.NS
2008-12-31,M&M.NS
2008-12-31,MARUTI.NS
2008-12-31,NATIONALUM.NS
2008-12-31,NTPC.NS
2008-12-31,ONGC.NS
2008-12-31,PNB.NS
2008-12-31,POWERGRID.NS
2008-12-31,RANBAXY.NS
2008-12-31,RCOM.NS
2008-12-31,RELIANCE.NS
2008-12-31,RELINFRA.NS
2008-12-31,RPL.NS
2008-12-31,RPOWER.NS
2008-12-31,SAIL.NS
2008-12-31,SATYAMCOMP.NS
2008-12-31,SBIN.NS
2008-12-31,SIEMENS.NS
2008-12-31,STER.NS
2008-12-31,SUNPHARMA.NS
2008-12-31,SUZLON.NS
2008-12-31,TATACOMM.NS
2008-12-31,TATAMOTORS.NS
2008-12-31,TATAPOWER.NS
2008-12-31,TATASTEEL.NS
2008-12-31,TCS.NS
2008-12-31,UNITECH.NS
2008-12-31,WIPRO.NS
2008-12-31,ZEEL.NS
2009-01-12,ABB.NS
2009-01-12,ACC.NS
2009-01-12,AMBUJACEM.NS
2009-01-12,BHARTIARTL.NS
2009-01-12,BHEL.NS
2009-01-12,BPCL.NS
2009-01-12,CAIRN.NS
2009-01-12,CIPLA.NS
2009-01-12,DLF.NS
2009-01-12,GAIL.NS
2009-01-12,GRASIM.NS
2009-01-12,HCLTECH.NS
2009-01-12,HDFC.NS
2009-01-12,HDFCBANK.NS
2009-01-12,HEROMOTOCO.NS
2009-01-12,HINDALCO.NS
2009-01-12,HINDUNILVR.NS
2009-01-12,ICICIBANK.NS
2009-01-12,IDEA.NS
2009-01-12,INFY.NS
2009-01-12,ITC.NS
2009-01-12,LT.NS
2009-01-12,M&M.NS
2009-01-12,MARUTI.NS
2009-01-12,NATIONALUM.NS
2009-01-12,NTPC.NS
2009-01-12,ONGC.NS
2009-01-12,PNB.NS
2009-01-12,POWERGRID.NS
2009-01-12,RANBAXY.NS
2009-01-12,RCOM.NS
2009-01-12,RELCAPITAL.NS
2009-01-12,RELIANCE.NS
2009-01-12,RELINFRA.NS
2009-01-12,RPL.NS
2009-01-12,RPOWER.NS
2009-01-12,SAIL.NS
2009-01-12,SBIN.NS
2009-01-12,SIEMENS.NS
2009-01-12,STER.NS
2009-01-12,SUNPHARMA.NS
2009-01-12,SUZLON.NS
2009-01-12,TATACOMM.NS
2009-01-12,TATAMOTORS.NS
2009-01-12,TATAPOWER.NS
2009-01-12,TATASTEEL.NS
2009-01-12,TCS.NS
2009-01-12,UNITECH.NS
2009-01-12,WIPRO.NS
2009-01-12,ZEEL.NS
2009-01-31,ABB.NS
2009-01-31,ACC.NS
2009-01-31,AMBUJACEM.NS
2009-01-31,BHARTIARTL.NS
2009-01-31,BHEL.NS
2009-01-31,BPCL.NS
2009-01-31,CAIRN.NS
2009-01-31,CIPLA.NS
2009-01-31,DLF.NS
2009-01-31,GAIL.NS
2009-01-31,GRASIM.NS
2009-01-31,HCLTECH.NS
2009-01-31,HDFC.NS
2009-01-31,HDFCBANK.NS
2009-01-31,HEROMOTOCO.NS
2009-01-31,HINDALCO.NS
2009-01-31,HINDUNILVR.NS
2009-01-31,ICICIBANK.NS
2009-01-31,IDEA.NS
2009-01-31,INFY.NS
2009-01-31,ITC.NS
2009-01-31,LT.NS
2009-01-31,M&M.NS
2009-01-31,MARUTI.NS
2009-01-31,NATIONALUM.NS
2009-01-31,NTPC.NS
2009-01-31,ONGC.NS
2009-01-31,PNB.NS
2009-01-31,POWERGRID.NS
2009-01-31,RANBAXY.NS
2009-01-31,RCOM.NS
2009-01-31,RELCAPITAL.NS
2009-01-31,RELIANCE.NS
2009-01-31,RELINFRA.NS
2009-01-31,RPL.NS
2009-01-31,RPOWER.NS
2009-01-31,SAIL.NS
2009-01-31,SBIN.NS
2009-01-31,SIEMENS.NS
2009-01-31,STER.NS
2009-01-31,SUNPHARMA.NS
2009-01-31,SUZLON.NS
2009-01-31,TATACOMM.NS
2009-01-31,TATAMOTORS.NS
2009-01-31,TATAPOWER.NS
2009-01-31,TATASTEEL.NS
2009-01-31,TCS.NS
2009-01-31,UNITECH.NS
2009-01-31,WIPRO.NS
2009-01-31,ZEEL.NS
2009-02-28,ABB.NS
2009-02-28,ACC.NS
2009-02-28,AMBUJACEM.NS
2009-02-28,BHARTIARTL.NS
2009-02-28,BHEL.NS
2009-02-28,BPCL.NS
2009-02-28,CAIRN.NS
2009-02-28,CIPLA.NS
2009-02-28,DLF.NS
2009-02-28,GAIL.NS
2009-02-28,GRASIM.NS
2009-02-28,HCLTECH.NS
2009-02-28,HDFC.NS
2009-02-28,HDFCBANK.NS
2009-02-28,HEROMOTOCO.NS
2009-02-28,HINDALCO.NS
2009-02-28,HINDUNILVR.NS
2009-02-28,ICICIBANK.NS
2009-02-28,IDEA.NS
2009-02-28,INFY.NS
2009-02-28,ITC.NS
2009-02-28,LT.NS
2009-02-28,M&M.NS
2009-02-28,MARUTI.NS
2009-02-28,NATIONALUM.NS
2009-02-28,NTPC.NS
2009-02-28,ONGC.NS
2009-02-28,PNB.NS
2009-02-28,POWERGRID.NS
2009-02-28,RANBAXY.NS
2009-02-28,RCOM.NS
2009-02-28,RELCAPITAL.NS
2009-02-28,RELIANCE.NS
2009-02-28,RELINFRA.NS
2009-02-28,RPL.NS
2009-02-28,RPOWER.NS
2009-02-28,SAIL.NS
2009-02-28,SBIN.NS
2009-02-28,SIEMENS.NS
2009-02-28,STER.NS
2009-02-28,SUNPHARMA.NS
2009-02-28,SUZLON.NS
2009-02-28,TATACOMM.NS
2009-02-28,TATAMOTORS.NS
2009-02-28,TATAPOWER.NS
2009-02-28,TATASTEEL.NS
2009-02-28,TCS.NS
2009-02-28,UNITECH.NS
2009-02-28,WIPRO.NS
2009-02-28,ZEEL.NS
2009-04-01,ABB.NS
2009-04-01,ACC.NS
2009-04-01,AMBUJACEM.NS
2009-04-01,AXISBANK.NS
2009-04-01,BHARTIARTL.NS
2009-04-01,BHEL.NS
2009-04-01,BPCL.NS
2009-04-01,CAIRN.NS
2009-04-01,CIPLA.NS
2009-04-01,DLF.NS
2009-04-01,GAIL.NS
2009-04-01,GRASIM.NS
2009-04-01,HCLTECH.NS
2009-04-01,HDFC.NS
2009-04-01,HDFCBANK.NS
2009-04-01,HEROMOTOCO.NS
2009-04-01,HINDALCO.NS
2009-04-01,HINDUNILVR.NS
2009-04-01,ICICIBANK.NS
2009-04-01,IDEA.NS
2009-04-01,INFY.NS
2009-04-01,ITC.NS
2009-04-01,LT.NS
2009-04-01,M&M.NS
2009-04-01,MARUTI.NS
2009-04-01,NATIONALUM.NS
2009-04-01,NTPC.NS
2009-04-01,ONGC.NS
2009-04-01,PNB.NS
2009-04-01,POWERGRID.NS
2009-04-01,RANBAXY.NS
2009-04-01,RCOM.NS
2009-04-01,RELCAPITAL.NS
2009-04-01,RELIANCE.NS
2009-04-01,RELINFRA.NS
2009-04-01,RPL.NS
2009-04-01,RPOWER.NS
2009-04-01,SAIL.NS
2009-04-01,SBIN.NS
2009-04-01,SIEMENS.NS
2009-04-01,STER.NS
2009-04-01,SUNPHARMA.NS
2009-04-01,SUZLON.NS
2009-04-01,TATACOMM.NS
2009-04-01,TATAMOTORS.NS
2009-04-01,TATAPOWER.NS
2009-04-01,TATASTEEL.NS
2009-04-01,TCS.NS
2009-04-01,UNITECH.NS
2009-04-01,WIPRO.NS
2009-04-30,ABB.NS
2009-04-30,ACC.NS
2009-04-30,AMBUJACEM.NS
2009-04-30,AXISBANK.NS
2009-04-30,BHARTIARTL.NS
2009-04-30,BHEL.NS
2009-04-30,BPCL.NS
2009-04-30,CAIRN.NS
2009-04-30,CIPLA.NS
2009-04-30,DLF.NS
2009-04-30,GAIL.NS
2009-04-30,GRASIM.NS
2009-04-30,HCLTECH.NS
2009-04-30,HDFC.NS
2009-04-30,HDFCBANK.NS
2009-04-30,HEROMOTOCO.NS
2009-04-30,HINDALCO.NS
2009-04-30,HINDUNILVR.NS
2009-04-30,ICICIBANK.NS
2009-04-30,IDEA.NS
2009-04-30,INFY.NS
2009-04-30,ITC.NS
2009-04-30,LT.NS
2009-04-30,M&M.NS
2009-04-30,MARUTI.NS
2009-04-30,NATIONALUM.NS
2009-04-30,NTPC.NS
2009-04-30,ONGC.NS
2009-04-30,PNB.NS
2009-04-30,POWERGRID.NS
2009-04-30,RANBAXY.NS
2009-04-30,RCOM.NS
2009-04-30,RELCAPITAL.NS
2009-04-30,RELIANCE.NS
2009-04-30,RELINFRA.NS
2009-04-30,RPL.NS
2009-04-30,RPOWER.NS
2009-04-30,SAIL.NS
2009-04-30,SBIN.NS
2009-04-30,SIEMENS.NS
2009-04-30,STER.NS
2009-04-30,SUNPHARMA.NS
2009-04-30,SUZLON.NS
2009-04-30,TATACOMM.NS
2009-04-30,TATAMOTORS.NS
2009-04-30,TATAPOWER.NS
2009-04-30,TATASTEEL.NS
2009-04-30,TCS.NS
2009-04-30,UNITECH.NS
2009-04-30,WIPRO.NS
2009-05-31,ABB.NS
2009-05-31,ACC.NS
2009-05-31,AMBUJACEM.NS
2009-05-31,AXISBANK.NS
2009-05-31,BHARTIARTL.NS
2009-05-31,BHEL.NS
2009-05-31,BPCL.NS
2009-05-31,CAIRN.NS
2009-05-31,CIPLA.NS
2009-05-31,DLF.NS
2009-05-31,GAIL.NS
2009-05-31,GRASIM.NS
2009-05-31,HCLTECH.NS
2009-05-31,HDFC.NS
2009-05-31,HDFCBANK.NS
2009-05-31,HEROMOTOCO.NS
2009-05-31,HINDALCO.NS
2009-05-31,HINDUNILVR.NS
2009-05-31,ICICIBANK.NS
2009-05-31,IDEA.NS
2009-05-31,INFY.NS
2009-05-31,ITC.NS
2009-05-31,LT.NS
2009-05-31,M&M.NS
2009-05-31,MARUTI.NS
2009-05-31,NATIONALUM.NS
2009-05-31,NTPC.NS
2009-05-31,ONGC.NS
2009-05-31,PNB.NS
2009-05-31,POWERGRID.NS
2009-05-31,RANBAXY.NS
2009-05-31,RCOM.NS
2009-05-31,RELCAPITAL.NS
2009-05-31,RELIANCE.NS
2009-05-31,RELINFRA.NS
2009-05-31,RPL.NS
2009-05-31,RPOWER.NS
2009-05-31,SAIL.NS
2009-05-31,SBIN.NS
2009-05-31,SIEMENS.NS
2009-05-31,STER.NS
2009-05-31,SUNPHARMA.NS
2009-05-31,SUZLON.NS
2009-05-31,TATACOMM.NS
2009-05-31,TATAMOTORS.NS
2009-05-31,TATAPOWER.NS
2009-05-31,TATASTEEL.NS
2009-05-31,TCS.NS
2009-05-31,UNITECH.NS
2009-05-31,WIPRO.NS
2009-06-17,ABB.NS
2009-06-17,ACC.NS
2009-06-17,AMBUJACEM.NS
2009-06-17,AXISBANK.NS
2009-06-17,BHARTIARTL.NS
2009-06-17,BHEL.NS
2009-06-17,BPCL.NS
2009-06-17,CAIRN.NS
2009-06-17,CIPLA.NS
2009-06-17,DLF.NS
2009-06-17,GAIL.NS
2009-06-17,GRASIM.NS
2009-06-17,HCLTECH.NS
2009-06-17,HDFC.NS
2009-06-17,HDFCBANK.NS
2009-06-17,HEROMOTOCO.NS
2009-06-17,HINDALCO.NS
2009-06-17,HINDUNILVR.NS
2009-06-17,ICICIBANK.NS
2009-06-17,IDEA.NS
2009-06-17,INFY.NS
2009-06-17,ITC.NS
2009-06-17,JINDALSTEL.NS
2009-06-17,LT.NS
2009-06-17,M&M.NS
2009-06-17,MARUTI.NS
2009-06-17,NATIONALUM.NS
2009-06-17,NTPC.NS
2009-06-17,ONGC.NS
2009-06-17,PNB.NS
2009-06-17,POWERGRID.NS
2009-06-17,RANBAXY.NS
2009-06-17,RCOM.NS
2009-06-17,RELCAPITAL.NS
2009-06-17,RELIANCE.NS
2009-06-17,RELINFRA.NS
2009-06-17,RPOWER.NS
2009-06-17,SAIL.NS
2009-06-17,SBIN.NS
2009-06-17,SIEMENS.NS
2009-06-17,STER.NS
2009-06-17,SUNPHARMA.NS
2009-06-17,SUZLON.NS
2009-06-17,TATACOMM.NS
2009-06-17,TATAMOTORS.NS
2009-06-17,TATAPOWER.NS
2009-06-17,TATASTEEL.NS
2009-06-17,TCS.NS
2009-06-17,UNITECH.NS
2009-06-17,WIPRO.NS
2009-07-31,ABB.NS
2009-07-31,ACC.NS
2009-07-31,AMBUJACEM.NS
2009-07-31,AXISBANK.NS
2009-07-31,BHARTIARTL.NS
2009-07-31,BHEL.NS
2009-07-31,BPCL.NS
2009-07-31,CAIRN.NS
2009-07-31,CIPLA.NS
2009-07-31,DLF.NS
2009-07-31,GAIL.NS
2009-07-31,GRASIM.NS
2009-07-31,HCLTECH.NS
2009-07-31,HDFC.NS
2009-07-31,HDFCBANK.NS
2009-07-31,HEROMOTOCO.NS
2009-07-31,HINDALCO.NS
2009-07-31,HINDUNILVR.NS
2009-07-31,ICICIBANK.NS
2009-07-31,IDEA.NS
2009-07-31,INFY.NS
2009-07-31,ITC.NS
2009-07-31,JINDALSTEL.NS
2009-07-31,LT.NS
2009-07-31,M&M.NS
2009-07-31,MARUTI.NS
2009-07-31,NATIONALUM.NS
2009-07-31,NTPC.NS
2009-07-31,ONGC.NS
2009-07-31,PNB.NS
2009-07-31,POWERGRID.NS
2009-07-31,RANBAXY.NS
2009-07-31,RCOM.NS
2009-07-31,RELCAPITAL.NS
2009-07-31,RELIANCE.NS
2009-07-31,RELINFRA.NS
2009-07-31,RPOWER.NS
2009-07-31,SAIL.NS
2009-07-31,SBIN.NS
2009-07-31,SIEMENS.NS
2009-07-31,STER.NS
2009-07-31,SUNPHARMA.NS
2009-07-31,SUZLON.NS
2009-07-31,TATACOMM.NS
2009-07-31,TATAMOTORS.NS
2009-07-31,TATAPOWER.NS
2009-07-31,TATASTEEL.NS
2009-07-31,TCS.NS
2009-07-31,UNITECH.NS
2009-07-31,WIPRO.NS
2009-08-30,ABB.NS
2009-08-30,ACC.NS
2009-08-30,AMBUJACEM.NS
2009-08-30,AXISBANK.NS
2009-08-30,BHARTIARTL.NS
2009-08-30,BHEL.NS
2009-08-30,BPCL.NS
2009-08-30,CAIRN.NS
2009-08-30,CIPLA.NS
2009-08-30,DLF.NS
2009-08-30,GAIL.NS
2009-08-30,GRASIM.NS
2009-08-30,HCLTECH.NS
2009-08-30,HDFC.NS
2009-08-30,HDFCBANK.NS
2009-08-30,HEROMOTOCO.NS
2009-08-30,HINDALCO.NS
2009-08-30,HINDUNILVR.NS
2009-08-30,ICICIBANK.NS
2009-08-30,IDEA.NS
2009-08-30,INFY.NS
2009-08-30,ITC.NS
2009-08-30,JINDALSTEL.NS
2009-08-30,LT.NS
2009-08-30,M&M.NS
2009-08-30,MARUTI.NS
2009-08-30,NATIONALUM.NS
2009-08-30,NTPC.NS
2009-08-30,ONGC.NS
2009-08-30,PNB.NS
2009-08-30,POWERGRID.NS
2009-08-30,RANBAXY.NS
2009-08-30,RCOM.NS
2009-08-30,RELCAPITAL.NS
2009-08-30,RELIANCE.NS
2009-08-30,RELINFRA.NS
2009-08-30,RPOWER.NS
2009-08-30,SAIL.NS
2009-08-30,SBIN.NS
2009-08-30,SIEMENS.NS
2009-08-30,STER.NS
2009-08-30,SUNPHARMA.NS
2009-08-30,SUZLON.NS
2009-08-30,TATACOMM.NS
2009-08-30,TATAMOTORS.NS
2009-08-30,TATAPOWER.NS
2009-08-30,TATASTEEL.NS
2009-08-30,TCS.NS
2009-08-30,UNITECH.NS
2009-08-30,WIPRO.NS
2009-10-01,ABB.NS
2009-10-01,ACC.NS
2009-10-01,AMBUJACEM.NS
2009-10-01,AXISBANK.NS
2009-10-01,BHARTIARTL.NS
2009-10-01,BHEL.NS
2009-10-01,BPCL.NS
2009-10-01,CAIRN.NS
2009-10-01,CIPLA.NS
2009-10-01,DLF.NS
2009-10-01,GAIL.NS
2009-10-01,GRASIM.NS
2009-10-01,HCLTECH.NS
2009-10-01,HDFC.NS
2009-10-01,HDFCBANK.NS
2009-10-01,HEROMOTOCO.NS
2009-10-01,HINDALCO.NS
2009-10-01,HINDUNILVR.NS
2009-10-01,ICICIBANK.NS
2009-10-01,IDEA.NS
2009-10-01,IDFC.NS
2009-10-01,INFY.NS
2009-10-01,ITC.NS
2009-10-01,JINDALSTEL.NS
2009-10-01,JPASSOCIAT.NS
2009-10-01,LT.NS
2009-10-01,M&M.NS
2009-10-01,MARUTI.NS
2009-10-01,NTPC.NS
2009-10-01,ONGC.NS
2009-10-01,PNB.NS
2009-10-01,POWERGRID.NS
2009-10-01,RANBAXY.NS
2009-10-01,RCOM.NS
2009-10-01,RELCAPITAL.NS
2009-10-01,RELIANCE.NS
2009-10-01,RELINFRA.NS
2009-10-01,RPOWER.NS
2009-10-01,SAIL.NS
2009-10-01,SBIN.NS
2009-10-01,SIEMENS.NS
2009-10-01,STER.NS
2009-10-01,SUNPHARMA.NS
2009-10-01,SUZLON.NS
2009-10-01,TATAMOTORS.NS
2009-10-01,TATAPOWER.NS
2009-10-01,TATASTEEL.NS
2009-10-01,TCS.NS
2009-10-01,UNITECH.NS
2009-10-01,WIPRO.NS
2009-10-31,ABB.NS
2009-10-31,ACC.NS
2009-10-31,AMBUJACEM.NS
2009-10-31,AXISBANK.NS
2009-10-31,BHARTIARTL.NS
2009-10-31,BHEL.NS
2009-10-31,BPCL.NS
2009-10-31,CAIRN.NS
2009-10-31,CIPLA.NS
2009-10-31,DLF.NS
2009-10-31,GAIL.NS
2009-10-31,GRASIM.NS
2009-10-31,HCLTECH.NS
2009-10-31,HDFC.NS
2009-10-31,HDFCBANK.NS
2009-10-31,HEROMOTOCO.NS
2009-10-31,HINDALCO.NS
2009-10-31,HINDUNILVR.NS
2009-10-31,ICICIBANK.NS
2009-10-31,IDEA.NS
2009-10-31,IDFC.NS
2009-10-31,INFY.NS
2009-10-31,ITC.NS
2009-10-31,JINDALSTEL.NS
2009-10-31,JPASSOCIAT.NS
2009-10-31,LT.NS
2009-10-31,M&M.NS
2009-10-31,MARUTI.NS
2009-10-31,NTPC.NS
2009-10-31,ONGC.NS
2009-10-31,PNB.NS
2009-10-31,POWERGRID.NS
2009-10-31,RANBAXY.NS
2009-10-31,RCOM.NS
2009-10-31,RELCAPITAL.NS
2009-10-31,RELIANCE.NS
2009-10-31,RELINFRA.NS
2009-10-31,RPOWER.NS
2009-10-31,SAIL.NS
2009-10-31,SBIN.NS
2009-10-31,SIEMENS.NS
2009-10-31,STER.NS
2009-10-31,SUNPHARMA.NS
2009-10-31,SUZLON.NS
2009-10-31,TATAMOTORS.NS
2009-10-31,TATAPOWER.NS
2009-10-31,TATASTEEL.NS
2009-10-31,TCS.NS
2009-10-31,UNITECH.NS
2009-10-31,WIPRO.NS
2009-11-30,ABB.NS
2009-11-30,ACC.NS
2009-11-30,AMBUJACEM.NS
2009-11-30,AXISBANK.NS
2009-11-30,BHARTIARTL.NS
2009-11-30,BHEL.NS
2009-11-30,BPCL.NS
2009-11-30,CAIRN.NS
2009-11-30,CIPLA.NS
2009-11-30,DLF.NS
2009-11-30,GAIL.NS
2009-11-30,GRASIM.NS
2009-11-30,HCLTECH.NS
2009-11-30,HDFC.NS
2009-11-30,HDFCBANK.NS
2009-11-30,HEROMOTOCO.NS
2009-11-30,HINDALCO.NS
2009-11-30,HINDUNILVR.NS
2009-11-30,ICICIBANK.NS
2009-11-30,IDEA.NS
2009-11-30,IDFC.NS
2009-11-30,INFY.NS
2009-11-30,ITC.NS
2009-11-30,JINDALSTEL.NS
2009-11-30,JPASSOCIAT.NS
2009-11-30,LT.NS
2009-11-30,M&M.NS
2009-11-30,MARUTI.NS
2009-11-30,NTPC.NS
2009-11-30,ONGC.NS
2009-11-30,PNB.NS
2009-11-30,POWERGRID.NS
2009-11-30,RANBAXY.NS
2009-11-30,RCOM.NS
2009-11-30,RELCAPITAL.NS
2009-11-30,RELIANCE.NS
2009-11-30,RELINFRA.NS
2009-11-30,RPOWER.NS
2009-11-30,SAIL.NS
2009-11-30,SBIN.NS
2009-11-30,SIEMENS.NS
2009-11-30,STER.NS
2009-11-30,SUNPHARMA.NS
2009-11-30,SUZLON.NS
2009-11-30,TATAMOTORS.NS
2009-11-30,TATAPOWER.NS
2009-11-30,TATASTEEL.NS
2009-11-30,TCS.NS
2009-11-30,UNITECH.NS
2009-11-30,WIPRO.NS
2009-12-31,ABB.NS
2009-12-31,ACC.NS
2009-12-31,AMBUJACEM.NS
2009-12-31,AXISBANK.NS
2009-12-31,BHARTIARTL.NS
2009-12-31,BHEL.NS
2009-12-31,BPCL.NS
2009-12-31,CAIRN.NS
2009-12-31,CIPLA.NS
2009-12-31,DLF.NS
2009-12-31,GAIL.NS
2009-12-31,GRASIM.NS
2009-12-31,HCLTECH.NS
2009-12-31,HDFC.NS
2009-12-31,HDFCBANK.NS
2009-12-31,HEROMOTOCO.NS
2009-12-31,HINDALCO.NS
2009-12-31,HINDUNILVR.NS
2009-12-31,ICICIBANK.NS
2009-12-31,IDEA.NS
2009-12-31,IDFC.NS
2009-12-31,INFY.NS
2009-12-31,ITC.NS
2009-12-31,JINDALSTEL.NS
2009-12-31,JPASSOCIAT.NS
2009-12-31,LT.NS
2009-12-31,M&M.NS
2009-12-31,MARUTI.NS
2009-12-31,NTPC.NS
2009-12-31,ONGC.NS
2009-12-31,PNB.NS
2009-12-31,POWERGRID.NS
2009-12-31,RANBAXY.NS
2009-12-31,RCOM.NS
2009-12-31,RELCAPITAL.NS
2009-12-31,RELIANCE.NS
2009-12-31,RELINFRA.NS
2009-12-31,RPOWER.NS
2009-12-31,SAIL.NS
2009-12-31,SBIN.NS
2009-12-31,SIEMENS.NS
2009-12-31,STER.NS
2009-12-31,SUNPHARMA.NS
2009-12-31,SUZLON.NS
2009-12-31,TATAMOTORS.NS
2009-12-31,TATAPOWER.NS
2009-12-31,TATASTEEL.NS
2009-12-31,TCS.NS
2009-12-31,UNITECH.NS
2009-12-31,WIPRO.NS
2010-01-31,ABB.NS
2010-01-31,ACC.NS
2010-01-31,AMBUJACEM.NS
2010-01-31,AXISBANK.NS
2010-01-31,BHARTIARTL.NS
2010-01-31,BHEL.NS
2010-01-31,BPCL.NS
2010-01-31,CAIRN.NS
2010-01-31,CIPLA.NS
2010-01-31,DLF.NS
2010-01-31,GAIL.NS
2010-01-31,GRASIM.NS
2010-01-31,HCLTECH.NS
2010-01-31,HDFC.NS
2010-01-31,HDFCBANK.NS
2010-01-31,HEROMOTOCO.NS
2010-01-31,HINDALCO.NS
2010-01-31,HINDUNILVR.NS
2010-01-31,ICICIBANK.NS
2010-01-31,IDEA.NS
2010-01-31,IDFC.NS
2010-01-31,INFY.NS
2010-01-31,ITC.NS
2010-01-31,JINDALSTEL.NS
2010-01-31,JPASSOCIAT.NS
2010-01-31,LT.NS
2010-01-31,M&M.NS
2010-01-31,MARUTI.NS
2010-01-31,NTPC.NS
2010-01-31,ONGC.NS
2010-01-31,PNB.NS
2010-01-31,POWERGRID.NS
2010-01-31,RANBAXY.NS
2010-01-31,RCOM.NS
2010-01-31,RELCAPITAL.NS
2010-01-31,RELIANCE.NS
2010-01-31,RELINFRA.NS
2010-01-31,RPOWER.NS
2010-01-31,SAIL.NS
2010-01-31,SBIN.NS
2010-01-31,SIEMENS.NS
2010-01-31,STER.NS
2010-01-31,SUNPHARMA.NS
2010-01-31,SUZLON.NS
2010-01-31,TATAMOTORS.NS
2010-01-31,TATAPOWER.NS
2010-01-31,TATASTEEL.NS
2010-01-31,TCS.NS
2010-01-31,UNITECH.NS
2010-01-31,WIPRO.NS
2010-02-28,ABB.NS
2010-02-28,ACC.NS
2010-02-28,AMBUJACEM.NS
2010-02-28,AXISBANK.NS
2010-02-28,BHARTIARTL.NS
2010-02-28,BHEL.NS
2010-02-28,BPCL.NS
2010-02-28,CAIRN.NS
2010-02-28,CIPLA.NS
2010-02-28,DLF.NS
2010-02-28,GAIL.NS
2010-02-28,GRASIM.NS
2010-02-28,HCLTECH.NS
2010-02-28,HDFC.NS
2010-02-28,HDFCBANK.NS
2010-02-28,HEROMOTOCO.NS
2010-02-28,HINDALCO.NS
2010-02-28,HINDUNILVR.NS
2010-02-28,ICICIBANK.NS
2010-02-28,IDEA.NS
2010-02-28,IDFC.NS
2010-02-28,INFY.NS
2010-02-28,ITC.NS
2010-02-28,JINDALSTEL.NS
2010-02-28,JPASSOCIAT.NS
2010-02-28,LT.NS
2010-02-28,M&M.NS
2010-02-28,MARUTI.NS
2010-02-28,NTPC.NS
2010-02-28,ONGC.NS
2010-02-28,PNB.NS
2010-02-28,POWERGRID.NS
2010-02-28,RANBAXY.NS
2010-02-28,RCOM.NS
2010-02-28,RELCAPITAL.NS
2010-02-28,RELIANCE.NS
2010-02-28,RELINFRA.NS
2010-02-28,RPOWER.NS
2010-02-28,SAIL.NS
2010-02-28,SBIN.NS
2010-02-28,SIEMENS.NS
2010-02-28,STER.NS
2010-02-28,SUNPHARMA.NS
2010-02-28,SUZLON.NS
2010-02-28,TATAMOTORS.NS
2010-02-28,TATAPOWER.NS
2010-02-28,TATASTEEL.NS
2010-02-28,TCS.NS
2010-02-28,UNITECH.NS
2010-02-28,WIPRO.NS
2010-04-01,ABB.NS
2010-04-01,ACC.NS
2010-04-01,AMBUJACEM.NS
2010-04-01,AXISBANK.NS
2010-04-01,BHARTIARTL.NS
2010-04-01,BHEL.NS
2010-04-01,BPCL.NS
2010-04-01,CAIRN.NS
2010-04-01,CIPLA.NS
2010-04-01,DLF.NS
2010-04-01,GAIL.NS
2010-04-01,HCLTECH.NS
2010-04-01,HDFC.NS
2010-04-01,HDFCBANK.NS
2010-04-01,HEROMOTOCO.NS
2010-04-01,HINDALCO.NS
2010-04-01,HINDUNILVR.NS
2010-04-01,ICICIBANK.NS
2010-04-01,IDEA.NS
2010-04-01,IDFC.NS
2010-04-01,INFY.NS
2010-04-01,ITC.NS
2010-04-01,JINDALSTEL.NS
2010-04-01,JPASSOCIAT.NS
2010-04-01,KOTAKBANK.NS
2010-04-01,LT.NS
2010-04-01,M&M.NS
2010-04-01,MARUTI.NS
2010-04-01,NTPC.NS
2010-04-01,ONGC.NS
2010-04-01,PNB.NS
2010-04-01,POWERGRID.NS
2010-04-01,RANBAXY.NS
2010-04-01,RCOM.NS
2010-04-01,RELCAPITAL.NS
2010-04-01,RELIANCE.NS
2010-04-01,RELINFRA.NS
2010-04-01,RPOWER.NS
2010-04-01,SAIL.NS
2010-04-01,SBIN.NS
2010-04-01,SIEMENS.NS
2010-04-01,STER.NS
2010-04-01,SUNPHARMA.NS
2010-04-01,SUZLON.NS
2010-04-01,TATAMOTORS.NS
2010-04-01,TATAPOWER.NS
2010-04-01,TATASTEEL.NS
2010-04-01,TCS.NS
2010-04-01,UNITECH.NS
2010-04-01,WIPRO.NS
2010-04-30,ABB.NS
2010-04-30,ACC.NS
2010-04-30,AMBUJACEM.NS
2010-04-30,AXISBANK.NS
2010-04-30,BHARTIARTL.NS
2010-04-30,BHEL.NS
2010-04-30,BPCL.NS
2010-04-30,CAIRN.NS
2010-04-30,CIPLA.NS
2010-04-30,DLF.NS
2010-04-30,GAIL.NS
2010-04-30,HCLTECH.NS
2010-04-30,HDFC.NS
2010-04-30,HDFCBANK.NS
2010-04-30,HEROMOTOCO.NS
2010-04-30,HINDALCO.NS
2010-04-30,HINDUNILVR.NS
2010-04-30,ICICIBANK.NS
2010-04-30,IDEA.NS
2010-04-30,IDFC.NS
2010-04-30,INFY.NS
2010-04-30,ITC.NS
2010-04-30,JINDALSTEL.NS
2010-04-30,JPASSOCIAT.NS
2010-04-30,KOTAKBANK.NS
2010-04-30,LT.NS
2010-04-30,M&M.NS
2010-04-30,MARUTI.NS
2010-04-30,NTPC.NS
2010-04-30,ONGC.NS
2010-04-30,PNB.NS
2010-04-30,POWERGRID.NS
2010-04-30,RANBAXY.NS
2010-04-30,RCOM.NS
2010-04-30,RELCAPITAL.NS
2010-04-30,RELIANCE.NS
2010-04-30,RELINFRA.NS
2010-04-30,RPOWER.NS
2010-04-30,SAIL.NS
2010-04-30,SBIN.NS
2010-04-30,SIEMENS.NS
2010-04-30,STER.NS
2010-04-30,SUNPHARMA.NS
2010-04-30,SUZLON.NS
2010-04-30,TATAMOTORS.NS
2010-04-30,TATAPOWER.NS
2010-04-30,TATASTEEL.NS
2010-04-30,TCS.NS
2010-04-30,UNITECH.NS
2010-04-30,WIPRO.NS
2010-05-31,ABB.NS
2010-05-31,ACC.NS
2010-05-31,AMBUJACEM.NS
2010-05-31,AXISBANK.NS
2010-05-31,BHARTIARTL.NS
2010-05-31,BHEL.NS
2010-05-31,BPCL.NS
2010-05-31,CAIRN.NS
2010-05-31,CIPLA.NS
2010-05-31,DLF.NS
2010-05-31,GAIL.NS
2010-05-31,HCLTECH.NS
2010-05-31,HDFC.NS
2010-05-31,HDFCBANK.NS
2010-05-31,HEROMOTOCO.NS
2010-05-31,HINDALCO.NS
2010-05-31,HINDUNILVR.NS
2010-05-31,ICICIBANK.NS
2010-05-31,IDEA.NS
2010-05-31,IDFC.NS
2010-05-31,INFY.NS
2010-05-31,ITC.NS
2010-05-31,JINDALSTEL.NS
2010-05-31,JPASSOCIAT.NS
2010-05-31,KOTAKBANK.NS
2010-05-31,LT.NS
2010-05-31,M&M.NS
2010-05-31,MARUTI.NS
2010-05-31,NTPC.NS
2010-05-31,ONGC.NS
2010-05-31,PNB.NS
2010-05-31,POWERGRID.NS
2010-05-31,RANBAXY.NS
2010-05-31,RCOM.NS
2010-05-31,RELCAPITAL.NS
2010-05-31,RELIANCE.NS
2010-05-31,RELINFRA.NS
2010-05-31,RPOWER.NS
2010-05-31,SAIL.NS
2010-05-31,SBIN.NS
2010-05-31,SIEMENS.NS
2010-05-31,STER.NS
2010-05-31,SUNPHARMA.NS
2010-05-31,SUZLON.NS
2010-05-31,TATAMOTORS.NS
2010-05-31,TATAPOWER.NS
2010-05-31,TATASTEEL.NS
2010-05-31,TCS.NS
2010-05-31,UNITECH.NS
2010-05-31,WIPRO.NS
2010-06-30,ABB.NS
2010-06-30,ACC.NS
2010-06-30,AMBUJACEM.NS
2010-06-30,AXISBANK.NS
2010-06-30,BHARTIARTL.NS
2010-06-30,BHEL.NS
2010-06-30,BPCL.NS
2010-06-30,CAIRN.NS
2010-06-30,CIPLA.NS
2010-06-30,DLF.NS
2010-06-30,GAIL.NS
2010-06-30,HCLTECH.NS
2010-06-30,HDFC.NS
2010-06-30,HDFCBANK.NS
2010-06-30,HEROMOTOCO.NS
2010-06-30,HINDALCO.NS
2010-06-30,HINDUNILVR.NS
2010-06-30,ICICIBANK.NS
2010-06-30,IDEA.NS
2010-06-30,IDFC.NS
2010-06-30,INFY.NS
2010-06-30,ITC.NS
2010-06-30,JINDALSTEL.NS
2010-06-30,JPASSOCIAT.NS
2010-06-30,KOTAKBANK.NS
2010-06-30,LT.NS
2010-06-30,M&M.NS
2010-06-30,MARUTI.NS
2010-06-30,NTPC.NS
2010-06-30,ONGC.NS
2010-06-30,PNB.NS
2010-06-30,POWERGRID.NS
2010-06-30,RANBAXY.NS
2010-06-30,RCOM.NS
2010-06-30,RELCAPITAL.NS
2010-06-30,RELIANCE.NS
2010-06-30,RELINFRA.NS
2010-06-30,RPOWER.NS
2010-06-30,SAIL.NS
2010-06-30,SBIN.NS
2010-06-30,SIEMENS.NS
2010-06-30,STER.NS
2010-06-30,SUNPHARMA.NS
2010-06-30,SUZLON.NS
2010-06-30,TATAMOTORS.NS
2010-06-30,TATAPOWER.NS
2010-06-30,TATASTEEL.NS
2010-06-30,TCS.NS
2010-06-30,UNITECH.NS
2010-06-30,WIPRO.NS
2010-07-31,ABB.NS
2010-07-31,ACC.NS
2010-07-31,AMBUJACEM.NS
2010-07-31,AXISBANK.NS
2010-07-31,BHARTIARTL.NS
2010-07-31,BHEL.NS
2010-07-31,BPCL.NS
2010-07-31,CAIRN.NS
2010-07-31,CIPLA.NS
2010-07-31,DLF.NS
2010-07-31,GAIL.NS
2010-07-31,HCLTECH.NS
2010-07-31,HDFC.NS
2010-07-31,HDFCBANK.NS
2010-07-31,HEROMOTOCO.NS
2010-07-31,HINDALCO.NS
2010-07-31,HINDUNILVR.NS
2010-07-31,ICICIBANK.NS
2010-07-31,IDEA.NS
2010-07-31,IDFC.NS
2010-07-31,INFY.NS
2010-07-31,ITC.NS
2010-07-31,JINDALSTEL.NS
2010-07-31,JPASSOCIAT.NS
2010-07-31,KOTAKBANK.NS
2010-07-31,LT.NS
2010-07-31,M&M.NS
2010-07-31,MARUTI.NS
2010-07-31,NTPC.NS
2010-07-31,ONGC.NS
2010-07-31,PNB.NS
2010-07-31,POWERGRID.NS
2010-07-31,RANBAXY.NS
2010-07-31,RCOM.NS
2010-07-31,RELCAPITAL.NS
2010-07-31,RELIANCE.NS
2010-07-31,RELINFRA.NS
2010-07-31,RPOWER.NS
2010-07-31,SAIL.NS
2010-07-31,SBIN.NS
2010-07-31,SIEMENS.NS
2010-07-31,STER.NS
2010-07-31,SUNPHARMA.NS
2010-07-31,SUZLON.NS
2010-07-31,TATAMOTORS.NS
2010-07-31,TATAPOWER.NS
2010-07-31,TATASTEEL.NS
2010-07-31,TCS.NS
2010-07-31,UNITECH.NS
2010-07-31,WIPRO.NS
2010-08-31,ABB.NS
2010-08-31,ACC.NS
2010-08-31,AMBUJACEM.NS
2010-08-31,AXISBANK.NS
2010-08-31,BHARTIARTL.NS
2010-08-31,BHEL.NS
2010-08-31,BPCL.NS
2010-08-31,CAIRN.NS
2010-08-31,CIPLA.NS
2010-08-31,DLF.NS
2010-08-31,GAIL.NS
2010-08-31,HCLTECH.NS
2010-08-31,HDFC.NS
2010-08-31,HDFCBANK.NS
2010-08-31,HEROMOTOCO.NS
2010-08-31,HINDALCO.NS
2010-08-31,HINDUNILVR.NS
2010-08-31,ICICIBANK.NS
2010-08-31,IDEA.NS
2010-08-31,IDFC.NS
2010-08-31,INFY.NS
2010-08-31,ITC.NS
2010-08-31,JINDALSTEL.NS
2010-08-31,JPASSOCIAT.NS
2010-08-31,KOTAKBANK.NS
2010-08-31,LT.NS
2010-08-31,M&M.NS
2010-08-31,MARUTI.NS
2010-08-31,NTPC.NS
2010-08-31,ONGC.NS
2010-08-31,PNB.NS
2010-08-31,POWERGRID.NS
2010-08-31,RANBAXY.NS
2010-08-31,RCOM.NS
2010-08-31,RELCAPITAL.NS
2010-08-31,RELIANCE.NS
2010-08-31,RELINFRA.NS
2010-08-31,RPOWER.NS
2010-08-31,SAIL.NS
2010-08-31,SBIN.NS
2010-08-31,SIEMENS.NS
2010-08-31,STER.NS
2010-08-31,SUNPHARMA.NS
2010-08-31,SUZLON.NS
2010-08-31,TATAMOTORS.NS
2010-08-31,TATAPOWER.NS
2010-08-31,TATASTEEL.NS
2010-08-31,TCS.NS
2010-08-31,UNITECH.NS
2010-08-31,WIPRO.NS
2010-10-01,ACC.NS
2010-10-01,AMBUJACEM.NS
2010-10-01,AXISBANK.NS
2010-10-01,BAJAJAUTO.NS
2010-10-01,BHARTIARTL.NS
2010-10-01,BHEL.NS
2010-10-01,BPCL.NS
2010-10-01,CAIRN.NS
2010-10-01,CIPLA.NS
2010-10-01,DLF.NS
2010-10-01,DRREDDY.NS
2010-10-01,GAIL.NS
2010-10-01,HCLTECH.NS
2010-10-01,HDFC.NS
2010-10-01,HDFCBANK.NS
2010-10-01,HEROMOTOCO.NS
2010-10-01,HINDALCO.NS
2010-10-01,HINDUNILVR.NS
2010-10-01,ICICIBANK.NS
2010-10-01,IDFC.NS
2010-10-01,INFY.NS
2010-10-01,ITC.NS
2010-10-01,JINDALSTEL.NS
2010-10-01,JPASSOCIAT.NS
2010-10-01,KOTAKBANK.NS
2010-10-01,LT.NS
2010-10-01,M&M.NS
2010-10-01,MARUTI.NS
2010-10-01,NTPC.NS
2010-10-01,ONGC.NS
2010-10-01,PNB.NS
2010-10-01,POWERGRID.NS
2010-10-01,RANBAXY.NS
2010-10-01,RCOM.NS
2010-10-01,RELCAPITAL.NS
2010-10-01,RELIANCE.NS
2010-10-01,RELINFRA.NS
2010-10-01,RPOWER.NS
2010-10-01,SAIL.NS
2010-10-01,SBIN.NS
2010-10-01,SESAGOA.NS
2010-10-01,SIEMENS.NS
2010-10-01,STER.NS
2010-10-01,SUNPHARMA.NS
2010-10-01,SUZLON.NS
2010-10-01,TATAMOTORS.NS
2010-10-01,TATAPOWER.NS
2010-10-01,TATASTEEL.NS
2010-10-01,TCS.NS
2010-10-01,WIPRO.NS
2010-10-31,ACC.NS
2010-10-31,AMBUJACEM.NS
2010-10-31,AXISBANK.NS
2010-10-31,BAJAJAUTO.NS
2010-10-31,BHARTIARTL.NS
2010-10-31,BHEL.NS
2010-10-31,BPCL.NS
2010-10-31,CAIRN.NS
2010-10-31,CIPLA.NS
2010-10-31,DLF.NS
2010-10-31,DRREDDY.NS
2010-10-31,GAIL.NS
2010-10-31,HCLTECH.NS
2010-10-31,HDFC.NS
2010-10-31,HDFCBANK.NS
2010-10-31,HEROMOTOCO.NS
2010-10-31,HINDALCO.NS
2010-10-31,HINDUNILVR.NS
2010-10-31,ICICIBANK.NS
2010-10-31,IDFC.NS
2010-10-31,INFY.NS
2010-10-31,ITC.NS
2010-10-31,JINDALSTEL.NS
2010-10-31,JPASSOCIAT.NS
2010-10-31,KOTAKBANK.NS
2010-10-31,LT.NS
2010-10-31,M&M.NS
2010-10-31,MARUTI.NS
2010-10-31,NTPC.NS
2010-10-31,ONGC.NS
2010-10-31,PNB.NS
2010-10-31,POWERGRID.NS
2010-10-31,RANBAXY.NS
2010-10-31,RCOM.NS
2010-10-31,RELCAPITAL.NS
2010-10-31,RELIANCE.NS
2010-10-31,RELINFRA.NS
2010-10-31,RPOWER.NS
2010-10-31,SAIL.NS
2010-10-31,SBIN.NS
2010-10-31,SESAGOA.NS
2010-10-31,SIEMENS.NS
2010-10-31,STER.NS
2010-10-31,SUNPHARMA.NS
2010-10-31,SUZLON.NS
2010-10-31,TATAMOTORS.NS
2010-10-31,TATAPOWER.NS
2010-10-31,TATASTEEL.NS
2010-10-31,TCS.NS
2010-10-31,WIPRO.NS
2010-11-30,ACC.NS
2010-11-30,AMBUJACEM.NS
2010-11-30,AXISBANK.NS
2010-11-30,BAJAJAUTO.NS
2010-11-30,BHARTIARTL.NS
2010-11-30,BHEL.NS
2010-11-30,BPCL.NS
2010-11-30,CAIRN.NS
2010-11-30,CIPLA.NS
2010-11-30,DLF.NS
2010-11-30,DRREDDY.NS
2010-11-30,GAIL.NS
2010-11-30,HCLTECH.NS
2010-11-30,HDFC.NS
2010-11-30,HDFCBANK.NS
2010-11-30,HEROMOTOCO.NS
2010-11-30,HINDALCO.NS
2010-11-30,HINDUNILVR.NS
2010-11-30,ICICIBANK.NS
2010-11-30,IDFC.NS
2010-11-30,INFY.NS
2010-11-30,ITC.NS
2010-11-30,JINDALSTEL.NS
2010-11-30,JPASSOCIAT.NS
2010-11-30,KOTAKBANK.NS
2010-11-30,LT.NS
2010-11-30,M&M.NS
2010-11-30,MARUTI.NS
2010-11-30,NTPC.NS
2010-11-30,ONGC.NS
2010-11-30,PNB.NS
2010-11-30,POWERGRID.NS
2010-11-30,RANBAXY.NS
2010-11-30,RCOM.NS
2010-11-30,RELCAPITAL.NS
2010-11-30,RELIANCE.NS
2010-11-30,RELINFRA.NS
2010-11-30,RPOWER.NS
2010-11-30,SAIL.NS
2010-11-30,SBIN.NS
2010-11-30,SESAGOA.NS
2010-11-30,SIEMENS.NS
2010-11-30,STER.NS
2010-11-30,SUNPHARMA.NS
2010-11-30,SUZLON.NS
2010-11-30,TATAMOTORS.NS
2010-11-30,TATAPOWER.NS
2010-11-30,TATASTEEL.NS
2010-11-30,TCS.NS
2010-11-30,WIPRO.NS
2010-12-31,ACC.NS
2010-12-31,AMBUJACEM.NS
2010-12-31,AXISBANK.NS
2010-12-31,BAJAJAUTO.NS
2010-12-31,BHARTIARTL.NS
2010-12-31,BHEL.NS
2010-12-31,BPCL.NS
2010-12-31,CAIRN.NS
2010-12-31,CIPLA.NS
2010-12-31,DLF.NS
2010-12-31,DRREDDY.NS
2010-12-31,GAIL.NS
2010-12-31,HCLTECH.NS
2010-12-31,HDFC.NS
2010-12-31,HDFCBANK.NS
2010-12-31,HEROMOTOCO.NS
2010-12-31,HINDALCO.NS
2010-12-31,HINDUNILVR.NS
2010-12-31,ICICIBANK.NS
2010-12-31,IDFC.NS
2010-12-31,INFY.NS
2010-12-31,ITC.NS
2010-12-31,JINDALSTEL.NS
2010-12-31,JPASSOCIAT.NS
2010-12-31,KOTAKBANK.NS
2010-12-31,LT.NS
2010-12-31,M&M.NS
2010-12-31,MARUTI.NS
2010-12-31,NTPC.NS
2010-12-31,ONGC.NS
2010-12-31,PNB.NS
2010-12-31,POWERGRID.NS
2010-12-31,RANBAXY.NS
2010-12-31,RCOM.NS
2010-12-31,RELCAPITAL.NS
2010-12-31,RELIANCE.NS
2010-12-31,RELINFRA.NS
2010-12-31,RPOWER.NS
2010-12-31,SAIL.NS
2010-12-31,SBIN.NS
2010-12-31,SESAGOA.NS
2010-12-31,SIEMENS.NS
2010-12-31,STER.NS
2010-12-31,SUNPHARMA.NS
2010-12-31,SUZLON.NS
2010-12-31,TATAMOTORS.NS
2010-12-31,TATAPOWER.NS
2010-12-31,TATASTEEL.NS
2010-12-31,TCS.NS
2010-12-31,WIPRO.NS
2011-01-31,ACC.NS
2011-01-31,AMBUJACEM.NS
2011-01-31,AXISBANK.NS
2011-01-31,BAJAJAUTO.NS
2011-01-31,BHARTIARTL.NS
2011-01-31,BHEL.NS
2011-01-31,BPCL.NS
2011-01-31,CAIRN.NS
2011-01-31,CIPLA.NS
2011-01-31,DLF.NS
2011-01-31,DRREDDY.NS
2011-01-31,GAIL.NS
2011-01-31,HCLTECH.NS
2011-01-31,HDFC.NS
2011-01-31,HDFCBANK.NS
2011-01-31,HEROMOTOCO.NS
2011-01-31,HINDALCO.NS
2011-01-31,HINDUNILVR.NS
2011-01-31,ICICIBANK.NS
2011-01-31,IDFC.NS
2011-01-31,INFY.NS
2011-01-31,ITC.NS
2011-01-31,JINDALSTEL.NS
2011-01-31,JPASSOCIAT.NS
2011-01-31,KOTAKBANK.NS
2011-01-31,LT.NS
2011-01-31,M&M.NS
2011-01-31,MARUTI.NS
2011-01-31,NTPC.NS
2011-01-31,ONGC.NS
2011-01-31,PNB.NS
2011-01-31,POWERGRID.NS
2011-01-31,RANBAXY.NS
2011-01-31,RCOM.NS
2011-01-31,RELCAPITAL.NS
2011-01-31,RELIANCE.NS
2011-01-31,RELINFRA.NS
2011-01-31,RPOWER.NS
2011-01-31,SAIL.NS
2011-01-31,SBIN.NS
2011-01-31,SESAGOA.NS
2011-01-31,SIEMENS.NS
2011-01-31,STER.NS
2011-01-31,SUNPHARMA.NS
2011-01-31,SUZLON.NS
2011-01-31,TATAMOTORS.NS
2011-01-31,TATAPOWER.NS
2011-01-31,TATASTEEL.NS
2011-01-31,TCS.NS
2011-01-31,WIPRO.NS
2011-02-28,ACC.NS
2011-02-28,AMBUJACEM.NS
2011-02-28,AXISBANK.NS
2011-02-28,BAJAJAUTO.NS
2011-02-28,BHARTIARTL.NS
2011-02-28,BHEL.NS
2011-02-28,BPCL.NS
2011-02-28,CAIRN.NS
2011-02-28,CIPLA.NS
2011-02-28,DLF.NS
2011-02-28,DRREDDY.NS
2011-02-28,GAIL.NS
2011-02-28,HCLTECH.NS
2011-02-28,HDFC.NS
2011-02-28,HDFCBANK.NS
2011-02-28,HEROMOTOCO.NS
2011-02-28,HINDALCO.NS
2011-02-28,HINDUNILVR.NS
2011-02-28,ICICIBANK.NS
2011-02-28,IDFC.NS
2011-02-28,INFY.NS
2011-02-28,ITC.NS
2011-02-28,JINDALSTEL.NS
2011-02-28,JPASSOCIAT.NS
2011-02-28,KOTAKBANK.NS
2011-02-28,LT.NS
2011-02-28,M&M.NS
2011-02-28,MARUTI.NS
2011-02-28,NTPC.NS
2011-02-28,ONGC.NS
2011-02-28,PNB.NS
2011-02-28,POWERGRID.NS
2011-02-28,RANBAXY.NS
2011-02-28,RCOM.NS
2011-02-28,RELCAPITAL.NS
2011-02-28,RELIANCE.NS
2011-02-28,RELINFRA.NS
2011-02-28,RPOWER.NS
2011-02-28,SAIL.NS
2011-02-28,SBIN.NS
2011-02-28,SESAGOA.NS
2011-02-28,SIEMENS.NS
2011-02-28,STER.NS
2011-02-28,SUNPHARMA.NS
2011-02-28,SUZLON.NS
2011-02-28,TATAMOTORS.NS
2011-02-28,TATAPOWER.NS
2011-02-28,TATASTEEL.NS
2011-02-28,TCS.NS
2011-02-28,WIPRO.NS
2011-03-28,ACC.NS
2011-03-28,AMBUJACEM.NS
2011-03-28,AXISBANK.NS
2011-03-28,BAJAJAUTO.NS
2011-03-28,BHARTIARTL.NS
2011-03-28,BHEL.NS
2011-03-28,BPCL.NS
2011-03-28,CAIRN.NS
2011-03-28,CIPLA.NS
2011-03-28,DLF.NS
2011-03-28,DRREDDY.NS
2011-03-28,GAIL.NS
2011-03-28,GRASIM.NS
2011-03-28,HCLTECH.NS
2011-03-28,HDFC.NS
2011-03-28,HDFCBANK.NS
2011-03-28,HEROMOTOCO.NS
2011-03-28,HINDALCO.NS
2011-03-28,HINDUNILVR.NS
2011-03-28,ICICIBANK.NS
2011-03-28,IDFC.NS
2011-03-28,INFY.NS
2011-03-28,ITC.NS
2011-03-28,JINDALSTEL.NS
2011-03-28,JPASSOCIAT.NS
2011-03-28,KOTAKBANK.NS
2011-03-28,LT.NS
2011-03-28,M&M.NS
2011-03-28,MARUTI.NS
2011-03-28,NTPC.NS
2011-03-28,ONGC.NS
2011-03-28,PNB.NS
2011-03-28,POWERGRID.NS
2011-03-28,RANBAXY.NS
2011-03-28,RCOM.NS
2011-03-28,RELCAPITAL.NS
2011-03-28,RELIANCE.NS
2011-03-28,RELINFRA.NS
2011-03-28,RPOWER.NS
2011-03-28,SAIL.NS
2011-03-28,SBIN.NS
2011-03-28,SESAGOA.NS
2011-03-28,SIEMENS.NS
2011-03-28,STER.NS
2011-03-28,SUNPHARMA.NS
2011-03-28,TATAMOTORS.NS
2011-03-28,TATAPOWER.NS
2011-03-28,TATASTEEL.NS
2011-03-28,TCS.NS
2011-03-28,WIPRO.NS
2011-04-30,ACC.NS
2011-04-30,AMBUJACEM.NS
2011-04-30,AXISBANK.NS
2011-04-30,BAJAJAUTO.NS
2011-04-30,BHARTIARTL.NS
2011-04-30,BHEL.NS
2011-04-30,BPCL.NS
2011-04-30,CAIRN.NS
2011-04-30,CIPLA.NS
2011-04-30,DLF.NS
2011-04-30,DRREDDY.NS
2011-04-30,GAIL.NS
2011-04-30,GRASIM.NS
2011-04-30,HCLTECH.NS
2011-04-30,HDFC.NS
2011-04-30,HDFCBANK.NS
2011-04-30,HEROMOTOCO.NS
2011-04-30,HINDALCO.NS
2011-04-30,HINDUNILVR.NS
2011-04-30,ICICIBANK.NS
2011-04-30,IDFC.NS
2011-04-30,INFY.NS
2011-04-30,ITC.NS
2011-04-30,JINDALSTEL.NS
2011-04-30,JPASSOCIAT.NS
2011-04-30,KOTAKBANK.NS
2011-04-30,LT.NS
2011-04-30,M&M.NS
2011-04-30,MARUTI.NS
2011-04-30,NTPC.NS
2011-04-30,ONGC.NS
2011-04-30,PNB.NS
2011-04-30,POWERGRID.NS
2011-04-30,RANBAXY.NS
2011-04-30,RCOM.NS
2011-04-30,RELCAPITAL.NS
2011-04-30,RELIANCE.NS
2011-04-30,RELINFRA.NS
2011-04-30,RPOWER.NS
2011-04-30,SAIL.NS
2011-04-30,SBIN.NS
2011-04-30,SESAGOA.NS
2011-04-30,SIEMENS.NS
2011-04-30,STER.NS
2011-04-30,SUNPHARMA.NS
2011-04-30,TATAMOTORS.NS
2011-04-30,TATAPOWER.NS
2011-04-30,TATASTEEL.NS
2011-04-30,TCS.NS
2011-04-30,WIPRO.NS
2011-05-31,ACC.NS
2011-05-31,AMBUJACEM.NS
2011-05-31,AXISBANK.NS
2011-05-31,BAJAJAUTO.NS
2011-05-31,BHARTIARTL.NS
2011-05-31,BHEL.NS
2011-05-31,BPCL.NS
2011-05-31,CAIRN.NS
2011-05-31,CIPLA.NS
2011-05-31,DLF.NS
2011-05-31,DRREDDY.NS
2011-05-31,GAIL.NS
2011-05-31,GRASIM.NS
2011-05-31,HCLTECH.NS
2011-05-31,HDFC.NS
2011-05-31,HDFCBANK.NS
2011-05-31,HEROMOTOCO.NS
2011-05-31,HINDALCO.NS
2011-05-31,HINDUNILVR.NS
2011-05-31,ICICIBANK.NS
2011-05-31,IDFC.NS
2011-05-31,INFY.NS
2011-05-31,ITC.NS
2011-05-31,JINDALSTEL.NS
2011-05-31,JPASSOCIAT.NS
2011-05-31,KOTAKBANK.NS
2011-05-31,LT.NS
2011-05-31,M&M.NS
2011-05-31,MARUTI.NS
2011-05-31,NTPC.NS
2011-05-31,ONGC.NS
2011-05-31,PNB.NS
2011-05-31,POWERGRID.NS
2011-05-31,RANBAXY.NS
2011-05-31,RCOM.NS
2011-05-31,RELCAPITAL.NS
2011-05-31,RELIANCE.NS
2011-05-31,RELINFRA.NS
2011-05-31,RPOWER.NS
2011-05-31,SAIL.NS
2011-05-31,SBIN.NS
2011-05-31,SESAGOA.NS
2011-05-31,SIEMENS.NS
2011-05-31,STER.NS
2011-05-31,SUNPHARMA.NS
2011-05-31,TATAMOTORS.NS
2011-05-31,TATAPOWER.NS
2011-05-31,TATASTEEL.NS
2011-05-31,TCS.NS
2011-05-31,WIPRO.NS
2011-06-30,ACC.NS
2011-06-30,AMBUJACEM.NS
2011-06-30,AXISBANK.NS
2011-06-30,BAJAJAUTO.NS
2011-06-30,BHARTIARTL.NS
2011-06-30,BHEL.NS
2011-06-30,BPCL.NS
2011-06-30,CAIRN.NS
2011-06-30,CIPLA.NS
2011-06-30,DLF.NS
2011-06-30,DRREDDY.NS
2011-06-30,GAIL.NS
2011-06-30,GRASIM.NS
2011-06-30,HCLTECH.NS
2011-06-30,HDFC.NS
2011-06-30,HDFCBANK.NS
2011-06-30,HEROMOTOCO.NS
2011-06-30,HINDALCO.NS
2011-06-30,HINDUNILVR.NS
2011-06-30,ICICIBANK.NS
2011-06-30,IDFC.NS
2011-06-30,INFY.NS
2011-06-30,ITC.NS
2011-06-30,JINDALSTEL.NS
2011-06-30,JPASSOCIAT.NS
2011-06-30,KOTAKBANK.NS
2011-06-30,LT.NS
2011-06-30,M&M.NS
2011-06-30,MARUTI.NS
2011-06-30,NTPC.NS
2011-06-30,ONGC.NS
2011-06-30,PNB.NS
2011-06-30,POWERGRID.NS
2011-06-30,RANBAXY.NS
2011-06-30,RCOM.NS
2011-06-30,RELCAPITAL.NS
2011-06-30,RELIANCE.NS
2011-06-30,RELINFRA.NS
2011-06-30,RPOWER.NS
2011-06-30,SAIL.NS
2011-06-30,SBIN.NS
2011-06-30,SESAGOA.NS
2011-06-30,SIEMENS.NS
2011-06-30,STER.NS
2011-06-30,SUNPHARMA.NS
2011-06-30,TATAMOTORS.NS
2011-06-30,TATAPOWER.NS
2011-06-30,TATASTEEL.NS
2011-06-30,TCS.NS
2011-06-30,WIPRO.NS
2011-07-31,ACC.NS
2011-07-31,AMBUJACEM.NS
2011-07-31,AXISBANK.NS
2011-07-31,BAJAJAUTO.NS
2011-07-31,BHARTIARTL.NS
2011-07-31,BHEL.NS
2011-07-31,BPCL.NS
2011-07-31,CAIRN.NS
2011-07-31,CIPLA.NS
2011-07-31,DLF.NS
2011-07-31,DRREDDY.NS
2011-07-31,GAIL.NS
2011-07-31,GRASIM.NS
2011-07-31,HCLTECH.NS
2011-07-31,HDFC.NS
2011-07-31,HDFCBANK.NS
2011-07-31,HEROMOTOCO.NS
2011-07-31,HINDALCO.NS
2011-07-31,HINDUNILVR.NS
2011-07-31,ICICIBANK.NS
2011-07-31,IDFC.NS
2011-07-31,INFY.NS
2011-07-31,ITC.NS
2011-07-31,JINDALSTEL.NS
2011-07-31,JPASSOCIAT.NS
2011-07-31,KOTAKBANK.NS
2011-07-31,LT.NS
2011-07-31,M&M.NS
2011-07-31,MARUTI.NS
2011-07-31,NTPC.NS
2011-07-31,ONGC.NS
2011-07-31,PNB.NS
2011-07-31,POWERGRID.NS
2011-07-31,RANBAXY.NS
2011-07-31,RCOM.NS
2011-07-31,RELCAPITAL.NS
2011-07-31,RELIANCE.NS
2011-07-31,RELINFRA.NS
2011-07-31,RPOWER.NS
2011-07-31,SAIL.NS
2011-07-31,SBIN.NS
2011-07-31,SESAGOA.NS
2011-07-31,SIEMENS.NS
2011-07-31,STER.NS
2011-07-31,SUNPHARMA.NS
2011-07-31,TATAMOTORS.NS
2011-07-31,TATAPOWER.NS
2011-07-31,TATASTEEL.NS
2011-07-31,TCS.NS
2011-07-31,WIPRO.NS
2011-08-31,ACC.NS
2011-08-31,AMBUJACEM.NS
2011-08-31,AXISBANK.NS
2011-08-31,BAJAJAUTO.NS
2011-08-31,BHARTIARTL.NS
2011-08-31,BHEL.NS
2011-08-31,BPCL.NS
2011-08-31,CAIRN.NS
2011-08-31,CIPLA.NS
2011-08-31,DLF.NS
2011-08-31,DRREDDY.NS
2011-08-31,GAIL.NS
2011-08-31,GRASIM.NS
2011-08-31,HCLTECH.NS
2011-08-31,HDFC.NS
2011-08-31,HDFCBANK.NS
2011-08-31,HEROMOTOCO.NS
2011-08-31,HINDALCO.NS
2011-08-31,HINDUNILVR.NS
2011-08-31,ICICIBANK.NS
2011-08-31,IDFC.NS
2011-08-31,INFY.NS
2011-08-31,ITC.NS
2011-08-31,JINDALSTEL.NS
2011-08-31,JPASSOCIAT.NS
2011-08-31,KOTAKBANK.NS
2011-08-31,LT.NS
2011-08-31,M&M.NS
2011-08-31,MARUTI.NS
2011-08-31,NTPC.NS
2011-08-31,ONGC.NS
2011-08-31,PNB.NS
2011-08-31,POWERGRID.NS
2011-08-31,RANBAXY.NS
2011-08-31,RCOM.NS
2011-08-31,RELCAPITAL.NS
2011-08-31,RELIANCE.NS
2011-08-31,RELINFRA.NS
2011-08-31,RPOWER.NS
2011-08-31,SAIL.NS
2011-08-31,SBIN.NS
2011-08-31,SESAGOA.NS
2011-08-31,SIEMENS.NS
2011-08-31,STER.NS
2011-08-31,SUNPHARMA.NS
2011-08-31,TATAMOTORS.NS
2011-08-31,TATAPOWER.NS
2011-08-31,TATASTEEL.NS
2011-08-31,TCS.NS
2011-08-31,WIPRO.NS
2011-10-01,ACC.NS
2011-10-01,AMBUJACEM.NS
2011-10-01,AXISBANK.NS
2011-10-01,BAJAJAUTO.NS
2011-10-01,BHARTIARTL.NS
2011-10-01,BHEL.NS
2011-10-01,BPCL.NS
2011-10-01,CAIRN.NS
2011-10-01,CIPLA.NS
2011-10-01,COALINDIA.NS
2011-10-01,DLF.NS
2011-10-01,DRREDDY.NS
2011-10-01,GAIL.NS
2011-10-01,GRASIM.NS
2011-10-01,HCLTECH.NS
2011-10-01,HDFC.NS
2011-10-01,HDFCBANK.NS
2011-10-01,HEROMOTOCO.NS
2011-10-01,HINDALCO.NS
2011-10-01,HINDUNILVR.NS
2011-10-01,ICICIBANK.NS
2011-10-01,IDFC.NS
2011-10-01,INFY.NS
2011-10-01,ITC.NS
2011-10-01,JINDALSTEL.NS
2011-10-01,JPASSOCIAT.NS
2011-10-01,KOTAKBANK.NS
2011-10-01,LT.NS
2011-10-01,M&M.NS
2011-10-01,MARUTI.NS
2011-10-01,NTPC.NS
2011-10-01,ONGC.NS
2011-10-01,PNB.NS
2011-10-01,POWERGRID.NS
2011-10-01,RANBAXY.NS
2011-10-01,RCOM.NS
2011-10-01,RELIANCE.NS
2011-10-01,RELINFRA.NS
2011-10-01,RPOWER.NS
2011-10-01,SAIL.NS
2011-10-01,SBIN.NS
2011-10-01,SESAGOA.NS
2011-10-01,SIEMENS.NS
2011-10-01,STER.NS
2011-10-01,SUNPHARMA.NS
2011-10-01,TATAMOTORS.NS
2011-10-01,TATAPOWER.NS
2011-10-01,TATASTEEL.NS
2011-10-01,TCS.NS
2011-10-01,WIPRO.NS
2011-10-31,ACC.NS
2011-10-31,AMBUJACEM.NS
2011-10-31,AXISBANK.NS
2011-10-31,BAJAJAUTO.NS
2011-10-31,BHARTIARTL.NS
2011-10-31,BHEL.NS
2011-10-31,BPCL.NS
2011-10-31,CAIRN.NS
2011-10-31,CIPLA.NS
2011-10-31,COALINDIA.NS
2011-10-31,DLF.NS
2011-10-31,DRREDDY.NS
2011-10-31,GAIL.NS
2011-10-31,GRASIM.NS
2011-10-31,HCLTECH.NS
2011-10-31,HDFC.NS
2011-10-31,HDFCBANK.NS
2011-10-31,HEROMOTOCO.NS
2011-10-31,HINDALCO.NS
2011-10-31,HINDUNILVR.NS
2011-10-31,ICICIBANK.NS
2011-10-31,IDFC.NS
2011-10-31,INFY.NS
2011-10-31,ITC.NS
2011-10-31,JINDALSTEL.NS
2011-10-31,JPASSOCIAT.NS
2011-10-31,KOTAKBANK.NS
2011-10-31,LT.NS
2011-10-31,M&M.NS
2011-10-31,MARUTI.NS
2011-10-31,NTPC.NS
2011-10-31,ONGC.NS
2011-10-31,PNB.NS
2011-10-31,POWERGRID.NS
2011-10-31,RANBAXY.NS
2011-10-31,RCOM.NS
2011-10-31,RELIANCE.NS
2011-10-31,RELINFRA.NS
2011-10-31,RPOWER.NS
2011-10-31,SAIL.NS
2011-10-31,SBIN.NS
2011-10-31,SESAGOA.NS
2011-10-31,SIEMENS.NS
2011-10-31,STER.NS
2011-10-31,SUNPHARMA.NS
2011-10-31,TATAMOTORS.NS
2011-10-31,TATAPOWER.NS
2011-10-31,TATASTEEL.NS
2011-10-31,TCS.NS
2011-10-31,WIPRO.NS
2011-11-30,ACC.NS
2011-11-30,AMBUJACEM.NS
2011-11-30,AXISBANK.NS
2011-11-30,BAJAJAUTO.NS
2011-11-30,BHARTIARTL.NS
2011-11-30,BHEL.NS
2011-11-30,BPCL.NS
2011-11-30,CAIRN.NS
2011-11-30,CIPLA.NS
2011-11-30,COALINDIA.NS
2011-11-30,DLF.NS
2011-11-30,DRREDDY.NS
2011-11-30,GAIL.NS
2011-11-30,GRASIM.NS
2011-11-30,HCLTECH.NS
2011-11-30,HDFC.NS
2011-11-30,HDFCBANK.NS
2011-11-30,HEROMOTOCO.NS
2011-11-30,HINDALCO.NS
2011-11-30,HINDUNILVR.NS
2011-11-30,ICICIBANK.NS
2011-11-30,IDFC.NS
2011-11-30,INFY.NS
2011-11-30,ITC.NS
2011-11-30,JINDALSTEL.NS
2011-11-30,JPASSOCIAT.NS
2011-11-30,KOTAKBANK.NS
2011-11-30,LT.NS
2011-11-30,M&M.NS
2011-11-30,MARUTI.NS
2011-11-30,NTPC.NS
2011-11-30,ONGC.NS
2011-11-30,PNB.NS
2011-11-30,POWERGRID.NS
2011-11-30,RANBAXY.NS
2011-11-30,RCOM.NS
2011-11-30,RELIANCE.NS
2011-11-30,RELINFRA.NS
2011-11-30,RPOWER.NS
2011-11-30,SAIL.NS
2011-11-30,SBIN.NS
2011-11-30,SESAGOA.NS
2011-11-30,SIEMENS.NS
2011-11-30,STER.NS
2011-11-30,SUNPHARMA.NS
2011-11-30,TATAMOTORS.NS
2011-11-30,TATAPOWER.NS
2011-11-30,TATASTEEL.NS
2011-11-30,TCS.NS
2011-11-30,WIPRO.NS
2011-12-31,ACC.NS
2011-12-31,AMBUJACEM.NS
2011-12-31,AXISBANK.NS
2011-12-31,BAJAJAUTO.NS
2011-12-31,BHARTIARTL.NS
2011-12-31,BHEL.NS
2011-12-31,BPCL.NS
2011-12-31,CAIRN.NS
2011-12-31,CIPLA.NS
2011-12-31,COALINDIA.NS
2011-12-31,DLF.NS
2011-12-31,DRREDDY.NS
2011-12-31,GAIL.NS
2011-12-31,GRASIM.NS
2011-12-31,HCLTECH.NS
2011-12-31,HDFC.NS
2011-12-31,HDFCBANK.NS
2011-12-31,HEROMOTOCO.NS
2011-12-31,HINDALCO.NS
2011-12-31,HINDUNILVR.NS
2011-12-31,ICICIBANK.NS
2011-12-31,IDFC.NS
2011-12-31,INFY.NS
2011-12-31,ITC.NS
2011-12-31,JINDALSTEL.NS
2011-12-31,JPASSOCIAT.NS
2011-12-31,KOTAKBANK.NS
2011-12-31,LT.NS
2011-12-31,M&M.NS
2011-12-31,MARUTI.NS
2011-12-31,NTPC.NS
2011-12-31,ONGC.NS
2011-12-31,PNB.NS
2011-12-31,POWERGRID.NS
2011-12-31,RANBAXY.NS
2011-12-31,RCOM.NS
2011-12-31,RELIANCE.NS
2011-12-31,RELINFRA.NS
2011-12-31,RPOWER.NS
2011-12-31,SAIL.NS
2011-12-31,SBIN.NS
2011-12-31,SESAGOA.NS
2011-12-31,SIEMENS.NS
2011-12-31,STER.NS
2011-12-31,SUNPHARMA.NS
2011-12-31,TATAMOTORS.NS
2011-12-31,TATAPOWER.NS
2011-12-31,TATASTEEL.NS
2011-12-31,TCS.NS
2011-12-31,WIPRO.NS
2012-01-31,ACC.NS
2012-01-31,AMBUJACEM.NS
2012-01-31,AXISBANK.NS
2012-01-31,BAJAJAUTO.NS
2012-01-31,BHARTIARTL.NS
2012-01-31,BHEL.NS
2012-01-31,BPCL.NS
2012-01-31,CAIRN.NS
2012-01-31,CIPLA.NS
2012-01-31,COALINDIA.NS
2012-01-31,DLF.NS
2012-01-31,DRREDDY.NS
2012-01-31,GAIL.NS
2012-01-31,GRASIM.NS
2012-01-31,HCLTECH.NS
2012-01-31,HDFC.NS
2012-01-31,HDFCBANK.NS
2012-01-31,HEROMOTOCO.NS
2012-01-31,HINDALCO.NS
2012-01-31,HINDUNILVR.NS
2012-01-31,ICICIBANK.NS
2012-01-31,IDFC.NS
2012-01-31,INFY.NS
2012-01-31,ITC.NS
2012-01-31,JINDALSTEL.NS
2012-01-31,JPASSOCIAT.NS
2012-01-31,KOTAKBANK.NS
2012-01-31,LT.NS
2012-01-31,M&M.NS
2012-01-31,MARUTI.NS
2012-01-31,NTPC.NS
2012-01-31,ONGC.NS
2012-01-31,PNB.NS
2012-01-31,POWERGRID.NS
2012-01-31,RANBAXY.NS
2012-01-31,RCOM.NS
2012-01-31,RELIANCE.NS
2012-01-31,RELINFRA.NS
2012-01-31,RPOWER.NS
2012-01-31,SAIL.NS
2012-01-31,SBIN.NS
2012-01-31,SESAGOA.NS
2012-01-31,SIEMENS.NS
2012-01-31,STER.NS
2012-01-31,SUNPHARMA.NS
2012-01-31,TATAMOTORS.NS
2012-01-31,TATAPOWER.NS
2012-01-31,TATASTEEL.NS
2012-01-31,TCS.NS
2012-01-31,WIPRO.NS
2012-02-29,ACC.NS
2012-02-29,AMBUJACEM.NS
2012-02-29,AXISBANK.NS
2012-02-29,BAJAJAUTO.NS
2012-02-29,BHARTIARTL.NS
2012-02-29,BHEL.NS
2012-02-29,BPCL.NS
2012-02-29,CAIRN.NS
2012-02-29,CIPLA.NS
2012-02-29,COALINDIA.NS
2012-02-29,DLF.NS
2012-02-29,DRREDDY.NS
2012-02-29,GAIL.NS
2012-02-29,GRASIM.NS
2012-02-29,HCLTECH.NS
2012-02-29,HDFC.NS
2012-02-29,HDFCBANK.NS
2012-02-29,HEROMOTOCO.NS
2012-02-29,HINDALCO.NS
2012-02-29,HINDUNILVR.NS
2012-02-29,ICICIBANK.NS
2012-02-29,IDFC.NS
2012-02-29,INFY.NS
2012-02-29,ITC.NS
2012-02-29,JINDALSTEL.NS
2012-02-29,JPASSOCIAT.NS
2012-02-29,KOTAKBANK.NS
2012-02-29,LT.NS
2012-02-29,M&M.NS
2012-02-29,MARUTI.NS
2012-02-29,NTPC.NS
2012-02-29,ONGC.NS
2012-02-29,PNB.NS
2012-02-29,POWERGRID.NS
2012-02-29,RANBAXY.NS
2012-02-29,RCOM.NS
2012-02-29,RELIANCE.NS
2012-02-29,RELINFRA.NS
2012-02-29,RPOWER.NS
2012-02-29,SAIL.NS
2012-02-29,SBIN.NS
2012-02-29,SESAGOA.NS
2012-02-29,SIEMENS.NS
2012-02-29,STER.NS
2012-02-29,SUNPHARMA.NS
2012-02-29,TATAMOTORS.NS
2012-02-29,TATAPOWER.NS
2012-02-29,TATASTEEL.NS
2012-02-29,TCS.NS
2012-02-29,WIPRO.NS
2012-04-01,ACC.NS
2012-04-01,AMBUJACEM.NS
2012-04-01,ASIANPAINT.NS
2012-04-01,AXISBANK.NS
2012-04-01,BAJAJAUTO.NS
2012-04-01,BANKBARODA.NS
2012-04-01,BHARTIARTL.NS
2012-04-01,BHEL.NS
2012-04-01,BPCL.NS
2012-04-01,CAIRN.NS
2012-04-01,CIPLA.NS
2012-04-01,COALINDIA.NS
2012-04-01,DLF.NS
2012-04-01,DRREDDY.NS
2012-04-01,GAIL.NS
2012-04-01,GRASIM.NS
2012-04-01,HCLTECH.NS
2012-04-01,HDFC.NS
2012-04-01,HDFCBANK.NS
2012-04-01,HEROMOTOCO.NS
2012-04-01,HINDALCO.NS
2012-04-01,HINDUNILVR.NS
2012-04-01,ICICIBANK.NS
2012-04-01,IDFC.NS
2012-04-01,INFY.NS
2012-04-01,ITC.NS
2012-04-01,JINDALSTEL.NS
2012-04-01,JPASSOCIAT.NS
2012-04-01,KOTAKBANK.NS
2012-04-01,LT.NS
2012-04-01,M&M.NS
2012-04-01,MARUTI.NS
2012-04-01,NTPC.NS
2012-04-01,ONGC.NS
2012-04-01,PNB.NS
2012-04-01,POWERGRID.NS
2012-04-01,RANBAXY.NS
2012-04-01,RELIANCE.NS
2012-04-01,RELINFRA.NS
2012-04-01,SAIL.NS
2012-04-01,SBIN.NS
2012-04-01,SESAGOA.NS
2012-04-01,SIEMENS.NS
2012-04-01,STER.NS
2012-04-01,SUNPHARMA.NS
2012-04-01,TATAMOTORS.NS
2012-04-01,TATAPOWER.NS
2012-04-01,TATASTEEL.NS
2012-04-01,TCS.NS
2012-04-01,WIPRO.NS
2012-04-30,ACC.NS
2012-04-30,AMBUJACEM.NS
2012-04-30,ASIANPAINT.NS
2012-04-30,AXISBANK.NS
2012-04-30,BAJAJAUTO.NS
2012-04-30,BANKBARODA.NS
2012-04-30,BHARTIARTL.NS
2012-04-30,BHEL.NS
2012-04-30,BPCL.NS
2012-04-30,CAIRN.NS
2012-04-30,CIPLA.NS
2012-04-30,COALINDIA.NS
2012-04-30,DLF.NS
2012-04-30,DRREDDY.NS
2012-04-30,GAIL.NS
2012-04-30,GRASIM.NS
2012-04-30,HCLTECH.NS
2012-04-30,HDFC.NS
2012-04-30,HDFCBANK.NS
2012-04-30,HEROMOTOCO.NS
2012-04-30,HINDALCO.NS
2012-04-30,HINDUNILVR.NS
2012-04-30,ICICIBANK.NS
2012-04-30,IDFC.NS
2012-04-30,INFY.NS
2012-04-30,ITC.NS
2012-04-30,JINDALSTEL.NS
2012-04-30,JPASSOCIAT.NS
2012-04-30,KOTAKBANK.NS
2012-04-30,LT.NS
2012-04-30,M&M.NS
2012-04-30,MARUTI.NS
2012-04-30,NTPC.NS
2012-04-30,ONGC.NS
2012-04-30,PNB.NS
2012-04-30,POWERGRID.NS
2012-04-30,RANBAXY.NS
2012-04-30,RELIANCE.NS
2012-04-30,RELINFRA.NS
2012-04-30,SAIL.NS
2012-04-30,SBIN.NS
2012-04-30,SESAGOA.NS
2012-04-30,SIEMENS.NS
2012-04-30,STER.NS
2012-04-30,SUNPHARMA.NS
2012-04-30,TATAMOTORS.NS
2012-04-30,TATAPOWER.NS
2012-04-30,TATASTEEL.NS
2012-04-30,TCS.NS
2012-04-30,WIPRO.NS
2012-05-31,ACC.NS
2012-05-31,AMBUJACEM.NS
2012-05-31,ASIANPAINT.NS
2012-05-31,AXISBANK.NS
2012-05-31,BAJAJAUTO.NS
2012-05-31,BANKBARODA.NS
2012-05-31,BHARTIARTL.NS
2012-05-31,BHEL.NS
2012-05-31,BPCL.NS
2012-05-31,CAIRN.NS
2012-05-31,CIPLA.NS
2012-05-31,COALINDIA.NS
2012-05-31,DLF.NS
2012-05-31,DRREDDY.NS
2012-05-31,GAIL.NS
2012-05-31,GRASIM.NS
2012-05-31,HCLTECH.NS
2012-05-31,HDFC.NS
2012-05-31,HDFCBANK.NS
2012-05-31,HEROMOTOCO.NS
2012-05-31,HINDALCO.NS
2012-05-31,HINDUNILVR.NS
2012-05-31,ICICIBANK.NS
2012-05-31,IDFC.NS
2012-05-31,INFY.NS
2012-05-31,ITC.NS
2012-05-31,JINDALSTEL.NS
2012-05-31,JPASSOCIAT.NS
2012-05-31,KOTAKBANK.NS
2012-05-31,LT.NS
2012-05-31,M&M.NS
2012-05-31,MARUTI.NS
2012-05-31,NTPC.NS
2012-05-31,ONGC.NS
2012-05-31,PNB.NS
2012-05-31,POWERGRID.NS
2012-05-31,RANBAXY.NS
2012-05-31,RELIANCE.NS
2012-05-31,RELINFRA.NS
2012-05-31,SAIL.NS
2012-05-31,SBIN.NS
2012-05-31,SESAGOA.NS
2012-05-31,SIEMENS.NS
2012-05-31,STER.NS
2012-05-31,SUNPHARMA.NS
2012-05-31,TATAMOTORS.NS
2012-05-31,TATAPOWER.NS
2012-05-31,TATASTEEL.NS
2012-05-31,TCS.NS
2012-05-31,WIPRO.NS
2012-06-30,ACC.NS
2012-06-30,AMBUJACEM.NS
2012-06-30,ASIANPAINT.NS
2012-06-30,AXISBANK.NS
2012-06-30,BAJAJAUTO.NS
2012-06-30,BANKBARODA.NS
2012-06-30,BHARTIARTL.NS
2012-06-30,BHEL.NS
2012-06-30,BPCL.NS
2012-06-30,CAIRN.NS
2012-06-30,CIPLA.NS
2012-06-30,COALINDIA.NS
2012-06-30,DLF.NS
2012-06-30,DRREDDY.NS
2012-06-30,GAIL.NS
2012-06-30,GRASIM.NS
2012-06-30,HCLTECH.NS
2012-06-30,HDFC.NS
2012-06-30,HDFCBANK.NS
2012-06-30,HEROMOTOCO.NS
2012-06-30,HINDALCO.NS
2012-06-30,HINDUNILVR.NS
2012-06-30,ICICIBANK.NS
2012-06-30,IDFC.NS
2012-06-30,INFY.NS
2012-06-30,ITC.NS
2012-06-30,JINDALSTEL.NS
2012-06-30,JPASSOCIAT.NS
2012-06-30,KOTAKBANK.NS
2012-06-30,LT.NS
2012-06-30,M&M.NS
2012-06-30,MARUTI.NS
2012-06-30,NTPC.NS
2012-06-30,ONGC.NS
2012-06-30,PNB.NS
2012-06-30,POWERGRID.NS
2012-06-30,RANBAXY.NS
2012-06-30,RELIANCE.NS
2012-06-30,RELINFRA.NS
2012-06-30,SAIL.NS
2012-06-30,SBIN.NS
2012-06-30,SESAGOA.NS
2012-06-30,SIEMENS.NS
2012-06-30,STER.NS
2012-06-30,SUNPHARMA.NS
2012-06-30,TATAMOTORS.NS
2012-06-30,TATAPOWER.NS
2012-06-30,TATASTEEL.NS
2012-06-30,TCS.NS
2012-06-30,WIPRO.NS
2012-07-31,ACC.NS
2012-07-31,AMBUJACEM.NS
2012-07-31,ASIANPAINT.NS
2012-07-31,AXISBANK.NS
2012-07-31,BAJAJAUTO.NS
2012-07-31,BANKBARODA.NS
2012-07-31,BHARTIARTL.NS
2012-07-31,BHEL.NS
2012-07-31,BPCL.NS
2012-07-31,CAIRN.NS
2012-07-31,CIPLA.NS
2012-07-31,COALINDIA.NS
2012-07-31,DLF.NS
2012-07-31,DRREDDY.NS
2012-07-31,GAIL.NS
2012-07-31,GRASIM.NS
2012-07-31,HCLTECH.NS
2012-07-31,HDFC.NS
2012-07-31,HDFCBANK.NS
2012-07-31,HEROMOTOCO.NS
2012-07-31,HINDALCO.NS
2012-07-31,HINDUNILVR.NS
2012-07-31,ICICIBANK.NS
2012-07-31,IDFC.NS
2012-07-31,INFY.NS
2012-07-31,ITC.NS
2012-07-31,JINDALSTEL.NS
2012-07-31,JPASSOCIAT.NS
2012-07-31,KOTAKBANK.NS
2012-07-31,LT.NS
2012-07-31,M&M.NS
2012-07-31,MARUTI.NS
2012-07-31,NTPC.NS
2012-07-31,ONGC.NS
2012-07-31,PNB.NS
2012-07-31,POWERGRID.NS
2012-07-31,RANBAXY.NS
2012-07-31,RELIANCE.NS
2012-07-31,RELINFRA.NS
2012-07-31,SAIL.NS
2012-07-31,SBIN.NS
2012-07-31,SESAGOA.NS
2012-07-31,SIEMENS.NS
2012-07-31,STER.NS
2012-07-31,SUNPHARMA.NS
2012-07-31,TATAMOTORS.NS
2012-07-31,TATAPOWER.NS
2012-07-31,TATASTEEL.NS
2012-07-31,TCS.NS
2012-07-31,WIPRO.NS
2012-08-31,ACC.NS
2012-08-31,AMBUJACEM.NS
2012-08-31,ASIANPAINT.NS
2012-08-31,AXISBANK.NS
2012-08-31,BAJAJAUTO.NS
2012-08-31,BANKBARODA.NS
2012-08-31,BHARTIARTL.NS
2012-08-31,BHEL.NS
2012-08-31,BPCL.NS
2012-08-31,CAIRN.NS
2012-08-31,CIPLA.NS
2012-08-31,COALINDIA.NS
2012-08-31,DLF.NS
2012-08-31,DRREDDY.NS
2012-08-31,GAIL.NS
2012-08-31,GRASIM.NS
2012-08-31,HCLTECH.NS
2012-08-31,HDFC.NS
2012-08-31,HDFCBANK.NS
2012-08-31,HEROMOTOCO.NS
2012-08-31,HINDALCO.NS
2012-08-31,HINDUNILVR.NS
2012-08-31,ICICIBANK.NS
2012-08-31,IDFC.NS
2012-08-31,INFY.NS
2012-08-31,ITC.NS
2012-08-31,JINDALSTEL.NS
2012-08-31,JPASSOCIAT.NS
2012-08-31,KOTAKBANK.NS
2012-08-31,LT.NS
2012-08-31,M&M.NS
2012-08-31,MARUTI.NS
2012-08-31,NTPC.NS
2012-08-31,ONGC.NS
2012-08-31,PNB.NS
2012-08-31,POWERGRID.NS
2012-08-31,RANBAXY.NS
2012-08-31,RELIANCE.NS
2012-08-31,RELINFRA.NS
2012-08-31,SAIL.NS
2012-08-31,SBIN.NS
2012-08-31,SESAGOA.NS
2012-08-31,SIEMENS.NS
2012-08-31,STER.NS
2012-08-31,SUNPHARMA.NS
2012-08-31,TATAMOTORS.NS
2012-08-31,TATAPOWER.NS
2012-08-31,TATASTEEL.NS
2012-08-31,TCS.NS
2012-08-31,WIPRO.NS
2012-09-30,ACC.NS
2012-09-30,AMBUJACEM.NS
2012-09-30,ASIANPAINT.NS
2012-09-30,AXISBANK.NS
2012-09-30,BAJAJAUTO.NS
2012-09-30,BANKBARODA.NS
2012-09-30,BHARTIARTL.NS
2012-09-30,BHEL.NS
2012-09-30,BPCL.NS
2012-09-30,CAIRN.NS
2012-09-30,CIPLA.NS
2012-09-30,COALINDIA.NS
2012-09-30,DLF.NS
2012-09-30,DRREDDY.NS
2012-09-30,GAIL.NS
2012-09-30,GRASIM.NS
2012-09-30,HCLTECH.NS
2012-09-30,HDFC.NS
2012-09-30,HDFCBANK.NS
2012-09-30,HEROMOTOCO.NS
2012-09-30,HINDALCO.NS
2012-09-30,HINDUNILVR.NS
2012-09-30,ICICIBANK.NS
2012-09-30,IDFC.NS
2012-09-30,INFY.NS
2012-09-30,ITC.NS
2012-09-30,JINDALSTEL.NS
2012-09-30,JPASSOCIAT.NS
2012-09-30,KOTAKBANK.NS
2012-09-30,LT.NS
2012-09-30,M&M.NS
2012-09-30,MARUTI.NS
2012-09-30,NTPC.NS
2012-09-30,ONGC.NS
2012-09-30,PNB.NS
2012-09-30,POWERGRID.NS
2012-09-30,RANBAXY.NS
2012-09-30,RELIANCE.NS
2012-09-30,RELINFRA.NS
2012-09-30,SAIL.NS
2012-09-30,SBIN.NS
2012-09-30,SESAGOA.NS
2012-09-30,SIEMENS.NS
2012-09-30,STER.NS
2012-09-30,SUNPHARMA.NS
2012-09-30,TATAMOTORS.NS
2012-09-30,TATAPOWER.NS
2012-09-30,TATASTEEL.NS
2012-09-30,TCS.NS
2012-09-30,WIPRO.NS
2012-10-01,ACC.NS
2012-10-01,AMBUJACEM.NS
2012-10-01,ASIANPAINT.NS
2012-10-01,AXISBANK.NS
2012-10-01,BAJAJAUTO.NS
2012-10-01,BANKBARODA.NS
2012-10-01,BHARTIARTL.NS
2012-10-01,BHEL.NS
2012-10-01,BPCL.NS
2012-10-01,CAIRN.NS
2012-10-01,CIPLA.NS
2012-10-01,COALINDIA.NS
2012-10-01,DLF.NS
2012-10-01,DRREDDY.NS
2012-10-01,GAIL.NS
2012-10-01,GRASIM.NS
2012-10-01,HCLTECH.NS
2012-10-01,HDFC.NS
2012-10-01,HDFCBANK.NS
2012-10-01,HEROMOTOCO.NS
2012-10-01,HINDALCO.NS
2012-10-01,HINDUNILVR.NS
2012-10-01,ICICIBANK.NS
2012-10-01,IDFC.NS
2012-10-01,INFY.NS
2012-10-01,ITC.NS
2012-10-01,JINDALSTEL.NS
2012-10-01,JPASSOCIAT.NS
2012-10-01,KOTAKBANK.NS
2012-10-01,LT.NS
2012-10-01,LUPIN.NS
2012-10-01,M&M.NS
2012-10-01,MARUTI.NS
2012-10-01,NTPC.NS
2012-10-01,ONGC.NS
2012-10-01,PNB.NS
2012-10-01,POWERGRID.NS
2012-10-01,RANBAXY.NS
2012-10-01,RELIANCE.NS
2012-10-01,RELINFRA.NS
2012-10-01,SBIN.NS
2012-10-01,SESAGOA.NS
2012-10-01,SIEMENS.NS
2012-10-01,SUNPHARMA.NS
2012-10-01,TATAMOTORS.NS
2012-10-01,TATAPOWER.NS
2012-10-01,TATASTEEL.NS
2012-10-01,TCS.NS
2012-10-01,ULTRACEMCO.NS
2012-10-01,WIPRO.NS
2012-10-31,ACC.NS
2012-10-31,AMBUJACEM.NS
2012-10-31,ASIANPAINT.NS
2012-10-31,AXISBANK.NS
2012-10-31,BAJAJAUTO.NS
2012-10-31,BANKBARODA.NS
2012-10-31,BHARTIARTL.NS
2012-10-31,BHEL.NS
2012-10-31,BPCL.NS
2012-10-31,CAIRN.NS
2012-10-31,CIPLA.NS
2012-10-31,COALINDIA.NS
2012-10-31,DLF.NS
2012-10-31,DRREDDY.NS
2012-10-31,GAIL.NS
2012-10-31,GRASIM.NS
2012-10-31,HCLTECH.NS
2012-10-31,HDFC.NS
2012-10-31,HDFCBANK.NS
2012-10-31,HEROMOTOCO.NS
2012-10-31,HINDALCO.NS
2012-10-31,HINDUNILVR.NS
2012-10-31,ICICIBANK.NS
2012-10-31,IDFC.NS
2012-10-31,INFY.NS
2012-10-31,ITC.NS
2012-10-31,JINDALSTEL.NS
2012-10-31,JPASSOCIAT.NS
2012-10-31,KOTAKBANK.NS
2012-10-31,LT.NS
2012-10-31,LUPIN.NS
2012-10-31,M&M.NS
2012-10-31,MARUTI.NS
2012-10-31,NTPC.NS
2012-10-31,ONGC.NS
2012-10-31,PNB.NS
2012-10-31,POWERGRID.NS
2012-10-31,RANBAXY.NS
2012-10-31,RELIANCE.NS
2012-10-31,RELINFRA.NS
2012-10-31,SBIN.NS
2012-10-31,SESAGOA.NS
2012-10-31,SIEMENS.NS
2012-10-31,SUNPHARMA.NS
2012-10-31,TATAMOTORS.NS
2012-10-31,TATAPOWER.NS
2012-10-31,TATASTEEL.NS
2012-10-31,TCS.NS
2012-10-31,ULTRACEMCO.NS
2012-10-31,WIPRO.NS
2012-11-30,ACC.NS
2012-11-30,AMBUJACEM.NS
2012-11-30,ASIANPAINT.NS
2012-11-30,AXISBANK.NS
2012-11-30,BAJAJAUTO.NS
2012-11-30,BANKBARODA.NS
2012-11-30,BHARTIARTL.NS
2012-11-30,BHEL.NS
2012-11-30,BPCL.NS
2012-11-30,CAIRN.NS
2012-11-30,CIPLA.NS
2012-11-30,COALINDIA.NS
2012-11-30,DLF.NS
2012-11-30,DRREDDY.NS
2012-11-30,GAIL.NS
2012-11-30,GRASIM.NS
2012-11-30,HCLTECH.NS
2012-11-30,HDFC.NS
2012-11-30,HDFCBANK.NS
2012-11-30,HEROMOTOCO.NS
2012-11-30,HINDALCO.NS
2012-11-30,HINDUNILVR.NS
2012-11-30,ICICIBANK.NS
2012-11-30,IDFC.NS
2012-11-30,INFY.NS
2012-11-30,ITC.NS
2012-11-30,JINDALSTEL.NS
2012-11-30,JPASSOCIAT.NS
2012-11-30,KOTAKBANK.NS
2012-11-30,LT.NS
2012-11-30,LUPIN.NS
2012-11-30,M&M.NS
2012-11-30,MARUTI.NS
2012-11-30,NTPC.NS
2012-11-30,ONGC.NS
2012-11-30,PNB.NS
2012-11-30,POWERGRID.NS
2012-11-30,RANBAXY.NS
2012-11-30,RELIANCE.NS
2012-11-30,RELINFRA.NS
2012-11-30,SBIN.NS
2012-11-30,SESAGOA.NS
2012-11-30,SIEMENS.NS
2012-11-30,SUNPHARMA.NS
2012-11-30,TATAMOTORS.NS
2012-11-30,TATAPOWER.NS
2012-11-30,TATASTEEL.NS
2012-11-30,TCS.NS
2012-11-30,ULTRACEMCO.NS
2012-11-30,WIPRO.NS
2012-12-31,ACC.NS
2012-12-31,AMBUJACEM.NS
2012-12-31,ASIANPAINT.NS
2012-12-31,AXISBANK.NS
2012-12-31,BAJAJAUTO.NS
2012-12-31,BANKBARODA.NS
2012-12-31,BHARTIARTL.NS
2012-12-31,BHEL.NS
2012-12-31,BPCL.NS
2012-12-31,CAIRN.NS
2012-12-31,CIPLA.NS
2012-12-31,COALINDIA.NS
2012-12-31,DLF.NS
2012-12-31,DRREDDY.NS
2012-12-31,GAIL.NS
2012-12-31,GRASIM.NS
2012-12-31,HCLTECH.NS
2012-12-31,HDFC.NS
2012-12-31,HDFCBANK.NS
2012-12-31,HEROMOTOCO.NS
2012-12-31,HINDALCO.NS
2012-12-31,HINDUNILVR.NS
2012-12-31,ICICIBANK.NS
2012-12-31,IDFC.NS
2012-12-31,INFY.NS
2012-12-31,ITC.NS
2012-12-31,JINDALSTEL.NS
2012-12-31,JPASSOCIAT.NS
2012-12-31,KOTAKBANK.NS
2012-12-31,LT.NS
2012-12-31,LUPIN.NS
2012-12-31,M&M.NS
2012-12-31,MARUTI.NS
2012-12-31,NTPC.NS
2012-12-31,ONGC.NS
2012-12-31,PNB.NS
2012-12-31,POWERGRID.NS
2012-12-31,RANBAXY.NS
2012-12-31,RELIANCE.NS
2012-12-31,RELINFRA.NS
2012-12-31,SBIN.NS
2012-12-31,SESAGOA.NS
2012-12-31,SIEMENS.NS
2012-12-31,SUNPHARMA.NS
2012-12-31,TATAMOTORS.NS
2012-12-31,TATAPOWER.NS
2012-12-31,TATASTEEL.NS
2012-12-31,TCS.NS
2012-12-31,ULTRACEMCO.NS
2012-12-31,WIPRO.NS
2013-01-31,ACC.NS
2013-01-31,AMBUJACEM.NS
2013-01-31,ASIANPAINT.NS
2013-01-31,AXISBANK.NS
2013-01-31,BAJAJAUTO.NS
2013-01-31,BANKBARODA.NS
2013-01-31,BHARTIARTL.NS
2013-01-31,BHEL.NS
2013-01-31,BPCL.NS
2013-01-31,CAIRN.NS
2013-01-31,CIPLA.NS
2013-01-31,COALINDIA.NS
2013-01-31,DLF.NS
2013-01-31,DRREDDY.NS
2013-01-31,GAIL.NS
2013-01-31,GRASIM.NS
2013-01-31,HCLTECH.NS
2013-01-31,HDFC.NS
2013-01-31,HDFCBANK.NS
2013-01-31,HEROMOTOCO.NS
2013-01-31,HINDALCO.NS
2013-01-31,HINDUNILVR.NS
2013-01-31,ICICIBANK.NS
2013-01-31,IDFC.NS
2013-01-31,INFY.NS
2013-01-31,ITC.NS
2013-01-31,JINDALSTEL.NS
2013-01-31,JPASSOCIAT.NS
2013-01-31,KOTAKBANK.NS
2013-01-31,LT.NS
2013-01-31,LUPIN.NS
2013-01-31,M&M.NS
2013-01-31,MARUTI.NS
2013-01-31,NTPC.NS
2013-01-31,ONGC.NS
2013-01-31,PNB.NS
2013-01-31,POWERGRID.NS
2013-01-31,RANBAXY.NS
2013-01-31,RELIANCE.NS
2013-01-31,RELINFRA.NS
2013-01-31,SBIN.NS
2013-01-31,SESAGOA.NS
2013-01-31,SIEMENS.NS
2013-01-31,SUNPHARMA.NS
2013-01-31,TATAMOTORS.NS
2013-01-31,TATAPOWER.NS
2013-01-31,TATASTEEL.NS
2013-01-31,TCS.NS
2013-01-31,ULTRACEMCO.NS
2013-01-31,WIPRO.NS
2013-02-28,ACC.NS
2013-02-28,AMBUJACEM.NS
2013-02-28,ASIANPAINT.NS
2013-02-28,AXISBANK.NS
2013-02-28,BAJAJAUTO.NS
2013-02-28,BANKBARODA.NS
2013-02-28,BHARTIARTL.NS
2013-02-28,BHEL.NS
2013-02-28,BPCL.NS
2013-02-28,CAIRN.NS
2013-02-28,CIPLA.NS
2013-02-28,COALINDIA.NS
2013-02-28,DLF.NS
2013-02-28,DRREDDY.NS
2013-02-28,GAIL.NS
2013-02-28,GRASIM.NS
2013-02-28,HCLTECH.NS
2013-02-28,HDFC.NS
2013-02-28,HDFCBANK.NS
2013-02-28,HEROMOTOCO.NS
2013-02-28,HINDALCO.NS
2013-02-28,HINDUNILVR.NS
2013-02-28,ICICIBANK.NS
2013-02-28,IDFC.NS
2013-02-28,INFY.NS
2013-02-28,ITC.NS
2013-02-28,JINDALSTEL.NS
2013-02-28,JPASSOCIAT.NS
2013-02-28,KOTAKBANK.NS
2013-02-28,LT.NS
2013-02-28,LUPIN.NS
2013-02-28,M&M.NS
2013-02-28,MARUTI.NS
2013-02-28,NTPC.NS
2013-02-28,ONGC.NS
2013-02-28,PNB.NS
2013-02-28,POWERGRID.NS
2013-02-28,RANBAXY.NS
2013-02-28,RELIANCE.NS
2013-02-28,RELINFRA.NS
2013-02-28,SBIN.NS
2013-02-28,SESAGOA.NS
2013-02-28,SIEMENS.NS
2013-02-28,SUNPHARMA.NS
2013-02-28,TATAMOTORS.NS
2013-02-28,TATAPOWER.NS
2013-02-28,TATASTEEL.NS
2013-02-28,TCS.NS
2013-02-28,ULTRACEMCO.NS
2013-02-28,WIPRO.NS
2013-03-31,ACC.NS
2013-03-31,AMBUJACEM.NS
2013-03-31,ASIANPAINT.NS
2013-03-31,AXISBANK.NS
2013-03-31,BAJAJAUTO.NS
2013-03-31,BANKBARODA.NS
2013-03-31,BHARTIARTL.NS
2013-03-31,BHEL.NS
2013-03-31,BPCL.NS
2013-03-31,CAIRN.NS
2013-03-31,CIPLA.NS
2013-03-31,COALINDIA.NS
2013-03-31,DLF.NS
2013-03-31,DRREDDY.NS
2013-03-31,GAIL.NS
2013-03-31,GRASIM.NS
2013-03-31,HCLTECH.NS
2013-03-31,HDFC.NS
2013-03-31,HDFCBANK.NS
2013-03-31,HEROMOTOCO.NS
2013-03-31,HINDALCO.NS
2013-03-31,HINDUNILVR.NS
2013-03-31,ICICIBANK.NS
2013-03-31,IDFC.NS
2013-03-31,INFY.NS
2013-03-31,ITC.NS
2013-03-31,JINDALSTEL.NS
2013-03-31,JPASSOCIAT.NS
2013-03-31,KOTAKBANK.NS
2013-03-31,LT.NS
2013-03-31,LUPIN.NS
2013-03-31,M&M.NS
2013-03-31,MARUTI.NS
2013-03-31,NTPC.NS
2013-03-31,ONGC.NS
2013-03-31,PNB.NS
2013-03-31,POWERGRID.NS
2013-03-31,RANBAXY.NS
2013-03-31,RELIANCE.NS
2013-03-31,RELINFRA.NS
2013-03-31,SBIN.NS
2013-03-31,SESAGOA.NS
2013-03-31,SIEMENS.NS
2013-03-31,SUNPHARMA.NS
2013-03-31,TATAMOTORS.NS
2013-03-31,TATAPOWER.NS
2013-03-31,TATASTEEL.NS
2013-03-31,TCS.NS
2013-03-31,ULTRACEMCO.NS
2013-03-31,WIPRO.NS
2013-04-01,ACC.NS
2013-04-01,AMBUJACEM.NS
2013-04-01,ASIANPAINT.NS
2013-04-01,AXISBANK.NS
2013-04-01,BAJAJAUTO.NS
2013-04-01,BANKBARODA.NS
2013-04-01,BHARTIARTL.NS
2013-04-01,BHEL.NS
2013-04-01,BPCL.NS
2013-04-01,CAIRN.NS
2013-04-01,CIPLA.NS
2013-04-01,COALINDIA.NS
2013-04-01,DLF.NS
2013-04-01,DRREDDY.NS
2013-04-01,GAIL.NS
2013-04-01,GRASIM.NS
2013-04-01,HCLTECH.NS
2013-04-01,HDFC.NS
2013-04-01,HDFCBANK.NS
2013-04-01,HEROMOTOCO.NS
2013-04-01,HINDALCO.NS
2013-04-01,HINDUNILVR.NS
2013-04-01,ICICIBANK.NS
2013-04-01,IDFC.NS
2013-04-01,INDUSINDBK.NS
2013-04-01,INFY.NS
2013-04-01,ITC.NS
2013-04-01,JINDALSTEL.NS
2013-04-01,JPASSOCIAT.NS
2013-04-01,KOTAKBANK.NS
2013-04-01,LT.NS
2013-04-01,LUPIN.NS
2013-04-01,M&M.NS
2013-04-01,MARUTI.NS
2013-04-01,NMDC.NS
2013-04-01,NTPC.NS
2013-04-01,ONGC.NS
2013-04-01,PNB.NS
2013-04-01,POWERGRID.NS
2013-04-01,RANBAXY.NS
2013-04-01,RELIANCE.NS
2013-04-01,RELINFRA.NS
2013-04-01,SBIN.NS
2013-04-01,SESAGOA.NS
2013-04-01,SUNPHARMA.NS
2013-04-01,TATAMOTORS.NS
2013-04-01,TATAPOWER.NS
2013-04-01,TATASTEEL.NS
2013-04-01,TCS.NS
2013-04-01,ULTRACEMCO.NS
2013-04-30,ACC.NS
2013-04-30,AMBUJACEM.NS
2013-04-30,ASIANPAINT.NS
2013-04-30,AXISBANK.NS
2013-04-30,BAJAJAUTO.NS
2013-04-30,BANKBARODA.NS
2013-04-30,BHARTIARTL.NS
2013-04-30,BHEL.NS
2013-04-30,BPCL.NS
2013-04-30,CAIRN.NS
2013-04-30,CIPLA.NS
2013-04-30,COALINDIA.NS
2013-04-30,DLF.NS
2013-04-30,DRREDDY.NS
2013-04-30,GAIL.NS
2013-04-30,GRASIM.NS
2013-04-30,HCLTECH.NS
2013-04-30,HDFC.NS
2013-04-30,HDFCBANK.NS
2013-04-30,HEROMOTOCO.NS
2013-04-30,HINDALCO.NS
2013-04-30,HINDUNILVR.NS
2013-04-30,ICICIBANK.NS
2013-04-30,IDFC.NS
2013-04-30,INDUSINDBK.NS
2013-04-30,INFY.NS
2013-04-30,ITC.NS
2013-04-30,JINDALSTEL.NS
2013-04-30,JPASSOCIAT.NS
2013-04-30,KOTAKBANK.NS
2013-04-30,LT.NS
2013-04-30,LUPIN.NS
2013-04-30,M&M.NS
2013-04-30,MARUTI.NS
2013-04-30,NMDC.NS
2013-04-30,NTPC.NS
2013-04-30,ONGC.NS
2013-04-30,PNB.NS
2013-04-30,POWERGRID.NS
2013-04-30,RANBAXY.NS
2013-04-30,RELIANCE.NS
2013-04-30,RELINFRA.NS
2013-04-30,SBIN.NS
2013-04-30,SESAGOA.NS
2013-04-30,SUNPHARMA.NS
2013-04-30,TATAMOTORS.NS
2013-04-30,TATAPOWER.NS
2013-04-30,TATASTEEL.NS
2013-04-30,TCS.NS
2013-04-30,ULTRACEMCO.NS
2013-05-31,ACC.NS
2013-05-31,AMBUJACEM.NS
2013-05-31,ASIANPAINT.NS
2013-05-31,AXISBANK.NS
2013-05-31,BAJAJAUTO.NS
2013-05-31,BANKBARODA.NS
2013-05-31,BHARTIARTL.NS
2013-05-31,BHEL.NS
2013-05-31,BPCL.NS
2013-05-31,CAIRN.NS
2013-05-31,CIPLA.NS
2013-05-31,COALINDIA.NS
2013-05-31,DLF.NS
2013-05-31,DRREDDY.NS
2013-05-31,GAIL.NS
2013-05-31,GRASIM.NS
2013-05-31,HCLTECH.NS
2013-05-31,HDFC.NS
2013-05-31,HDFCBANK.NS
2013-05-31,HEROMOTOCO.NS
2013-05-31,HINDALCO.NS
2013-05-31,HINDUNILVR.NS
2013-05-31,ICICIBANK.NS
2013-05-31,IDFC.NS
2013-05-31,INDUSINDBK.NS
2013-05-31,INFY.NS
2013-05-31,ITC.NS
2013-05-31,JINDALSTEL.NS
2013-05-31,JPASSOCIAT.NS
2013-05-31,KOTAKBANK.NS
2013-05-31,LT.NS
2013-05-31,LUPIN.NS
2013-05-31,M&M.NS
2013-05-31,MARUTI.NS
2013-05-31,NMDC.NS
2013-05-31,NTPC.NS
2013-05-31,ONGC.NS
2013-05-31,PNB.NS
2013-05-31,POWERGRID.NS
2013-05-31,RANBAXY.NS
2013-05-31,RELIANCE.NS
2013-05-31,RELINFRA.NS
2013-05-31,SBIN.NS
2013-05-31,SESAGOA.NS
2013-05-31,SUNPHARMA.NS
2013-05-31,TATAMOTORS.NS
2013-05-31,TATAPOWER.NS
2013-05-31,TATASTEEL.NS
2013-05-31,TCS.NS
2013-05-31,ULTRACEMCO.NS
2013-06-30,ACC.NS
2013-06-30,AMBUJACEM.NS
2013-06-30,ASIANPAINT.NS
2013-06-30,AXISBANK.NS
2013-06-30,BAJAJAUTO.NS
2013-06-30,BANKBARODA.NS
2013-06-30,BHARTIARTL.NS
2013-06-30,BHEL.NS
2013-06-30,BPCL.NS
2013-06-30,CAIRN.NS
2013-06-30,CIPLA.NS
2013-06-30,COALINDIA.NS
2013-06-30,DLF.NS
2013-06-30,DRREDDY.NS
2013-06-30,GAIL.NS
2013-06-30,GRASIM.NS
2013-06-30,HCLTECH.NS
2013-06-30,HDFC.NS
2013-06-30,HDFCBANK.NS
2013-06-30,HEROMOTOCO.NS
2013-06-30,HINDALCO.NS
2013-06-30,HINDUNILVR.NS
2013-06-30,ICICIBANK.NS
2013-06-30,IDFC.NS
2013-06-30,INDUSINDBK.NS
2013-06-30,INFY.NS
2013-06-30,ITC.NS
2013-06-30,JINDALSTEL.NS
2013-06-30,JPASSOCIAT.NS
2013-06-30,KOTAKBANK.NS
2013-06-30,LT.NS
2013-06-30,LUPIN.NS
2013-06-30,M&M.NS
2013-06-30,MARUTI.NS
2013-06-30,NMDC.NS
2013-06-30,NTPC.NS
2013-06-30,ONGC.NS
2013-06-30,PNB.NS
2013-06-30,POWERGRID.NS
2013-06-30,RANBAXY.NS
2013-06-30,RELIANCE.NS
2013-06-30,RELINFRA.NS
2013-06-30,SBIN.NS
2013-06-30,SESAGOA.NS
2013-06-30,SUNPHARMA.NS
2013-06-30,TATAMOTORS.NS
2013-06-30,TATAPOWER.NS
2013-06-30,TATASTEEL.NS
2013-06-30,TCS.NS
2013-06-30,ULTRACEMCO.NS
2013-07-31,ACC.NS
2013-07-31,AMBUJACEM.NS
2013-07-31,ASIANPAINT.NS
2013-07-31,AXISBANK.NS
2013-07-31,BAJAJAUTO.NS
2013-07-31,BANKBARODA.NS
2013-07-31,BHARTIARTL.NS
2013-07-31,BHEL.NS
2013-07-31,BPCL.NS
2013-07-31,CAIRN.NS
2013-07-31,CIPLA.NS
2013-07-31,COALINDIA.NS
2013-07-31,DLF.NS
2013-07-31,DRREDDY.NS
2013-07-31,GAIL.NS
2013-07-31,GRASIM.NS
2013-07-31,HCLTECH.NS
2013-07-31,HDFC.NS
2013-07-31,HDFCBANK.NS
2013-07-31,HEROMOTOCO.NS
2013-07-31,HINDALCO.NS
2013-07-31,HINDUNILVR.NS
2013-07-31,ICICIBANK.NS
2013-07-31,IDFC.NS
2013-07-31,INDUSINDBK.NS
2013-07-31,INFY.NS
2013-07-31,ITC.NS
2013-07-31,JINDALSTEL.NS
2013-07-31,JPASSOCIAT.NS
2013-07-31,KOTAKBANK.NS
2013-07-31,LT.NS
2013-07-31,LUPIN.NS
2013-07-31,M&M.NS
2013-07-31,MARUTI.NS
2013-07-31,NMDC.NS
2013-07-31,NTPC.NS
2013-07-31,ONGC.NS
2013-07-31,PNB.NS
2013-07-31,POWERGRID.NS
2013-07-31,RANBAXY.NS
2013-07-31,RELIANCE.NS
2013-07-31,RELINFRA.NS
2013-07-31,SBIN.NS
2013-07-31,SESAGOA.NS
2013-07-31,SUNPHARMA.NS
2013-07-31,TATAMOTORS.NS
2013-07-31,TATAPOWER.NS
2013-07-31,TATASTEEL.NS
2013-07-31,TCS.NS
2013-07-31,ULTRACEMCO.NS
2013-08-31,ACC.NS
2013-08-31,AMBUJACEM.NS
2013-08-31,ASIANPAINT.NS
2013-08-31,AXISBANK.NS
2013-08-31,BAJAJAUTO.NS
2013-08-31,BANKBARODA.NS
2013-08-31,BHARTIARTL.NS
2013-08-31,BHEL.NS
2013-08-31,BPCL.NS
2013-08-31,CAIRN.NS
2013-08-31,CIPLA.NS
2013-08-31,COALINDIA.NS
2013-08-31,DLF.NS
2013-08-31,DRREDDY.NS
2013-08-31,GAIL.NS
2013-08-31,GRASIM.NS
2013-08-31,HCLTECH.NS
2013-08-31,HDFC.NS
2013-08-31,HDFCBANK.NS
2013-08-31,HEROMOTOCO.NS
2013-08-31,HINDALCO.NS
2013-08-31,HINDUNILVR.NS
2013-08-31,ICICIBANK.NS
2013-08-31,IDFC.NS
2013-08-31,INDUSINDBK.NS
2013-08-31,INFY.NS
2013-08-31,ITC.NS
2013-08-31,JINDALSTEL.NS
2013-08-31,JPASSOCIAT.NS
2013-08-31,KOTAKBANK.NS
2013-08-31,LT.NS
2013-08-31,LUPIN.NS
2013-08-31,M&M.NS
2013-08-31,MARUTI.NS
2013-08-31,NMDC.NS
2013-08-31,NTPC.NS
2013-08-31,ONGC.NS
2013-08-31,PNB.NS
2013-08-31,POWERGRID.NS
2013-08-31,RANBAXY.NS
2013-08-31,RELIANCE.NS
2013-08-31,RELINFRA.NS
2013-08-31,SBIN.NS
2013-08-31,SESAGOA.NS
2013-08-31,SUNPHARMA.NS
2013-08-31,TATAMOTORS.NS
2013-08-31,TATAPOWER.NS
2013-08-31,TATASTEEL.NS
2013-08-31,TCS.NS
2013-08-31,ULTRACEMCO.NS
2013-09-30,ACC.NS
2013-09-30,AMBUJACEM.NS
2013-09-30,ASIANPAINT.NS
2013-09-30,AXISBANK.NS
2013-09-30,BAJAJAUTO.NS
2013-09-30,BANKBARODA.NS
2013-09-30,BHARTIARTL.NS
2013-09-30,BHEL.NS
2013-09-30,BPCL.NS
2013-09-30,CAIRN.NS
2013-09-30,CIPLA.NS
2013-09-30,COALINDIA.NS
2013-09-30,DLF.NS
2013-09-30,DRREDDY.NS
2013-09-30,GAIL.NS
2013-09-30,GRASIM.NS
2013-09-30,HCLTECH.NS
2013-09-30,HDFC.NS
2013-09-30,HDFCBANK.NS
2013-09-30,HEROMOTOCO.NS
2013-09-30,HINDALCO.NS
2013-09-30,HINDUNILVR.NS
2013-09-30,ICICIBANK.NS
2013-09-30,IDFC.NS
2013-09-30,INDUSINDBK.NS
2013-09-30,INFY.NS
2013-09-30,ITC.NS
2013-09-30,JINDALSTEL.NS
2013-09-30,JPASSOCIAT.NS
2013-09-30,KOTAKBANK.NS
2013-09-30,LT.NS
2013-09-30,LUPIN.NS
2013-09-30,M&M.NS
2013-09-30,MARUTI.NS
2013-09-30,NMDC.NS
2013-09-30,NTPC.NS
2013-09-30,ONGC.NS
2013-09-30,PNB.NS
2013-09-30,POWERGRID.NS
2013-09-30,RANBAXY.NS
2013-09-30,RELIANCE.NS
2013-09-30,RELINFRA.NS
2013-09-30,SBIN.NS
2013-09-30,SESAGOA.NS
2013-09-30,SUNPHARMA.NS
2013-09-30,TATAMOTORS.NS
2013-09-30,TATAPOWER.NS
2013-09-30,TATASTEEL.NS
2013-09-30,TCS.NS
2013-09-30,ULTRACEMCO.NS
2013-10-04,ACC.NS
2013-10-04,AMBUJACEM.NS
2013-10-04,ASIANPAINT.NS
2013-10-04,AXISBANK.NS
2013-10-04,BAJAJAUTO.NS
2013-10-04,BANKBARODA.NS
2013-10-04,BHARTIARTL.NS
2013-10-04,BHEL.NS
2013-10-04,BPCL.NS
2013-10-04,CAIRN.NS
2013-10-04,CIPLA.NS
2013-10-04,COALINDIA.NS
2013-10-04,DLF.NS
2013-10-04,DRREDDY.NS
2013-10-04,GAIL.NS
2013-10-04,GRASIM.NS
2013-10-04,HCLTECH.NS
2013-10-04,HDFC.NS
2013-10-04,HDFCBANK.NS
2013-10-04,HEROMOTOCO.NS
2013-10-04,HINDALCO.NS
2013-10-04,HINDUNILVR.NS
2013-10-04,ICICIBANK.NS
2013-10-04,IDFC.NS
2013-10-04,INDUSINDBK.NS
2013-10-04,INFY.NS
2013-10-04,ITC.NS
2013-10-04,JINDALSTEL.NS
2013-10-04,JPASSOCIAT.NS
2013-10-04,KOTAKBANK.NS
2013-10-04,LT.NS
2013-10-04,LUPIN.NS
2013-10-04,M&M.NS
2013-10-04,MARUTI.NS
2013-10-04,NMDC.NS
2013-10-04,NTPC.NS
2013-10-04,ONGC.NS
2013-10-04,PNB.NS
2013-10-04,POWERGRID.NS
2013-10-04,RANBAXY.NS
2013-10-04,RELIANCE.NS
2013-10-04,SBIN.NS
2013-10-04,SUNPHARMA.NS
2013-10-04,TATAMOTORS.NS
2013-10-04,TATAPOWER.NS
2013-10-04,TATASTEEL.NS
2013-10-04,TCS.NS
2013-10-04,ULTRACEMCO.NS
2013-10-04,VEDL.NS
2013-10-04,WIPRO.NS
2013-10-31,ACC.NS
2013-10-31,AMBUJACEM.NS
2013-10-31,ASIANPAINT.NS
2013-10-31,AXISBANK.NS
2013-10-31,BAJAJAUTO.NS
2013-10-31,BANKBARODA.NS
2013-10-31,BHARTIARTL.NS
2013-10-31,BHEL.NS
2013-10-31,BPCL.NS
2013-10-31,CAIRN.NS
2013-10-31,CIPLA.NS
2013-10-31,COALINDIA.NS
2013-10-31,DLF.NS
2013-10-31,DRREDDY.NS
2013-10-31,GAIL.NS
2013-10-31,GRASIM.NS
2013-10-31,HCLTECH.NS
2013-10-31,HDFC.NS
2013-10-31,HDFCBANK.NS
2013-10-31,HEROMOTOCO.NS
2013-10-31,HINDALCO.NS
2013-10-31,HINDUNILVR.NS
2013-10-31,ICICIBANK.NS
2013-10-31,IDFC.NS
2013-10-31,INDUSINDBK.NS
2013-10-31,INFY.NS
2013-10-31,ITC.NS
2013-10-31,JINDALSTEL.NS
2013-10-31,JPASSOCIAT.NS
2013-10-31,KOTAKBANK.NS
2013-10-31,LT.NS
2013-10-31,LUPIN.NS
2013-10-31,M&M.NS
2013-10-31,MARUTI.NS
2013-10-31,NMDC.NS
2013-10-31,NTPC.NS
2013-10-31,ONGC.NS
2013-10-31,PNB.NS
2013-10-31,POWERGRID.NS
2013-10-31,RANBAXY.NS
2013-10-31,RELIANCE.NS
2013-10-31,SBIN.NS
2013-10-31,SUNPHARMA.NS
2013-10-31,TATAMOTORS.NS
2013-10-31,TATAPOWER.NS
2013-10-31,TATASTEEL.NS
2013-10-31,TCS.NS
2013-10-31,ULTRACEMCO.NS
2013-10-31,VEDL.NS
2013-10-31,WIPRO.NS
2013-11-30,ACC.NS
2013-11-30,AMBUJACEM.NS
2013-11-30,ASIANPAINT.NS
2013-11-30,AXISBANK.NS
2013-11-30,BAJAJAUTO.NS
2013-11-30,BANKBARODA.NS
2013-11-30,BHARTIARTL.NS
2013-11-30,BHEL.NS
2013-11-30,BPCL.NS
2013-11-30,CAIRN.NS
2013-11-30,CIPLA.NS
2013-11-30,COALINDIA.NS
2013-11-30,DLF.NS
2013-11-30,DRREDDY.NS
2013-11-30,GAIL.NS
2013-11-30,GRASIM.NS
2013-11-30,HCLTECH.NS
2013-11-30,HDFC.NS
2013-11-30,HDFCBANK.NS
2013-11-30,HEROMOTOCO.NS
2013-11-30,HINDALCO.NS
2013-11-30,HINDUNILVR.NS
2013-11-30,ICICIBANK.NS
2013-11-30,IDFC.NS
2013-11-30,INDUSINDBK.NS
2013-11-30,INFY.NS
2013-11-30,ITC.NS
2013-11-30,JINDALSTEL.NS
2013-11-30,JPASSOCIAT.NS
2013-11-30,KOTAKBANK.NS
2013-11-30,LT.NS
2013-11-30,LUPIN.NS
2013-11-30,M&M.NS
2013-11-30,MARUTI.NS
2013-11-30,NMDC.NS
2013-11-30,NTPC.NS
2013-11-30,ONGC.NS
2013-11-30,PNB.NS
2013-11-30,POWERGRID.NS
2013-11-30,RANBAXY.NS
2013-11-30,RELIANCE.NS
2013-11-30,SBIN.NS
2013-11-30,SUNPHARMA.NS
2013-11-30,TATAMOTORS.NS
2013-11-30,TATAPOWER.NS
2013-11-30,TATASTEEL.NS
2013-11-30,TCS.NS
2013-11-30,ULTRACEMCO.NS
2013-11-30,VEDL.NS
2013-11-30,WIPRO.NS
2013-12-31,ACC.NS
2013-12-31,AMBUJACEM.NS
2013-12-31,ASIANPAINT.NS
2013-12-31,AXISBANK.NS
2013-12-31,BAJAJAUTO.NS
2013-12-31,BANKBARODA.NS
2013-12-31,BHARTIARTL.NS
2013-12-31,BHEL.NS
2013-12-31,BPCL.NS
2013-12-31,CAIRN.NS
2013-12-31,CIPLA.NS
2013-12-31,COALINDIA.NS
2013-12-31,DLF.NS
2013-12-31,DRREDDY.NS
2013-12-31,GAIL.NS
2013-12-31,GRASIM.NS
2013-12-31,HCLTECH.NS
2013-12-31,HDFC.NS
2013-12-31,HDFCBANK.NS
2013-12-31,HEROMOTOCO.NS
2013-12-31,HINDALCO.NS
2013-12-31,HINDUNILVR.NS
2013-12-31,ICICIBANK.NS
2013-12-31,IDFC.NS
2013-12-31,INDUSINDBK.NS
2013-12-31,INFY.NS
2013-12-31,ITC.NS
2013-12-31,JINDALSTEL.NS
2013-12-31,JPASSOCIAT.NS
2013-12-31,KOTAKBANK.NS
2013-12-31,LT.NS
2013-12-31,LUPIN.NS
2013-12-31,M&M.NS
2013-12-31,MARUTI.NS
2013-12-31,NMDC.NS
2013-12-31,NTPC.NS
2013-12-31,ONGC.NS
2013-12-31,PNB.NS
2013-12-31,POWERGRID.NS
2013-12-31,RANBAXY.NS
2013-12-31,RELIANCE.NS
2013-12-31,SBIN.NS
2013-12-31,SUNPHARMA.NS
2013-12-31,TATAMOTORS.NS
2013-12-31,TATAPOWER.NS
2013-12-31,TATASTEEL.NS
2013-12-31,TCS.NS
2013-12-31,ULTRACEMCO.NS
2013-12-31,VEDL.NS
2013-12-31,WIPRO.NS
2014-01-31,ACC.NS
2014-01-31,AMBUJACEM.NS
2014-01-31,ASIANPAINT.NS
2014-01-31,AXISBANK.NS
2014-01-31,BAJAJAUTO.NS
2014-01-31,BANKBARODA.NS
2014-01-31,BHARTIARTL.NS
2014-01-31,BHEL.NS
2014-01-31,BPCL.NS
2014-01-31,CAIRN.NS
2014-01-31,CIPLA.NS
2014-01-31,COALINDIA.NS
2014-01-31,DLF.NS
2014-01-31,DRREDDY.NS
2014-01-31,GAIL.NS
2014-01-31,GRASIM.NS
2014-01-31,HCLTECH.NS
2014-01-31,HDFC.NS
2014-01-31,HDFCBANK.NS
2014-01-31,HEROMOTOCO.NS
2014-01-31,HINDALCO.NS
2014-01-31,HINDUNILVR.NS
2014-01-31,ICICIBANK.NS
2014-01-31,IDFC.NS
2014-01-31,INDUSINDBK.NS
2014-01-31,INFY.NS
2014-01-31,ITC.NS
2014-01-31,JINDALSTEL.NS
2014-01-31,JPASSOCIAT.NS
2014-01-31,KOTAKBANK.NS
2014-01-31,LT.NS
2014-01-31,LUPIN.NS
2014-01-31,M&M.NS
2014-01-31,MARUTI.NS
2014-01-31,NMDC.NS
2014-01-31,NTPC.NS
2014-01-31,ONGC.NS
2014-01-31,PNB.NS
2014-01-31,POWERGRID.NS
2014-01-31,RANBAXY.NS
2014-01-31,RELIANCE.NS
2014-01-31,SBIN.NS
2014-01-31,SUNPHARMA.NS
2014-01-31,TATAMOTORS.NS
2014-01-31,TATAPOWER.NS
2014-01-31,TATASTEEL.NS
2014-01-31,TCS.NS
2014-01-31,ULTRACEMCO.NS
2014-01-31,VEDL.NS
2014-01-31,WIPRO.NS
2014-02-27,ACC.NS
2014-02-27,AMBUJACEM.NS
2014-02-27,ASIANPAINT.NS
2014-02-27,AXISBANK.NS
2014-02-27,BAJAJAUTO.NS
2014-02-27,BANKBARODA.NS
2014-02-27,BHARTIARTL.NS
2014-02-27,BHEL.NS
2014-02-27,BPCL.NS
2014-02-27,CAIRN.NS
2014-02-27,CIPLA.NS
2014-02-27,COALINDIA.NS
2014-02-27,DLF.NS
2014-02-27,DRREDDY.NS
2014-02-27,GAIL.NS
2014-02-27,GRASIM.NS
2014-02-27,HCLTECH.NS
2014-02-27,HDFC.NS
2014-02-27,HDFCBANK.NS
2014-02-27,HEROMOTOCO.NS
2014-02-27,HINDALCO.NS
2014-02-27,HINDUNILVR.NS
2014-02-27,ICICIBANK.NS
2014-02-27,IDFC.NS
2014-02-27,INDUSINDBK.NS
2014-02-27,INFY.NS
2014-02-27,ITC.NS
2014-02-27,JINDALSTEL.NS
2014-02-27,JPASSOCIAT.NS
2014-02-27,KOTAKBANK.NS
2014-02-27,LT.NS
2014-02-27,LUPIN.NS
2014-02-27,M&M.NS
2014-02-27,MARUTI.NS
2014-02-27,NMDC.NS
2014-02-27,NTPC.NS
2014-02-27,ONGC.NS
2014-02-27,PNB.NS
2014-02-27,POWERGRID.NS
2014-02-27,RANBAXY.NS
2014-02-27,RELIANCE.NS
2014-02-27,SBIN.NS
2014-02-27,SUNPHARMA.NS
2014-02-27,TATAMOTORS.NS
2014-02-27,TATAPOWER.NS
2014-02-27,TATASTEEL.NS
2014-02-27,TCS.NS
2014-02-27,ULTRACEMCO.NS
2014-02-27,VEDL.NS
2014-02-27,WIPRO.NS
2014-03-28,ACC.NS
2014-03-28,AMBUJACEM.NS
2014-03-28,ASIANPAINT.NS
2014-03-28,AXISBANK.NS
2014-03-28,BAJAJAUTO.NS
2014-03-28,BANKBARODA.NS
2014-03-28,BHARTIARTL.NS
2014-03-28,BHEL.NS
2014-03-28,BPCL.NS
2014-03-28,CAIRN.NS
2014-03-28,CIPLA.NS
2014-03-28,COALINDIA.NS
2014-03-28,DLF.NS
2014-03-28,DRREDDY.NS
2014-03-28,GAIL.NS
2014-03-28,GRASIM.NS
2014-03-28,HCLTECH.NS
2014-03-28,HDFC.NS
2014-03-28,HDFCBANK.NS
2014-03-28,HEROMOTOCO.NS
2014-03-28,HINDALCO.NS
2014-03-28,HINDUNILVR.NS
2014-03-28,ICICIBANK.NS
2014-03-28,IDFC.NS
2014-03-28,INDUSINDBK.NS
2014-03-28,INFY.NS
2014-03-28,ITC.NS
2014-03-28,JINDALSTEL.NS
2014-03-28,KOTAKBANK.NS
2014-03-28,LT.NS
2014-03-28,LUPIN.NS
2014-03-28,M&M.NS
2014-03-28,MARUTI.NS
2014-03-28,MCDOWELL-N.NS
2014-03-28,NMDC.NS
2014-03-28,NTPC.NS
2014-03-28,ONGC.NS
2014-03-28,PNB.NS
2014-03-28,POWERGRID.NS
2014-03-28,RELIANCE.NS
2014-03-28,SBIN.NS
2014-03-28,SUNPHARMA.NS
2014-03-28,TATAMOTORS.NS
2014-03-28,TATAPOWER.NS
2014-03-28,TATASTEEL.NS
2014-03-28,TCS.NS
2014-03-28,TECHM.NS
2014-03-28,ULTRACEMCO.NS
2014-03-28,VEDL.NS
2014-03-28,WIPRO.NS
2014-04-30,ACC.NS
2014-04-30,AMBUJACEM.NS
2014-04-30,ASIANPAINT.NS
2014-04-30,AXISBANK.NS
2014-04-30,BAJAJAUTO.NS
2014-04-30,BANKBARODA.NS
2014-04-30,BHARTIARTL.NS
2014-04-30,BHEL.NS
2014-04-30,BPCL.NS
2014-04-30,CAIRN.NS
2014-04-30,CIPLA.NS
2014-04-30,COALINDIA.NS
2014-04-30,DLF.NS
2014-04-30,DRREDDY.NS
2014-04-30,GAIL.NS
2014-04-30,GRASIM.NS
2014-04-30,HCLTECH.NS
2014-04-30,HDFC.NS
2014-04-30,HDFCBANK.NS
2014-04-30,HEROMOTOCO.NS
2014-04-30,HINDALCO.NS
2014-04-30,HINDUNILVR.NS
2014-04-30,ICICIBANK.NS
2014-04-30,IDFC.NS
2014-04-30,INDUSINDBK.NS
2014-04-30,INFY.NS
2014-04-30,ITC.NS
2014-04-30,JINDALSTEL.NS
2014-04-30,KOTAKBANK.NS
2014-04-30,LT.NS
2014-04-30,LUPIN.NS
2014-04-30,M&M.NS
2014-04-30,MARUTI.NS
2014-04-30,MCDOWELL-N.NS
2014-04-30,NMDC.NS
2014-04-30,NTPC.NS
2014-04-30,ONGC.NS
2014-04-30,PNB.NS
2014-04-30,POWERGRID.NS
2014-04-30,RELIANCE.NS
2014-04-30,SBIN.NS
2014-04-30,SUNPHARMA.NS
2014-04-30,TATAMOTORS.NS
2014-04-30,TATAPOWER.NS
2014-04-30,TATASTEEL.NS
2014-04-30,TCS.NS
2014-04-30,TECHM.NS
2014-04-30,ULTRACEMCO.NS
2014-04-30,VEDL.NS
2014-04-30,WIPRO.NS
2014-05-31,ACC.NS
2014-05-31,AMBUJACEM.NS
2014-05-31,ASIANPAINT.NS
2014-05-31,AXISBANK.NS
2014-05-31,BAJAJAUTO.NS
2014-05-31,BANKBARODA.NS
2014-05-31,BHARTIARTL.NS
2014-05-31,BHEL.NS
2014-05-31,BPCL.NS
2014-05-31,CAIRN.NS
2014-05-31,CIPLA.NS
2014-05-31,COALINDIA.NS
2014-05-31,DLF.NS
2014-05-31,DRREDDY.NS
2014-05-31,GAIL.NS
2014-05-31,GRASIM.NS
2014-05-31,HCLTECH.NS
2014-05-31,HDFC.NS
2014-05-31,HDFCBANK.NS
2014-05-31,HEROMOTOCO.NS
2014-05-31,HINDALCO.NS
2014-05-31,HINDUNILVR.NS
2014-05-31,ICICIBANK.NS
2014-05-31,IDFC.NS
2014-05-31,INDUSINDBK.NS
2014-05-31,INFY.NS
2014-05-31,ITC.NS
2014-05-31,JINDALSTEL.NS
2014-05-31,KOTAKBANK.NS
2014-05-31,LT.NS
2014-05-31,LUPIN.NS
2014-05-31,M&M.NS
2014-05-31,MARUTI.NS
2014-05-31,MCDOWELL-N.NS
2014-05-31,NMDC.NS
2014-05-31,NTPC.NS
2014-05-31,ONGC.NS
2014-05-31,PNB.NS
2014-05-31,POWERGRID.NS
2014-05-31,RELIANCE.NS
2014-05-31,SBIN.NS
2014-05-31,SUNPHARMA.NS
2014-05-31,TATAMOTORS.NS
2014-05-31,TATAPOWER.NS
2014-05-31,TATASTEEL.NS
2014-05-31,TCS.NS
2014-05-31,TECHM.NS
2014-05-31,ULTRACEMCO.NS
2014-05-31,VEDL.NS
2014-05-31,WIPRO.NS
2014-06-30,ACC.NS
2014-06-30,AMBUJACEM.NS
2014-06-30,ASIANPAINT.NS
2014-06-30,AXISBANK.NS
2014-06-30,BAJAJAUTO.NS
2014-06-30,BANKBARODA.NS
2014-06-30,BHARTIARTL.NS
2014-06-30,BHEL.NS
2014-06-30,BPCL.NS
2014-06-30,CAIRN.NS
2014-06-30,CIPLA.NS
2014-06-30,COALINDIA.NS
2014-06-30,DLF.NS
2014-06-30,DRREDDY.NS
2014-06-30,GAIL.NS
2014-06-30,GRASIM.NS
2014-06-30,HCLTECH.NS
2014-06-30,HDFC.NS
2014-06-30,HDFCBANK.NS
2014-06-30,HEROMOTOCO.NS
2014-06-30,HINDALCO.NS
2014-06-30,HINDUNILVR.NS
2014-06-30,ICICIBANK.NS
2014-06-30,IDFC.NS
2014-06-30,INDUSINDBK.NS
2014-06-30,INFY.NS
2014-06-30,ITC.NS
2014-06-30,JINDALSTEL.NS
2014-06-30,KOTAKBANK.NS
2014-06-30,LT.NS
2014-06-30,LUPIN.NS
2014-06-30,M&M.NS
2014-06-30,MARUTI.NS
2014-06-30,MCDOWELL-N.NS
2014-06-30,NMDC.NS
2014-06-30,NTPC.NS
2014-06-30,ONGC.NS
2014-06-30,PNB.NS
2014-06-30,POWERGRID.NS
2014-06-30,RELIANCE.NS
2014-06-30,SBIN.NS
2014-06-30,SUNPHARMA.NS
2014-06-30,TATAMOTORS.NS
2014-06-30,TATAPOWER.NS
2014-06-30,TATASTEEL.NS
2014-06-30,TCS.NS
2014-06-30,TECHM.NS
2014-06-30,ULTRACEMCO.NS
2014-06-30,VEDL.NS
2014-06-30,WIPRO.NS
2014-07-31,ACC.NS
2014-07-31,AMBUJACEM.NS
2014-07-31,ASIANPAINT.NS
2014-07-31,AXISBANK.NS
2014-07-31,BAJAJAUTO.NS
2014-07-31,BANKBARODA.NS
2014-07-31,BHARTIARTL.NS
2014-07-31,BHEL.NS
2014-07-31,BPCL.NS
2014-07-31,CAIRN.NS
2014-07-31,CIPLA.NS
2014-07-31,COALINDIA.NS
2014-07-31,DLF.NS
2014-07-31,DRREDDY.NS
2014-07-31,GAIL.NS
2014-07-31,GRASIM.NS
2014-07-31,HCLTECH.NS
2014-07-31,HDFC.NS
2014-07-31,HDFCBANK.NS
2014-07-31,HEROMOTOCO.NS
2014-07-31,HINDALCO.NS
2014-07-31,HINDUNILVR.NS
2014-07-31,ICICIBANK.NS
2014-07-31,IDFC.NS
2014-07-31,INDUSINDBK.NS
2014-07-31,INFY.NS
2014-07-31,ITC.NS
2014-07-31,JINDALSTEL.NS
2014-07-31,KOTAKBANK.NS
2014-07-31,LT.NS
2014-07-31,LUPIN.NS
2014-07-31,M&M.NS
2014-07-31,MARUTI.NS
2014-07-31,MCDOWELL-N.NS
2014-07-31,NMDC.NS
2014-07-31,NTPC.NS
2014-07-31,ONGC.NS
2014-07-31,PNB.NS
2014-07-31,POWERGRID.NS
2014-07-31,RELIANCE.NS
2014-07-31,SBIN.NS
2014-07-31,SUNPHARMA.NS
2014-07-31,TATAMOTORS.NS
2014-07-31,TATAPOWER.NS
2014-07-31,TATASTEEL.NS
2014-07-31,TCS.NS
2014-07-31,TECHM.NS
2014-07-31,ULTRACEMCO.NS
2014-07-31,VEDL.NS
2014-07-31,WIPRO.NS
2014-08-31,ACC.NS
2014-08-31,AMBUJACEM.NS
2014-08-31,ASIANPAINT.NS
2014-08-31,AXISBANK.NS
2014-08-31,BAJAJAUTO.NS
2014-08-31,BANKBARODA.NS
2014-08-31,BHARTIARTL.NS
2014-08-31,BHEL.NS
2014-08-31,BPCL.NS
2014-08-31,CAIRN.NS
2014-08-31,CIPLA.NS
2014-08-31,COALINDIA.NS
2014-08-31,DLF.NS
2014-08-31,DRREDDY.NS
2014-08-31,GAIL.NS
2014-08-31,GRASIM.NS
2014-08-31,HCLTECH.NS
2014-08-31,HDFC.NS
2014-08-31,HDFCBANK.NS
2014-08-31,HEROMOTOCO.NS
2014-08-31,HINDALCO.NS
2014-08-31,HINDUNILVR.NS
2014-08-31,ICICIBANK.NS
2014-08-31,IDFC.NS
2014-08-31,INDUSINDBK.NS
2014-08-31,INFY.NS
2014-08-31,ITC.NS
2014-08-31,JINDALSTEL.NS
2014-08-31,KOTAKBANK.NS
2014-08-31,LT.NS
2014-08-31,LUPIN.NS
2014-08-31,M&M.NS
2014-08-31,MARUTI.NS
2014-08-31,MCDOWELL-N.NS
2014-08-31,NMDC.NS
2014-08-31,NTPC.NS
2014-08-31,ONGC.NS
2014-08-31,PNB.NS
2014-08-31,POWERGRID.NS
2014-08-31,RELIANCE.NS
2014-08-31,SBIN.NS
2014-08-31,SUNPHARMA.NS
2014-08-31,TATAMOTORS.NS
2014-08-31,TATAPOWER.NS
2014-08-31,TATASTEEL.NS
2014-08-31,TCS.NS
2014-08-31,TECHM.NS
2014-08-31,ULTRACEMCO.NS
2014-08-31,VEDL.NS
2014-08-31,WIPRO.NS
2014-09-26,ACC.NS
2014-09-26,AMBUJACEM.NS
2014-09-26,ASIANPAINT.NS
2014-09-26,AXISBANK.NS
2014-09-26,BAJAJAUTO.NS
2014-09-26,BANKBARODA.NS
2014-09-26,BHARTIARTL.NS
2014-09-26,BHEL.NS
2014-09-26,BPCL.NS
2014-09-26,CAIRN.NS
2014-09-26,CIPLA.NS
2014-09-26,COALINDIA.NS
2014-09-26,DLF.NS
2014-09-26,DRREDDY.NS
2014-09-26,GAIL.NS
2014-09-26,GRASIM.NS
2014-09-26,HCLTECH.NS
2014-09-26,HDFC.NS
2014-09-26,HDFCBANK.NS
2014-09-26,HEROMOTOCO.NS
2014-09-26,HINDALCO.NS
2014-09-26,HINDUNILVR.NS
2014-09-26,ICICIBANK.NS
2014-09-26,IDFC.NS
2014-09-26,INDUSINDBK.NS
2014-09-26,INFY.NS
2014-09-26,ITC.NS
2014-09-26,JINDALSTEL.NS
2014-09-26,KOTAKBANK.NS
2014-09-26,LT.NS
2014-09-26,LUPIN.NS
2014-09-26,M&M.NS
2014-09-26,MARUTI.NS
2014-09-26,NMDC.NS
2014-09-26,NTPC.NS
2014-09-26,ONGC.NS
2014-09-26,PNB.NS
2014-09-26,POWERGRID.NS
2014-09-26,RELIANCE.NS
2014-09-26,SBIN.NS
2014-09-26,SUNPHARMA.NS
2014-09-26,TATAMOTORS.NS
2014-09-26,TATAPOWER.NS
2014-09-26,TATASTEEL.NS
2014-09-26,TCS.NS
2014-09-26,TECHM.NS
2014-09-26,ULTRACEMCO.NS
2014-09-26,VEDL.NS
2014-09-26,WIPRO.NS
2014-09-26,ZEEL.NS
2014-10-31,ACC.NS
2014-10-31,AMBUJACEM.NS
2014-10-31,ASIANPAINT.NS
2014-10-31,AXISBANK.NS
2014-10-31,BAJAJAUTO.NS
2014-10-31,BANKBARODA.NS
2014-10-31,BHARTIARTL.NS
2014-10-31,BHEL.NS
2014-10-31,BPCL.NS
2014-10-31,CAIRN.NS
2014-10-31,CIPLA.NS
2014-10-31,COALINDIA.NS
2014-10-31,DLF.NS
2014-10-31,DRREDDY.NS
2014-10-31,GAIL.NS
2014-10-31,GRASIM.NS
2014-10-31,HCLTECH.NS
2014-10-31,HDFC.NS
2014-10-31,HDFCBANK.NS
2014-10-31,HEROMOTOCO.NS
2014-10-31,HINDALCO.NS
2014-10-31,HINDUNILVR.NS
2014-10-31,ICICIBANK.NS
2014-10-31,IDFC.NS
2014-10-31,INDUSINDBK.NS
2014-10-31,INFY.NS
2014-10-31,ITC.NS
2014-10-31,JINDALSTEL.NS
2014-10-31,KOTAKBANK.NS
2014-10-31,LT.NS
2014-10-31,LUPIN.NS
2014-10-31,M&M.NS
2014-10-31,MARUTI.NS
2014-10-31,NMDC.NS
2014-10-31,NTPC.NS
2014-10-31,ONGC.NS
2014-10-31,PNB.NS
2014-10-31,POWERGRID.NS
2014-10-31,RELIANCE.NS
2014-10-31,SBIN.NS
2014-10-31,SUNPHARMA.NS
2014-10-31,TATAMOTORS.NS
2014-10-31,TATAPOWER.NS
2014-10-31,TATASTEEL.NS
2014-10-31,TCS.NS
2014-10-31,TECHM.NS
2014-10-31,ULTRACEMCO.NS
2014-10-31,VEDL.NS
2014-10-31,WIPRO.NS
2014-10-31,ZEEL.NS
2014-11-30,ACC.NS
2014-11-30,AMBUJACEM.NS
2014-11-30,ASIANPAINT.NS
2014-11-30,AXISBANK.NS
2014-11-30,BAJAJAUTO.NS
2014-11-30,BANKBARODA.NS
2014-11-30,BHARTIARTL.NS
2014-11-30,BHEL.NS
2014-11-30,BPCL.NS
2014-11-30,CAIRN.NS
2014-11-30,CIPLA.NS
2014-11-30,COALINDIA.NS
2014-11-30,DLF.NS
2014-11-30,DRREDDY.NS
2014-11-30,GAIL.NS
2014-11-30,GRASIM.NS
2014-11-30,HCLTECH.NS
2014-11-30,HDFC.NS
2014-11-30,HDFCBANK.NS
2014-11-30,HEROMOTOCO.NS
2014-11-30,HINDALCO.NS
2014-11-30,HINDUNILVR.NS
2014-11-30,ICICIBANK.NS
2014-11-30,IDFC.NS
2014-11-30,INDUSINDBK.NS
2014-11-30,INFY.NS
2014-11-30,ITC.NS
2014-11-30,JINDALSTEL.NS
2014-11-30,KOTAKBANK.NS
2014-11-30,LT.NS
2014-11-30,LUPIN.NS
2014-11-30,M&M.NS
2014-11-30,MARUTI.NS
2014-11-30,NMDC.NS
2014-11-30,NTPC.NS
2014-11-30,ONGC.NS
2014-11-30,PNB.NS
2014-11-30,POWERGRID.NS
2014-11-30,RELIANCE.NS
2014-11-30,SBIN.NS
2014-11-30,SUNPHARMA.NS
2014-11-30,TATAMOTORS.NS
2014-11-30,TATAPOWER.NS
2014-11-30,TATASTEEL.NS
2014-11-30,TCS.NS
2014-11-30,TECHM.NS
2014-11-30,ULTRACEMCO.NS
2014-11-30,VEDL.NS
2014-11-30,WIPRO.NS
2014-11-30,ZEEL.NS
2014-12-31,ACC.NS
2014-12-31,AMBUJACEM.NS
2014-12-31,ASIANPAINT.NS
2014-12-31,AXISBANK.NS
2014-12-31,BAJAJAUTO.NS
2014-12-31,BANKBARODA.NS
2014-12-31,BHARTIARTL.NS
2014-12-31,BHEL.NS
2014-12-31,BPCL.NS
2014-12-31,CAIRN.NS
2014-12-31,CIPLA.NS
2014-12-31,COALINDIA.NS
2014-12-31,DLF.NS
2014-12-31,DRREDDY.NS
2014-12-31,GAIL.NS
2014-12-31,GRASIM.NS
2014-12-31,HCLTECH.NS
2014-12-31,HDFC.NS
2014-12-31,HDFCBANK.NS
2014-12-31,HEROMOTOCO.NS
2014-12-31,HINDALCO.NS
2014-12-31,HINDUNILVR.NS
2014-12-31,ICICIBANK.NS
2014-12-31,IDFC.NS
2014-12-31,INDUSINDBK.NS
2014-12-31,INFY.NS
2014-12-31,ITC.NS
2014-12-31,JINDALSTEL.NS
2014-12-31,KOTAKBANK.NS
2014-12-31,LT.NS
2014-12-31,LUPIN.NS
2014-12-31,M&M.NS
2014-12-31,MARUTI.NS
2014-12-31,NMDC.NS
2014-12-31,NTPC.NS
2014-12-31,ONGC.NS
2014-12-31,PNB.NS
2014-12-31,POWERGRID.NS
2014-12-31,RELIANCE.NS
2014-12-31,SBIN.NS
2014-12-31,SUNPHARMA.NS
2014-12-31,TATAMOTORS.NS
2014-12-31,TATAPOWER.NS
2014-12-31,TATASTEEL.NS
2014-12-31,TCS.NS
2014-12-31,TECHM.NS
2014-12-31,ULTRACEMCO.NS
2014-12-31,VEDL.NS
2014-12-31,WIPRO.NS
2014-12-31,ZEEL.NS
2015-01-31,ACC.NS
2015-01-31,AMBUJACEM.NS
2015-01-31,ASIANPAINT.NS
2015-01-31,AXISBANK.NS
2015-01-31,BAJAJAUTO.NS
2015-01-31,BANKBARODA.NS
2015-01-31,BHARTIARTL.NS
2015-01-31,BHEL.NS
2015-01-31,BPCL.NS
2015-01-31,CAIRN.NS
2015-01-31,CIPLA.NS
2015-01-31,COALINDIA.NS
2015-01-31,DLF.NS
2015-01-31,DRREDDY.NS
2015-01-31,GAIL.NS
2015-01-31,GRASIM.NS
2015-01-31,HCLTECH.NS
2015-01-31,HDFC.NS
2015-01-31,HDFCBANK.NS
2015-01-31,HEROMOTOCO.NS
2015-01-31,HINDALCO.NS
2015-01-31,HINDUNILVR.NS
2015-01-31,ICICIBANK.NS
2015-01-31,IDFC.NS
2015-01-31,INDUSINDBK.NS
2015-01-31,INFY.NS
2015-01-31,ITC.NS
2015-01-31,JINDALSTEL.NS
2015-01-31,KOTAKBANK.NS
2015-01-31,LT.NS
2015-01-31,LUPIN.NS
2015-01-31,M&M.NS
2015-01-31,MARUTI.NS
2015-01-31,NMDC.NS
2015-01-31,NTPC.NS
2015-01-31,ONGC.NS
2015-01-31,PNB.NS
2015-01-31,POWERGRID.NS
2015-01-31,RELIANCE.NS
2015-01-31,SBIN.NS
2015-01-31,SUNPHARMA.NS
2015-01-31,TATAMOTORS.NS
2015-01-31,TATAPOWER.NS
2015-01-31,TATASTEEL.NS
2015-01-31,TCS.NS
2015-01-31,TECHM.NS
2015-01-31,ULTRACEMCO.NS
2015-01-31,VEDL.NS
2015-01-31,WIPRO.NS
2015-01-31,ZEEL.NS
2015-02-28,ACC.NS
2015-02-28,AMBUJACEM.NS
2015-02-28,ASIANPAINT.NS
2015-02-28,AXISBANK.NS
2015-02-28,BAJAJAUTO.NS
2015-02-28,BANKBARODA.NS
2015-02-28,BHARTIARTL.NS
2015-02-28,BHEL.NS
2015-02-28,BPCL.NS
2015-02-28,CAIRN.NS
2015-02-28,CIPLA.NS
2015-02-28,COALINDIA.NS
2015-02-28,DLF.NS
2015-02-28,DRREDDY.NS
2015-02-28,GAIL.NS
2015-02-28,GRASIM.NS
2015-02-28,HCLTECH.NS
2015-02-28,HDFC.NS
2015-02-28,HDFCBANK.NS
2015-02-28,HEROMOTOCO.NS
2015-02-28,HINDALCO.NS
2015-02-28,HINDUNILVR.NS
2015-02-28,ICICIBANK.NS
2015-02-28,IDFC.NS
2015-02-28,INDUSINDBK.NS
2015-02-28,INFY.NS
2015-02-28,ITC.NS
2015-02-28,JINDALSTEL.NS
2015-02-28,KOTAKBANK.NS
2015-02-28,LT.NS
2015-02-28,LUPIN.NS
2015-02-28,M&M.NS
2015-02-28,MARUTI.NS
2015-02-28,NMDC.NS
2015-02-28,NTPC.NS
2015-02-28,ONGC.NS
2015-02-28,PNB.NS
2015-02-28,POWERGRID.NS
2015-02-28,RELIANCE.NS
2015-02-28,SBIN.NS
2015-02-28,SUNPHARMA.NS
2015-02-28,TATAMOTORS.NS
2015-02-28,TATAPOWER.NS
2015-02-28,TATASTEEL.NS
2015-02-28,TCS.NS
2015-02-28,TECHM.NS
2015-02-28,ULTRACEMCO.NS
2015-02-28,VEDL.NS
2015-02-28,WIPRO.NS
2015-02-28,ZEEL.NS
2015-03-27,ACC.NS
2015-03-27,AMBUJACEM.NS
2015-03-27,ASIANPAINT.NS
2015-03-27,AXISBANK.NS
2015-03-27,BAJAJAUTO.NS
2015-03-27,BANKBARODA.NS
2015-03-27,BHARTIARTL.NS
2015-03-27,BHEL.NS
2015-03-27,BPCL.NS
2015-03-27,CAIRN.NS
2015-03-27,CIPLA.NS
2015-03-27,COALINDIA.NS
2015-03-27,DRREDDY.NS
2015-03-27,GAIL.NS
2015-03-27,GRASIM.NS
2015-03-27,HCLTECH.NS
2015-03-27,HDFC.NS
2015-03-27,HDFCBANK.NS
2015-03-27,HEROMOTOCO.NS
2015-03-27,HINDALCO.NS
2015-03-27,HINDUNILVR.NS
2015-03-27,ICICIBANK.NS
2015-03-27,IDEA.NS
2015-03-27,IDFC.NS
2015-03-27,INDUSINDBK.NS
2015-03-27,INFY.NS
2015-03-27,ITC.NS
2015-03-27,KOTAKBANK.NS
2015-03-27,LT.NS
2015-03-27,LUPIN.NS
2015-03-27,M&M.NS
2015-03-27,MARUTI.NS
2015-03-27,NMDC.NS
2015-03-27,NTPC.NS
2015-03-27,ONGC.NS
2015-03-27,PNB.NS
2015-03-27,POWERGRID.NS
2015-03-27,RELIANCE.NS
2015-03-27,SBIN.NS
2015-03-27,SUNPHARMA.NS
2015-03-27,TATAMOTORS.NS
2015-03-27,TATAPOWER.NS
2015-03-27,TATASTEEL.NS
2015-03-27,TCS.NS
2015-03-27,TECHM.NS
2015-03-27,ULTRACEMCO.NS
2015-03-27,VEDL.NS
2015-03-27,WIPRO.NS
2015-03-27,YESBANK.NS
2015-03-27,ZEEL.NS
2015-04-30,ACC.NS
2015-04-30,AMBUJACEM.NS
2015-04-30,ASIANPAINT.NS
2015-04-30,AXISBANK.NS
2015-04-30,BAJAJAUTO.NS
2015-04-30,BANKBARODA.NS
2015-04-30,BHARTIARTL.NS
2015-04-30,BHEL.NS
2015-04-30,BPCL.NS
2015-04-30,CAIRN.NS
2015-04-30,CIPLA.NS
2015-04-30,COALINDIA.NS
2015-04-30,DRREDDY.NS
2015-04-30,GAIL.NS
2015-04-30,GRASIM.NS
2015-04-30,HCLTECH.NS
2015-04-30,HDFC.NS
2015-04-30,HDFCBANK.NS
2015-04-30,HEROMOTOCO.NS
2015-04-30,HINDALCO.NS
2015-04-30,HINDUNILVR.NS
2015-04-30,ICICIBANK.NS
2015-04-30,IDEA.NS
2015-04-30,IDFC.NS
2015-04-30,INDUSINDBK.NS
2015-04-30,INFY.NS
2015-04-30,ITC.NS
2015-04-30,KOTAKBANK.NS
2015-04-30,LT.NS
2015-04-30,LUPIN.NS
2015-04-30,M&M.NS
2015-04-30,MARUTI.NS
2015-04-30,NMDC.NS
2015-04-30,NTPC.NS
2015-04-30,ONGC.NS
2015-04-30,PNB.NS
2015-04-30,POWERGRID.NS
2015-04-30,RELIANCE.NS
2015-04-30,SBIN.NS
2015-04-30,SUNPHARMA.NS
2015-04-30,TATAMOTORS.NS
2015-04-30,TATAPOWER.NS
2015-04-30,TATASTEEL.NS
2015-04-30,TCS.NS
2015-04-30,TECHM.NS
2015-04-30,ULTRACEMCO.NS
2015-04-30,VEDL.NS
2015-04-30,WIPRO.NS
2015-04-30,YESBANK.NS
2015-04-30,ZEEL.NS
2015-05-29,ACC.NS
2015-05-29,AMBUJACEM.NS
2015-05-29,ASIANPAINT.NS
2015-05-29,AXISBANK.NS
2015-05-29,BAJAJAUTO.NS
2015-05-29,BANKBARODA.NS
2015-05-29,BHARTIARTL.NS
2015-05-29,BHEL.NS
2015-05-29,BOSCHLTD.NS
2015-05-29,BPCL.NS
2015-05-29,CAIRN.NS
2015-05-29,CIPLA.NS
2015-05-29,COALINDIA.NS
2015-05-29,DRREDDY.NS
2015-05-29,GAIL.NS
2015-05-29,GRASIM.NS
2015-05-29,HCLTECH.NS
2015-05-29,HDFC.NS
2015-05-29,HDFCBANK.NS
2015-05-29,HEROMOTOCO.NS
2015-05-29,HINDALCO.NS
2015-05-29,HINDUNILVR.NS
2015-05-29,ICICIBANK.NS
2015-05-29,IDEA.NS
2015-05-29,INDUSINDBK.NS
2015-05-29,INFY.NS
2015-05-29,ITC.NS
2015-05-29,KOTAKBANK.NS
2015-05-29,LT.NS
2015-05-29,LUPIN.NS
2015-05-29,M&M.NS
2015-05-29,MARUTI.NS
2015-05-29,NMDC.NS
2015-05-29,NTPC.NS
2015-05-29,ONGC.NS
2015-05-29,PNB.NS
2015-05-29,POWERGRID.NS
2015-05-29,RELIANCE.NS
2015-05-29,SBIN.NS
2015-05-29,SUNPHARMA.NS
2015-05-29,TATAMOTORS.NS
2015-05-29,TATAPOWER.NS
2015-05-29,TATASTEEL.NS
2015-05-29,TCS.NS
2015-05-29,TECHM.NS
2015-05-29,ULTRACEMCO.NS
2015-05-29,VEDL.NS
2015-05-29,WIPRO.NS
2015-05-29,YESBANK.NS
2015-05-29,ZEEL.NS
2015-06-30,ACC.NS
2015-06-30,AMBUJACEM.NS
2015-06-30,ASIANPAINT.NS
2015-06-30,AXISBANK.NS
2015-06-30,BAJAJAUTO.NS
2015-06-30,BANKBARODA.NS
2015-06-30,BHARTIARTL.NS
2015-06-30,BHEL.NS
2015-06-30,BOSCHLTD.NS
2015-06-30,BPCL.NS
2015-06-30,CAIRN.NS
2015-06-30,CIPLA.NS
2015-06-30,COALINDIA.NS
2015-06-30,DRREDDY.NS
2015-06-30,GAIL.NS
2015-06-30,GRASIM.NS
2015-06-30,HCLTECH.NS
2015-06-30,HDFC.NS
2015-06-30,HDFCBANK.NS
2015-06-30,HEROMOTOCO.NS
2015-06-30,HINDALCO.NS
2015-06-30,HINDUNILVR.NS
2015-06-30,ICICIBANK.NS
2015-06-30,IDEA.NS
2015-06-30,INDUSINDBK.NS
2015-06-30,INFY.NS
2015-06-30,ITC.NS
2015-06-30,KOTAKBANK.NS
2015-06-30,LT.NS
2015-06-30,LUPIN.NS
2015-06-30,M&M.NS
2015-06-30,MARUTI.NS
2015-06-30,NMDC.NS
2015-06-30,NTPC.NS
2015-06-30,ONGC.NS
2015-06-30,PNB.NS
2015-06-30,POWERGRID.NS
2015-06-30,RELIANCE.NS
2015-06-30,SBIN.NS
2015-06-30,SUNPHARMA.NS
2015-06-30,TATAMOTORS.NS
2015-06-30,TATAPOWER.NS
2015-06-30,TATASTEEL.NS
2015-06-30,TCS.NS
2015-06-30,TECHM.NS
2015-06-30,ULTRACEMCO.NS
2015-06-30,VEDL.NS
2015-06-30,WIPRO.NS
2015-06-30,YESBANK.NS
2015-06-30,ZEEL.NS
2015-07-31,ACC.NS
2015-07-31,AMBUJACEM.NS
2015-07-31,ASIANPAINT.NS
2015-07-31,AXISBANK.NS
2015-07-31,BAJAJAUTO.NS
2015-07-31,BANKBARODA.NS
2015-07-31,BHARTIARTL.NS
2015-07-31,BHEL.NS
2015-07-31,BOSCHLTD.NS
2015-07-31,BPCL.NS
2015-07-31,CAIRN.NS
2015-07-31,CIPLA.NS
2015-07-31,COALINDIA.NS
2015-07-31,DRREDDY.NS
2015-07-31,GAIL.NS
2015-07-31,GRASIM.NS
2015-07-31,HCLTECH.NS
2015-07-31,HDFC.NS
2015-07-31,HDFCBANK.NS
2015-07-31,HEROMOTOCO.NS
2015-07-31,HINDALCO.NS
2015-07-31,HINDUNILVR.NS
2015-07-31,ICICIBANK.NS
2015-07-31,IDEA.NS
2015-07-31,INDUSINDBK.NS
2015-07-31,INFY.NS
2015-07-31,ITC.NS
2015-07-31,KOTAKBANK.NS
2015-07-31,LT.NS
2015-07-31,LUPIN.NS
2015-07-31,M&M.NS
2015-07-31,MARUTI.NS
2015-07-31,NMDC.NS
2015-07-31,NTPC.NS
2015-07-31,ONGC.NS
2015-07-31,PNB.NS
2015-07-31,POWERGRID.NS
2015-07-31,RELIANCE.NS
2015-07-31,SBIN.NS
2015-07-31,SUNPHARMA.NS
2015-07-31,TATAMOTORS.NS
2015-07-31,TATAPOWER.NS
2015-07-31,TATASTEEL.NS
2015-07-31,TCS.NS
2015-07-31,TECHM.NS
2015-07-31,ULTRACEMCO.NS
2015-07-31,VEDL.NS
2015-07-31,WIPRO.NS
2015-07-31,YESBANK.NS
2015-07-31,ZEEL.NS
2015-08-31,ACC.NS
2015-08-31,AMBUJACEM.NS
2015-08-31,ASIANPAINT.NS
2015-08-31,AXISBANK.NS
2015-08-31,BAJAJAUTO.NS
2015-08-31,BANKBARODA.NS
2015-08-31,BHARTIARTL.NS
2015-08-31,BHEL.NS
2015-08-31,BOSCHLTD.NS
2015-08-31,BPCL.NS
2015-08-31,CAIRN.NS
2015-08-31,CIPLA.NS
2015-08-31,COALINDIA.NS
2015-08-31,DRREDDY.NS
2015-08-31,GAIL.NS
2015-08-31,GRASIM.NS
2015-08-31,HCLTECH.NS
2015-08-31,HDFC.NS
2015-08-31,HDFCBANK.NS
2015-08-31,HEROMOTOCO.NS
2015-08-31,HINDALCO.NS
2015-08-31,HINDUNILVR.NS
2015-08-31,ICICIBANK.NS
2015-08-31,IDEA.NS
2015-08-31,INDUSINDBK.NS
2015-08-31,INFY.NS
2015-08-31,ITC.NS
2015-08-31,KOTAKBANK.NS
2015-08-31,LT.NS
2015-08-31,LUPIN.NS
2015-08-31,M&M.NS
2015-08-31,MARUTI.NS
2015-08-31,NMDC.NS
2015-08-31,NTPC.NS
2015-08-31,ONGC.NS
2015-08-31,PNB.NS
2015-08-31,POWERGRID.NS
2015-08-31,RELIANCE.NS
2015-08-31,SBIN.NS
2015-08-31,SUNPHARMA.NS
2015-08-31,TATAMOTORS.NS
2015-08-31,TATAPOWER.NS
2015-08-31,TATASTEEL.NS
2015-08-31,TCS.NS
2015-08-31,TECHM.NS
2015-08-31,ULTRACEMCO.NS
2015-08-31,VEDL.NS
2015-08-31,WIPRO.NS
2015-08-31,YESBANK.NS
2015-08-31,ZEEL.NS
2015-09-28,ACC.NS
2015-09-28,ADANIPORTS.NS
2015-09-28,AMBUJACEM.NS
2015-09-28,ASIANPAINT.NS
2015-09-28,AXISBANK.NS
2015-09-28,BAJAJAUTO.NS
2015-09-28,BANKBARODA.NS
2015-09-28,BHARTIARTL.NS
2015-09-28,BHEL.NS
2015-09-28,BOSCHLTD.NS
2015-09-28,BPCL.NS
2015-09-28,CAIRN.NS
2015-09-28,CIPLA.NS
2015-09-28,COALINDIA.NS
2015-09-28,DRREDDY.NS
2015-09-28,GAIL.NS
2015-09-28,GRASIM.NS
2015-09-28,HCLTECH.NS
2015-09-28,HDFC.NS
2015-09-28,HDFCBANK.NS
2015-09-28,HEROMOTOCO.NS
2015-09-28,HINDALCO.NS
2015-09-28,HINDUNILVR.NS
2015-09-28,ICICIBANK.NS
2015-09-28,IDEA.NS
2015-09-28,INDUSINDBK.NS
2015-09-28,INFY.NS
2015-09-28,ITC.NS
2015-09-28,KOTAKBANK.NS
2015-09-28,LT.NS
2015-09-28,LUPIN.NS
2015-09-28,M&M.NS
2015-09-28,MARUTI.NS
2015-09-28,NTPC.NS
2015-09-28,ONGC.NS
2015-09-28,PNB.NS
2015-09-28,POWERGRID.NS
2015-09-28,RELIANCE.NS
2015-09-28,SBIN.NS
2015-09-28,SUNPHARMA.NS
2015-09-28,TATAMOTORS.NS
2015-09-28,TATAPOWER.NS
2015-09-28,TATASTEEL.NS
2015-09-28,TCS.NS
2015-09-28,TECHM.NS
2015-09-28,ULTRACEMCO.NS
2015-09-28,VEDL.NS
2015-09-28,WIPRO.NS
2015-09-28,YESBANK.NS
2015-09-28,ZEEL.NS
2015-10-31,ACC.NS
2015-10-31,ADANIPORTS.NS
2015-10-31,AMBUJACEM.NS
2015-10-31,ASIANPAINT.NS
2015-10-31,AXISBANK.NS
2015-10-31,BAJAJAUTO.NS
2015-10-31,BANKBARODA.NS
2015-10-31,BHARTIARTL.NS
2015-10-31,BHEL.NS
2015-10-31,BOSCHLTD.NS
2015-10-31,BPCL.NS
2015-10-31,CAIRN.NS
2015-10-31,CIPLA.NS
2015-10-31,COALINDIA.NS
2015-10-31,DRREDDY.NS
2015-10-31,GAIL.NS
2015-10-31,GRASIM.NS
2015-10-31,HCLTECH.NS
2015-10-31,HDFC.NS
2015-10-31,HDFCBANK.NS
2015-10-31,HEROMOTOCO.NS
2015-10-31,HINDALCO.NS
2015-10-31,HINDUNILVR.NS
2015-10-31,ICICIBANK.NS
2015-10-31,IDEA.NS
2015-10-31,INDUSINDBK.NS
2015-10-31,INFY.NS
2015-10-31,ITC.NS
2015-10-31,KOTAKBANK.NS
2015-10-31,LT.NS
2015-10-31,LUPIN.NS
2015-10-31,M&M.NS
2015-10-31,MARUTI.NS
2015-10-31,NTPC.NS
2015-10-31,ONGC.NS
2015-10-31,PNB.NS
2015-10-31,POWERGRID.NS
2015-10-31,RELIANCE.NS
2015-10-31,SBIN.NS
2015-10-31,SUNPHARMA.NS
2015-10-31,TATAMOTORS.NS
2015-10-31,TATAPOWER.NS
2015-10-31,TATASTEEL.NS
2015-10-31,TCS.NS
2015-10-31,TECHM.NS
2015-10-31,ULTRACEMCO.NS
2015-10-31,VEDL.NS
2015-10-31,WIPRO.NS
2015-10-31,YESBANK.NS
2015-10-31,ZEEL.NS
2015-11-30,ACC.NS
2015-11-30,ADANIPORTS.NS
2015-11-30,AMBUJACEM.NS
2015-11-30,ASIANPAINT.NS
2015-11-30,AXISBANK.NS
2015-11-30,BAJAJAUTO.NS
2015-11-30,BANKBARODA.NS
2015-11-30,BHARTIARTL.NS
2015-11-30,BHEL.NS
2015-11-30,BOSCHLTD.NS
2015-11-30,BPCL.NS
2015-11-30,CAIRN.NS
2015-11-30,CIPLA.NS
2015-11-30,COALINDIA.NS
2015-11-30,DRREDDY.NS
2015-11-30,GAIL.NS
2015-11-30,GRASIM.NS
2015-11-30,HCLTECH.NS
2015-11-30,HDFC.NS
2015-11-30,HDFCBANK.NS
2015-11-30,HEROMOTOCO.NS
2015-11-30,HINDALCO.NS
2015-11-30,HINDUNILVR.NS
2015-11-30,ICICIBANK.NS
2015-11-30,IDEA.NS
2015-11-30,INDUSINDBK.NS
2015-11-30,INFY.NS
2015-11-30,ITC.NS
2015-11-30,KOTAKBANK.NS
2015-11-30,LT.NS
2015-11-30,LUPIN.NS
2015-11-30,M&M.NS
2015-11-30,MARUTI.NS
2015-11-30,NTPC.NS
2015-11-30,ONGC.NS
2015-11-30,PNB.NS
2015-11-30,POWERGRID.NS
2015-11-30,RELIANCE.NS
2015-11-30,SBIN.NS
2015-11-30,SUNPHARMA.NS
2015-11-30,TATAMOTORS.NS
2015-11-30,TATAPOWER.NS
2015-11-30,TATASTEEL.NS
2015-11-30,TCS.NS
2015-11-30,TECHM.NS
2015-11-30,ULTRACEMCO.NS
2015-11-30,VEDL.NS
2015-11-30,WIPRO.NS
2015-11-30,YESBANK.NS
2015-11-30,ZEEL.NS
2015-12-31,ACC.NS
2015-12-31,ADANIPORTS.NS
2015-12-31,AMBUJACEM.NS
2015-12-31,ASIANPAINT.NS
2015-12-31,AXISBANK.NS
2015-12-31,BAJAJAUTO.NS
2015-12-31,BANKBARODA.NS
2015-12-31,BHARTIARTL.NS
2015-12-31,BHEL.NS
2015-12-31,BOSCHLTD.NS
2015-12-31,BPCL.NS
2015-12-31,CAIRN.NS
2015-12-31,CIPLA.NS
2015-12-31,COALINDIA.NS
2015-12-31,DRREDDY.NS
2015-12-31,GAIL.NS
2015-12-31,GRASIM.NS
2015-12-31,HCLTECH.NS
2015-12-31,HDFC.NS
2015-12-31,HDFCBANK.NS
2015-12-31,HEROMOTOCO.NS
2015-12-31,HINDALCO.NS
2015-12-31,HINDUNILVR.NS
2015-12-31,ICICIBANK.NS
2015-12-31,IDEA.NS
2015-12-31,INDUSINDBK.NS
2015-12-31,INFY.NS
2015-12-31,ITC.NS
2015-12-31,KOTAKBANK.NS
2015-12-31,LT.NS
2015-12-31,LUPIN.NS
2015-12-31,M&M.NS
2015-12-31,MARUTI.NS
2015-12-31,NTPC.NS
2015-12-31,ONGC.NS
2015-12-31,PNB.NS
2015-12-31,POWERGRID.NS
2015-12-31,RELIANCE.NS
2015-12-31,SBIN.NS
2015-12-31,SUNPHARMA.NS
2015-12-31,TATAMOTORS.NS
2015-12-31,TATAPOWER.NS
2015-12-31,TATASTEEL.NS
2015-12-31,TCS.NS
2015-12-31,TECHM.NS
2015-12-31,ULTRACEMCO.NS
2015-12-31,VEDL.NS
2015-12-31,WIPRO.NS
2015-12-31,YESBANK.NS
2015-12-31,ZEEL.NS
2016-01-31,ACC.NS
2016-01-31,ADANIPORTS.NS
2016-01-31,AMBUJACEM.NS
2016-01-31,ASIANPAINT.NS
2016-01-31,AXISBANK.NS
2016-01-31,BAJAJAUTO.NS
2016-01-31,BANKBARODA.NS
2016-01-31,BHARTIARTL.NS
2016-01-31,BHEL.NS
2016-01-31,BOSCHLTD.NS
2016-01-31,BPCL.NS
2016-01-31,CAIRN.NS
2016-01-31,CIPLA.NS
2016-01-31,COALINDIA.NS
2016-01-31,DRREDDY.NS
2016-01-31,GAIL.NS
2016-01-31,GRASIM.NS
2016-01-31,HCLTECH.NS
2016-01-31,HDFC.NS
2016-01-31,HDFCBANK.NS
2016-01-31,HEROMOTOCO.NS
2016-01-31,HINDALCO.NS
2016-01-31,HINDUNILVR.NS
2016-01-31,ICICIBANK.NS
2016-01-31,IDEA.NS
2016-01-31,INDUSINDBK.NS
2016-01-31,INFY.NS
2016-01-31,ITC.NS
2016-01-31,KOTAKBANK.NS
2016-01-31,LT.NS
2016-01-31,LUPIN.NS
2016-01-31,M&M.NS
2016-01-31,MARUTI.NS
2016-01-31,NTPC.NS
2016-01-31,ONGC.NS
2016-01-31,PNB.NS
2016-01-31,POWERGRID.NS
2016-01-31,RELIANCE.NS
2016-01-31,SBIN.NS
2016-01-31,SUNPHARMA.NS
2016-01-31,TATAMOTORS.NS
2016-01-31,TATAPOWER.NS
2016-01-31,TATASTEEL.NS
2016-01-31,TCS.NS
2016-01-31,TECHM.NS
2016-01-31,ULTRACEMCO.NS
2016-01-31,VEDL.NS
2016-01-31,WIPRO.NS
2016-01-31,YESBANK.NS
2016-01-31,ZEEL.NS
2016-02-29,ACC.NS
2016-02-29,ADANIPORTS.NS
2016-02-29,AMBUJACEM.NS
2016-02-29,ASIANPAINT.NS
2016-02-29,AXISBANK.NS
2016-02-29,BAJAJAUTO.NS
2016-02-29,BANKBARODA.NS
2016-02-29,BHARTIARTL.NS
2016-02-29,BHEL.NS
2016-02-29,BOSCHLTD.NS
2016-02-29,BPCL.NS
2016-02-29,CAIRN.NS
2016-02-29,CIPLA.NS
2016-02-29,COALINDIA.NS
2016-02-29,DRREDDY.NS
2016-02-29,GAIL.NS
2016-02-29,GRASIM.NS
2016-02-29,HCLTECH.NS
2016-02-29,HDFC.NS
2016-02-29,HDFCBANK.NS
2016-02-29,HEROMOTOCO.NS
2016-02-29,HINDALCO.NS
2016-02-29,HINDUNILVR.NS
2016-02-29,ICICIBANK.NS
2016-02-29,IDEA.NS
2016-02-29,INDUSINDBK.NS
2016-02-29,INFY.NS
2016-02-29,ITC.NS
2016-02-29,KOTAKBANK.NS
2016-02-29,LT.NS
2016-02-29,LUPIN.NS
2016-02-29,M&M.NS
2016-02-29,MARUTI.NS
2016-02-29,NTPC.NS
2016-02-29,ONGC.NS
2016-02-29,PNB.NS
2016-02-29,POWERGRID.NS
2016-02-29,RELIANCE.NS
2016-02-29,SBIN.NS
2016-02-29,SUNPHARMA.NS
2016-02-29,TATAMOTORS.NS
2016-02-29,TATAPOWER.NS
2016-02-29,TATASTEEL.NS
2016-02-29,TCS.NS
2016-02-29,TECHM.NS
2016-02-29,ULTRACEMCO.NS
2016-02-29,VEDL.NS
2016-02-29,WIPRO.NS
2016-02-29,YESBANK.NS
2016-02-29,ZEEL.NS
2016-04-01,ACC.NS
2016-04-01,ADANIPORTS.NS
2016-04-01,AMBUJACEM.NS
2016-04-01,ASIANPAINT.NS
2016-04-01,AUROPHARMA.NS
2016-04-01,AXISBANK.NS
2016-04-01,BAJAJAUTO.NS
2016-04-01,BANKBARODA.NS
2016-04-01,BHARTIARTL.NS
2016-04-01,BHEL.NS
2016-04-01,BOSCHLTD.NS
2016-04-01,BPCL.NS
2016-04-01,CIPLA.NS
2016-04-01,COALINDIA.NS
2016-04-01,DRREDDY.NS
2016-04-01,EICHERMOT.NS
2016-04-01,GAIL.NS
2016-04-01,GRASIM.NS
2016-04-01,HCLTECH.NS
2016-04-01,HDFC.NS
2016-04-01,HDFCBANK.NS
2016-04-01,HEROMOTOCO.NS
2016-04-01,HINDALCO.NS
2016-04-01,HINDUNILVR.NS
2016-04-01,ICICIBANK.NS
2016-04-01,IDEA.NS
2016-04-01,INDUSINDBK.NS
2016-04-01,INFRATEL.NS
2016-04-01,INFY.NS
2016-04-01,ITC.NS
2016-04-01,KOTAKBANK.NS
2016-04-01,LT.NS
2016-04-01,LUPIN.NS
2016-04-01,M&M.NS
2016-04-01,MARUTI.NS
2016-04-01,NTPC.NS
2016-04-01,ONGC.NS
2016-04-01,POWERGRID.NS
2016-04-01,RELIANCE.NS
2016-04-01,SBIN.NS
2016-04-01,SUNPHARMA.NS
2016-04-01,TATAMOTORS.NS
2016-04-01,TATAPOWER.NS
2016-04-01,TATASTEEL.NS
2016-04-01,TCS.NS
2016-04-01,TECHM.NS
2016-04-01,ULTRACEMCO.NS
2016-04-01,WIPRO.NS
2016-04-01,YESBANK.NS
2016-04-01,ZEEL.NS
2016-04-30,ACC.NS
2016-04-30,ADANIPORTS.NS
2016-04-30,AMBUJACEM.NS
2016-04-30,ASIANPAINT.NS
2016-04-30,AUROPHARMA.NS
2016-04-30,AXISBANK.NS
2016-04-30,BAJAJAUTO.NS
2016-04-30,BANKBARODA.NS
2016-04-30,BHARTIARTL.NS
2016-04-30,BHEL.NS
2016-04-30,BOSCHLTD.NS
2016-04-30,BPCL.NS
2016-04-30,CIPLA.NS
2016-04-30,COALINDIA.NS
2016-04-30,DRREDDY.NS
2016-04-30,EICHERMOT.NS
2016-04-30,GAIL.NS
2016-04-30,GRASIM.NS
2016-04-30,HCLTECH.NS
2016-04-30,HDFC.NS
2016-04-30,HDFCBANK.NS
2016-04-30,HEROMOTOCO.NS
2016-04-30,HINDALCO.NS
2016-04-30,HINDUNILVR.NS
2016-04-30,ICICIBANK.NS
2016-04-30,IDEA.NS
2016-04-30,INDUSINDBK.NS
2016-04-30,INFRATEL.NS
2016-04-30,INFY.NS
2016-04-30,ITC.NS
2016-04-30,KOTAKBANK.NS
2016-04-30,LT.NS
2016-04-30,LUPIN.NS
2016-04-30,M&M.NS
2016-04-30,MARUTI.NS
2016-04-30,NTPC.NS
2016-04-30,ONGC.NS
2016-04-30,POWERGRID.NS
2016-04-30,RELIANCE.NS
2016-04-30,SBIN.NS
2016-04-30,SUNPHARMA.NS
2016-04-30,TATAMOTORS.NS
2016-04-30,TATAPOWER.NS
2016-04-30,TATASTEEL.NS
2016-04-30,TCS.NS
2016-04-30,TECHM.NS
2016-04-30,ULTRACEMCO.NS
2016-04-30,WIPRO.NS
2016-04-30,YESBANK.NS
2016-04-30,ZEEL.NS
2016-05-31,ACC.NS
2016-05-31,ADANIPORTS.NS
2016-05-31,AMBUJACEM.NS
2016-05-31,ASIANPAINT.NS
2016-05-31,AUROPHARMA.NS
2016-05-31,AXISBANK.NS
2016-05-31,BAJAJAUTO.NS
2016-05-31,BANKBARODA.NS
2016-05-31,BHARTIARTL.NS
2016-05-31,BHEL.NS
2016-05-31,BOSCHLTD.NS
2016-05-31,BPCL.NS
2016-05-31,CIPLA.NS
2016-05-31,COALINDIA.NS
2016-05-31,DRREDDY.NS
2016-05-31,EICHERMOT.NS
2016-05-31,GAIL.NS
2016-05-31,GRASIM.NS
2016-05-31,HCLTECH.NS
2016-05-31,HDFC.NS
2016-05-31,HDFCBANK.NS
2016-05-31,HEROMOTOCO.NS
2016-05-31,HINDALCO.NS
2016-05-31,HINDUNILVR.NS
2016-05-31,ICICIBANK.NS
2016-05-31,IDEA.NS
2016-05-31,INDUSINDBK.NS
2016-05-31,INFRATEL.NS
2016-05-31,INFY.NS
2016-05-31,ITC.NS
2016-05-31,KOTAKBANK.NS
2016-05-31,LT.NS
2016-05-31,LUPIN.NS
2016-05-31,M&M.NS
2016-05-31,MARUTI.NS
2016-05-31,NTPC.NS
2016-05-31,ONGC.NS
2016-05-31,POWERGRID.NS
2016-05-31,RELIANCE.NS
2016-05-31,SBIN.NS
2016-05-31,SUNPHARMA.NS
2016-05-31,TATAMOTORS.NS
2016-05-31,TATAPOWER.NS
2016-05-31,TATASTEEL.NS
2016-05-31,TCS.NS
2016-05-31,TECHM.NS
2016-05-31,ULTRACEMCO.NS
2016-05-31,WIPRO.NS
2016-05-31,YESBANK.NS
2016-05-31,ZEEL.NS
2016-06-30,ACC.NS
2016-06-30,ADANIPORTS.NS
2016-06-30,AMBUJACEM.NS
2016-06-30,ASIANPAINT.NS
2016-06-30,AUROPHARMA.NS
2016-06-30,AXISBANK.NS
2016-06-30,BAJAJAUTO.NS
2016-06-30,BANKBARODA.NS
2016-06-30,BHARTIARTL.NS
2016-06-30,BHEL.NS
2016-06-30,BOSCHLTD.NS
2016-06-30,BPCL.NS
2016-06-30,CIPLA.NS
2016-06-30,COALINDIA.NS
2016-06-30,DRREDDY.NS
2016-06-30,EICHERMOT.NS
2016-06-30,GAIL.NS
2016-06-30,GRASIM.NS
2016-06-30,HCLTECH.NS
2016-06-30,HDFC.NS
2016-06-30,HDFCBANK.NS
2016-06-30,HEROMOTOCO.NS
2016-06-30,HINDALCO.NS
2016-06-30,HINDUNILVR.NS
2016-06-30,ICICIBANK.NS
2016-06-30,IDEA.NS
2016-06-30,INDUSINDBK.NS
2016-06-30,INFRATEL.NS
2016-06-30,INFY.NS
2016-06-30,ITC.NS
2016-06-30,KOTAKBANK.NS
2016-06-30,LT.NS
2016-06-30,LUPIN.NS
2016-06-30,M&M.NS
2016-06-30,MARUTI.NS
2016-06-30,NTPC.NS
2016-06-30,ONGC.NS
2016-06-30,POWERGRID.NS
2016-06-30,RELIANCE.NS
2016-06-30,SBIN.NS
2016-06-30,SUNPHARMA.NS
2016-06-30,TATAMOTORS.NS
2016-06-30,TATAPOWER.NS
2016-06-30,TATASTEEL.NS
2016-06-30,TCS.NS
2016-06-30,TECHM.NS
2016-06-30,ULTRACEMCO.NS
2016-06-30,WIPRO.NS
2016-06-30,YESBANK.NS
2016-06-30,ZEEL.NS
2016-07-31,ACC.NS
2016-07-31,ADANIPORTS.NS
2016-07-31,AMBUJACEM.NS
2016-07-31,ASIANPAINT.NS
2016-07-31,AUROPHARMA.NS
2016-07-31,AXISBANK.NS
2016-07-31,BAJAJAUTO.NS
2016-07-31,BANKBARODA.NS
2016-07-31,BHARTIARTL.NS
2016-07-31,BHEL.NS
2016-07-31,BOSCHLTD.NS
2016-07-31,BPCL.NS
2016-07-31,CIPLA.NS
2016-07-31,COALINDIA.NS
2016-07-31,DRREDDY.NS
2016-07-31,EICHERMOT.NS
2016-07-31,GAIL.NS
2016-07-31,GRASIM.NS
2016-07-31,HCLTECH.NS
2016-07-31,HDFC.NS
2016-07-31,HDFCBANK.NS
2016-07-31,HEROMOTOCO.NS
2016-07-31,HINDALCO.NS
2016-07-31,HINDUNILVR.NS
2016-07-31,ICICIBANK.NS
2016-07-31,IDEA.NS
2016-07-31,INDUSINDBK.NS
2016-07-31,INFRATEL.NS
2016-07-31,INFY.NS
2016-07-31,ITC.NS
2016-07-31,KOTAKBANK.NS
2016-07-31,LT.NS
2016-07-31,LUPIN.NS
2016-07-31,M&M.NS
2016-07-31,MARUTI.NS
2016-07-31,NTPC.NS
2016-07-31,ONGC.NS
2016-07-31,POWERGRID.NS
2016-07-31,RELIANCE.NS
2016-07-31,SBIN.NS
2016-07-31,SUNPHARMA.NS
2016-07-31,TATAMOTORS.NS
2016-07-31,TATAPOWER.NS
2016-07-31,TATASTEEL.NS
2016-07-31,TCS.NS
2016-07-31,TECHM.NS
2016-07-31,ULTRACEMCO.NS
2016-07-31,WIPRO.NS
2016-07-31,YESBANK.NS
2016-07-31,ZEEL.NS
2016-08-31,ACC.NS
2016-08-31,ADANIPORTS.NS
2016-08-31,AMBUJACEM.NS
2016-08-31,ASIANPAINT.NS
2016-08-31,AUROPHARMA.NS
2016-08-31,AXISBANK.NS
2016-08-31,BAJAJAUTO.NS
2016-08-31,BANKBARODA.NS
2016-08-31,BHARTIARTL.NS
2016-08-31,BHEL.NS
2016-08-31,BOSCHLTD.NS
2016-08-31,BPCL.NS
2016-08-31,CIPLA.NS
2016-08-31,COALINDIA.NS
2016-08-31,DRREDDY.NS
2016-08-31,EICHERMOT.NS
2016-08-31,GAIL.NS
2016-08-31,GRASIM.NS
2016-08-31,HCLTECH.NS
2016-08-31,HDFC.NS
2016-08-31,HDFCBANK.NS
2016-08-31,HEROMOTOCO.NS
2016-08-31,HINDALCO.NS
2016-08-31,HINDUNILVR.NS
2016-08-31,ICICIBANK.NS
2016-08-31,IDEA.NS
2016-08-31,INDUSINDBK.NS
2016-08-31,INFRATEL.NS
2016-08-31,INFY.NS
2016-08-31,ITC.NS
2016-08-31,KOTAKBANK.NS
2016-08-31,LT.NS
2016-08-31,LUPIN.NS
2016-08-31,M&M.NS
2016-08-31,MARUTI.NS
2016-08-31,NTPC.NS
2016-08-31,ONGC.NS
2016-08-31,POWERGRID.NS
2016-08-31,RELIANCE.NS
2016-08-31,SBIN.NS
2016-08-31,SUNPHARMA.NS
2016-08-31,TATAMOTORS.NS
2016-08-31,TATAPOWER.NS
2016-08-31,TATASTEEL.NS
2016-08-31,TCS.NS
2016-08-31,TECHM.NS
2016-08-31,ULTRACEMCO.NS
2016-08-31,WIPRO.NS
2016-08-31,YESBANK.NS
2016-08-31,ZEEL.NS
2016-09-30,ACC.NS
2016-09-30,ADANIPORTS.NS
2016-09-30,AMBUJACEM.NS
2016-09-30,ASIANPAINT.NS
2016-09-30,AUROPHARMA.NS
2016-09-30,AXISBANK.NS
2016-09-30,BAJAJAUTO.NS
2016-09-30,BANKBARODA.NS
2016-09-30,BHARTIARTL.NS
2016-09-30,BHEL.NS
2016-09-30,BOSCHLTD.NS
2016-09-30,BPCL.NS
2016-09-30,CIPLA.NS
2016-09-30,COALINDIA.NS
2016-09-30,DRREDDY.NS
2016-09-30,EICHERMOT.NS
2016-09-30,GAIL.NS
2016-09-30,GRASIM.NS
2016-09-30,HCLTECH.NS
2016-09-30,HDFC.NS
2016-09-30,HDFCBANK.NS
2016-09-30,HEROMOTOCO.NS
2016-09-30,HINDALCO.NS
2016-09-30,HINDUNILVR.NS
2016-09-30,ICICIBANK.NS
2016-09-30,IDEA.NS
2016-09-30,INDUSINDBK.NS
2016-09-30,INFRATEL.NS
2016-09-30,INFY.NS
2016-09-30,ITC.NS
2016-09-30,KOTAKBANK.NS
2016-09-30,LT.NS
2016-09-30,LUPIN.NS
2016-09-30,M&M.NS
2016-09-30,MARUTI.NS
2016-09-30,NTPC.NS
2016-09-30,ONGC.NS
2016-09-30,POWERGRID.NS
2016-09-30,RELIANCE.NS
2016-09-30,SBIN.NS
2016-09-30,SUNPHARMA.NS
2016-09-30,TATAMOTORS.NS
2016-09-30,TATAPOWER.NS
2016-09-30,TATASTEEL.NS
2016-09-30,TCS.NS
2016-09-30,TECHM.NS
2016-09-30,ULTRACEMCO.NS
2016-09-30,WIPRO.NS
2016-09-30,YESBANK.NS
2016-09-30,ZEEL.NS
2016-10-31,ACC.NS
2016-10-31,ADANIPORTS.NS
2016-10-31,AMBUJACEM.NS
2016-10-31,ASIANPAINT.NS
2016-10-31,AUROPHARMA.NS
2016-10-31,AXISBANK.NS
2016-10-31,BAJAJAUTO.NS
2016-10-31,BANKBARODA.NS
2016-10-31,BHARTIARTL.NS
2016-10-31,BHEL.NS
2016-10-31,BOSCHLTD.NS
2016-10-31,BPCL.NS
2016-10-31,CIPLA.NS
2016-10-31,COALINDIA.NS
2016-10-31,DRREDDY.NS
2016-10-31,EICHERMOT.NS
2016-10-31,GAIL.NS
2016-10-31,GRASIM.NS
2016-10-31,HCLTECH.NS
2016-10-31,HDFC.NS
2016-10-31,HDFCBANK.NS
2016-10-31,HEROMOTOCO.NS
2016-10-31,HINDALCO.NS
2016-10-31,HINDUNILVR.NS
2016-10-31,ICICIBANK.NS
2016-10-31,IDEA.NS
2016-10-31,INDUSINDBK.NS
2016-10-31,INFRATEL.NS
2016-10-31,INFY.NS
2016-10-31,ITC.NS
2016-10-31,KOTAKBANK.NS
2016-10-31,LT.NS
2016-10-31,LUPIN.NS
2016-10-31,M&M.NS
2016-10-31,MARUTI.NS
2016-10-31,NTPC.NS
2016-10-31,ONGC.NS
2016-10-31,POWERGRID.NS
2016-10-31,RELIANCE.NS
2016-10-31,SBIN.NS
2016-10-31,SUNPHARMA.NS
2016-10-31,TATAMOTORS.NS
2016-10-31,TATAPOWER.NS
2016-10-31,TATASTEEL.NS
2016-10-31,TCS.NS
2016-10-31,TECHM.NS
2016-10-31,ULTRACEMCO.NS
2016-10-31,WIPRO.NS
2016-10-31,YESBANK.NS
2016-10-31,ZEEL.NS
2016-11-30,ACC.NS
2016-11-30,ADANIPORTS.NS
2016-11-30,AMBUJACEM.NS
2016-11-30,ASIANPAINT.NS
2016-11-30,AUROPHARMA.NS
2016-11-30,AXISBANK.NS
2016-11-30,BAJAJAUTO.NS
2016-11-30,BANKBARODA.NS
2016-11-30,BHARTIARTL.NS
2016-11-30,BHEL.NS
2016-11-30,BOSCHLTD.NS
2016-11-30,BPCL.NS
2016-11-30,CIPLA.NS
2016-11-30,COALINDIA.NS
2016-11-30,DRREDDY.NS
2016-11-30,EICHERMOT.NS
2016-11-30,GAIL.NS
2016-11-30,GRASIM.NS
2016-11-30,HCLTECH.NS
2016-11-30,HDFC.NS
2016-11-30,HDFCBANK.NS
2016-11-30,HEROMOTOCO.NS
2016-11-30,HINDALCO.NS
2016-11-30,HINDUNILVR.NS
2016-11-30,ICICIBANK.NS
2016-11-30,IDEA.NS
2016-11-30,INDUSINDBK.NS
2016-11-30,INFRATEL.NS
2016-11-30,INFY.NS
2016-11-30,ITC.NS
2016-11-30,KOTAKBANK.NS
2016-11-30,LT.NS
2016-11-30,LUPIN.NS
2016-11-30,M&M.NS
2016-11-30,MARUTI.NS
2016-11-30,NTPC.NS
2016-11-30,ONGC.NS
2016-11-30,POWERGRID.NS
2016-11-30,RELIANCE.NS
2016-11-30,SBIN.NS
2016-11-30,SUNPHARMA.NS
2016-11-30,TATAMOTORS.NS
2016-11-30,TATAPOWER.NS
2016-11-30,TATASTEEL.NS
2016-11-30,TCS.NS
2016-11-30,TECHM.NS
2016-11-30,ULTRACEMCO.NS
2016-11-30,WIPRO.NS
2016-11-30,YESBANK.NS
2016-11-30,ZEEL.NS
2016-12-31,ACC.NS
2016-12-31,ADANIPORTS.NS
2016-12-31,AMBUJACEM.NS
2016-12-31,ASIANPAINT.NS
2016-12-31,AUROPHARMA.NS
2016-12-31,AXISBANK.NS
2016-12-31,BAJAJAUTO.NS
2016-12-31,BANKBARODA.NS
2016-12-31,BHARTIARTL.NS
2016-12-31,BHEL.NS
2016-12-31,BOSCHLTD.NS
2016-12-31,BPCL.NS
2016-12-31,CIPLA.NS
2016-12-31,COALINDIA.NS
2016-12-31,DRREDDY.NS
2016-12-31,EICHERMOT.NS
2016-12-31,GAIL.NS
2016-12-31,GRASIM.NS
2016-12-31,HCLTECH.NS
2016-12-31,HDFC.NS
2016-12-31,HDFCBANK.NS
2016-12-31,HEROMOTOCO.NS
2016-12-31,HINDALCO.NS
2016-12-31,HINDUNILVR.NS
2016-12-31,ICICIBANK.NS
2016-12-31,IDEA.NS
2016-12-31,INDUSINDBK.NS
2016-12-31,INFRATEL.NS
2016-12-31,INFY.NS
2016-12-31,ITC.NS
2016-12-31,KOTAKBANK.NS
2016-12-31,LT.NS
2016-12-31,LUPIN.NS
2016-12-31,M&M.NS
2016-12-31,MARUTI.NS
2016-12-31,NTPC.NS
2016-12-31,ONGC.NS
2016-12-31,POWERGRID.NS
2016-12-31,RELIANCE.NS
2016-12-31,SBIN.NS
2016-12-31,SUNPHARMA.NS
2016-12-31,TATAMOTORS.NS
2016-12-31,TATAPOWER.NS
2016-12-31,TATASTEEL.NS
2016-12-31,TCS.NS
2016-12-31,TECHM.NS
2016-12-31,ULTRACEMCO.NS
2016-12-31,WIPRO.NS
2016-12-31,YESBANK.NS
2016-12-31,ZEEL.NS
2017-01-31,ACC.NS
2017-01-31,ADANIPORTS.NS
2017-01-31,AMBUJACEM.NS
2017-01-31,ASIANPAINT.NS
2017-01-31,AUROPHARMA.NS
2017-01-31,AXISBANK.NS
2017-01-31,BAJAJAUTO.NS
2017-01-31,BANKBARODA.NS
2017-01-31,BHARTIARTL.NS
2017-01-31,BHEL.NS
2017-01-31,BOSCHLTD.NS
2017-01-31,BPCL.NS
2017-01-31,CIPLA.NS
2017-01-31,COALINDIA.NS
2017-01-31,DRREDDY.NS
2017-01-31,EICHERMOT.NS
2017-01-31,GAIL.NS
2017-01-31,GRASIM.NS
2017-01-31,HCLTECH.NS
2017-01-31,HDFC.NS
2017-01-31,HDFCBANK.NS
2017-01-31,HEROMOTOCO.NS
2017-01-31,HINDALCO.NS
2017-01-31,HINDUNILVR.NS
2017-01-31,ICICIBANK.NS
2017-01-31,IDEA.NS
2017-01-31,INDUSINDBK.NS
2017-01-31,INFRATEL.NS
2017-01-31,INFY.NS
2017-01-31,ITC.NS
2017-01-31,KOTAKBANK.NS
2017-01-31,LT.NS
2017-01-31,LUPIN.NS
2017-01-31,M&M.NS
2017-01-31,MARUTI.NS
2017-01-31,NTPC.NS
2017-01-31,ONGC.NS
2017-01-31,POWERGRID.NS
2017-01-31,RELIANCE.NS
2017-01-31,SBIN.NS
2017-01-31,SUNPHARMA.NS
2017-01-31,TATAMOTORS.NS
2017-01-31,TATAPOWER.NS
2017-01-31,TATASTEEL.NS
2017-01-31,TCS.NS
2017-01-31,TECHM.NS
2017-01-31,ULTRACEMCO.NS
2017-01-31,WIPRO.NS
2017-01-31,YESBANK.NS
2017-01-31,ZEEL.NS
2017-02-28,ACC.NS
2017-02-28,ADANIPORTS.NS
2017-02-28,AMBUJACEM.NS
2017-02-28,ASIANPAINT.NS
2017-02-28,AUROPHARMA.NS
2017-02-28,AXISBANK.NS
2017-02-28,BAJAJAUTO.NS
2017-02-28,BANKBARODA.NS
2017-02-28,BHARTIARTL.NS
2017-02-28,BHEL.NS
2017-02-28,BOSCHLTD.NS
2017-02-28,BPCL.NS
2017-02-28,CIPLA.NS
2017-02-28,COALINDIA.NS
2017-02-28,DRREDDY.NS
2017-02-28,EICHERMOT.NS
2017-02-28,GAIL.NS
2017-02-28,GRASIM.NS
2017-02-28,HCLTECH.NS
2017-02-28,HDFC.NS
2017-02-28,HDFCBANK.NS
2017-02-28,HEROMOTOCO.NS
2017-02-28,HINDALCO.NS
2017-02-28,HINDUNILVR.NS
2017-02-28,ICICIBANK.NS
2017-02-28,IDEA.NS
2017-02-28,INDUSINDBK.NS
2017-02-28,INFRATEL.NS
2017-02-28,INFY.NS
2017-02-28,ITC.NS
2017-02-28,KOTAKBANK.NS
2017-02-28,LT.NS
2017-02-28,LUPIN.NS
2017-02-28,M&M.NS
2017-02-28,MARUTI.NS
2017-02-28,NTPC.NS
2017-02-28,ONGC.NS
2017-02-28,POWERGRID.NS
2017-02-28,RELIANCE.NS
2017-02-28,SBIN.NS
2017-02-28,SUNPHARMA.NS
2017-02-28,TATAMOTORS.NS
2017-02-28,TATAPOWER.NS
2017-02-28,TATASTEEL.NS
2017-02-28,TCS.NS
2017-02-28,TECHM.NS
2017-02-28,ULTRACEMCO.NS
2017-02-28,WIPRO.NS
2017-02-28,YESBANK.NS
2017-02-28,ZEEL.NS
2017-04-01,ACC.NS
2017-04-01,ADANIPORTS.NS
2017-04-01,AMBUJACEM.NS
2017-04-01,ASIANPAINT.NS
2017-04-01,AUROPHARMA.NS
2017-04-01,AXISBANK.NS
2017-04-01,BAJAJAUTO.NS
2017-04-01,BANKBARODA.NS
2017-04-01,BHARTIARTL.NS
2017-04-01,BOSCHLTD.NS
2017-04-01,BPCL.NS
2017-04-01,CIPLA.NS
2017-04-01,COALINDIA.NS
2017-04-01,DRREDDY.NS
2017-04-01,EICHERMOT.NS
2017-04-01,GAIL.NS
2017-04-01,GRASIM.NS
2017-04-01,HCLTECH.NS
2017-04-01,HDFC.NS
2017-04-01,HDFCBANK.NS
2017-04-01,HEROMOTOCO.NS
2017-04-01,HINDALCO.NS
2017-04-01,HINDUNILVR.NS
2017-04-01,IBULHSGFIN.NS
2017-04-01,ICICIBANK.NS
2017-04-01,INDUSINDBK.NS
2017-04-01,INFRATEL.NS
2017-04-01,INFY.NS
2017-04-01,IOC.NS
2017-04-01,ITC.NS
2017-04-01,KOTAKBANK.NS
2017-04-01,LT.NS
2017-04-01,LUPIN.NS
2017-04-01,M&M.NS
2017-04-01,MARUTI.NS
2017-04-01,NTPC.NS
2017-04-01,ONGC.NS
2017-04-01,POWERGRID.NS
2017-04-01,RELIANCE.NS
2017-04-01,SBIN.NS
2017-04-01,SUNPHARMA.NS
2017-04-01,TATAMOTORS.NS
2017-04-01,TATAPOWER.NS
2017-04-01,TATASTEEL.NS
2017-04-01,TCS.NS
2017-04-01,TECHM.NS
2017-04-01,ULTRACEMCO.NS
2017-04-01,WIPRO.NS
2017-04-01,YESBANK.NS
2017-04-01,ZEEL.NS
2017-04-30,ACC.NS
2017-04-30,ADANIPORTS.NS
2017-04-30,AMBUJACEM.NS
2017-04-30,ASIANPAINT.NS
2017-04-30,AUROPHARMA.NS
2017-04-30,AXISBANK.NS
2017-04-30,BAJAJAUTO.NS
2017-04-30,BANKBARODA.NS
2017-04-30,BHARTIARTL.NS
2017-04-30,BOSCHLTD.NS
2017-04-30,BPCL.NS
2017-04-30,CIPLA.NS
2017-04-30,COALINDIA.NS
2017-04-30,DRREDDY.NS
2017-04-30,EICHERMOT.NS
2017-04-30,GAIL.NS
2017-04-30,GRASIM.NS
2017-04-30,HCLTECH.NS
2017-04-30,HDFC.NS
2017-04-30,HDFCBANK.NS
2017-04-30,HEROMOTOCO.NS
2017-04-30,HINDALCO.NS
2017-04-30,HINDUNILVR.NS
2017-04-30,IBULHSGFIN.NS
2017-04-30,ICICIBANK.NS
2017-04-30,INDUSINDBK.NS
2017-04-30,INFRATEL.NS
2017-04-30,INFY.NS
2017-04-30,IOC.NS
2017-04-30,ITC.NS
2017-04-30,KOTAKBANK.NS
2017-04-30,LT.NS
2017-04-30,LUPIN.NS
2017-04-30,M&M.NS
2017-04-30,MARUTI.NS
2017-04-30,NTPC.NS
2017-04-30,ONGC.NS
2017-04-30,POWERGRID.NS
2017-04-30,RELIANCE.NS
2017-04-30,SBIN.NS
2017-04-30,SUNPHARMA.NS
2017-04-30,TATAMOTORS.NS
2017-04-30,TATAPOWER.NS
2017-04-30,TATASTEEL.NS
2017-04-30,TCS.NS
2017-04-30,TECHM.NS
2017-04-30,ULTRACEMCO.NS
2017-04-30,WIPRO.NS
2017-04-30,YESBANK.NS
2017-04-30,ZEEL.NS
2017-05-29,ACC.NS
2017-05-29,ADANIPORTS.NS
2017-05-29,AMBUJACEM.NS
2017-05-29,ASIANPAINT.NS
2017-05-29,AUROPHARMA.NS
2017-05-29,AXISBANK.NS
2017-05-29,BAJAJAUTO.NS
2017-05-29,BANKBARODA.NS
2017-05-29,BHARTIARTL.NS
2017-05-29,BOSCHLTD.NS
2017-05-29,BPCL.NS
2017-05-29,CIPLA.NS
2017-05-29,COALINDIA.NS
2017-05-29,DRREDDY.NS
2017-05-29,EICHERMOT.NS
2017-05-29,GAIL.NS
2017-05-29,HCLTECH.NS
2017-05-29,HDFC.NS
2017-05-29,HDFCBANK.NS
2017-05-29,HEROMOTOCO.NS
2017-05-29,HINDALCO.NS
2017-05-29,HINDUNILVR.NS
2017-05-29,IBULHSGFIN.NS
2017-05-29,ICICIBANK.NS
2017-05-29,INDUSINDBK.NS
2017-05-29,INFRATEL.NS
2017-05-29,INFY.NS
2017-05-29,IOC.NS
2017-05-29,ITC.NS
2017-05-29,KOTAKBANK.NS
2017-05-29,LT.NS
2017-05-29,LUPIN.NS
2017-05-29,M&M.NS
2017-05-29,MARUTI.NS
2017-05-29,NTPC.NS
2017-05-29,ONGC.NS
2017-05-29,POWERGRID.NS
2017-05-29,RELIANCE.NS
2017-05-29,SBIN.NS
2017-05-29,SUNPHARMA.NS
2017-05-29,TATAMOTORS.NS
2017-05-29,TATAPOWER.NS
2017-05-29,TATASTEEL.NS
2017-05-29,TCS.NS
2017-05-29,TECHM.NS
2017-05-29,ULTRACEMCO.NS
2017-05-29,VEDL.NS
2017-05-29,WIPRO.NS
2017-05-29,YESBANK.NS
2017-05-29,ZEEL.NS
2017-06-30,ACC.NS
2017-06-30,ADANIPORTS.NS
2017-06-30,AMBUJACEM.NS
2017-06-30,ASIANPAINT.NS
2017-06-30,AUROPHARMA.NS
2017-06-30,AXISBANK.NS
2017-06-30,BAJAJAUTO.NS
2017-06-30,BANKBARODA.NS
2017-06-30,BHARTIARTL.NS
2017-06-30,BOSCHLTD.NS
2017-06-30,BPCL.NS
2017-06-30,CIPLA.NS
2017-06-30,COALINDIA.NS
2017-06-30,DRREDDY.NS
2017-06-30,EICHERMOT.NS
2017-06-30,GAIL.NS
2017-06-30,HCLTECH.NS
2017-06-30,HDFC.NS
2017-06-30,HDFCBANK.NS
2017-06-30,HEROMOTOCO.NS
2017-06-30,HINDALCO.NS
2017-06-30,HINDUNILVR.NS
2017-06-30,IBULHSGFIN.NS
2017-06-30,ICICIBANK.NS
2017-06-30,INDUSINDBK.NS
2017-06-30,INFRATEL.NS
2017-06-30,INFY.NS
2017-06-30,IOC.NS
2017-06-30,ITC.NS
2017-06-30,KOTAKBANK.NS
2017-06-30,LT.NS
2017-06-30,LUPIN.NS
2017-06-30,M&M.NS
2017-06-30,MARUTI.NS
2017-06-30,NTPC.NS
2017-06-30,ONGC.NS
2017-06-30,POWERGRID.NS
2017-06-30,RELIANCE.NS
2017-06-30,SBIN.NS
2017-06-30,SUNPHARMA.NS
2017-06-30,TATAMOTORS.NS
2017-06-30,TATAPOWER.NS
2017-06-30,TATASTEEL.NS
2017-06-30,TCS.NS
2017-06-30,TECHM.NS
2017-06-30,ULTRACEMCO.NS
2017-06-30,VEDL.NS
2017-06-30,WIPRO.NS
2017-06-30,YESBANK.NS
2017-06-30,ZEEL.NS
2017-07-31,ACC.NS
2017-07-31,ADANIPORTS.NS
2017-07-31,AMBUJACEM.NS
2017-07-31,ASIANPAINT.NS
2017-07-31,AUROPHARMA.NS
2017-07-31,AXISBANK.NS
2017-07-31,BAJAJAUTO.NS
2017-07-31,BANKBARODA.NS
2017-07-31,BHARTIARTL.NS
2017-07-31,BOSCHLTD.NS
2017-07-31,BPCL.NS
2017-07-31,CIPLA.NS
2017-07-31,COALINDIA.NS
2017-07-31,DRREDDY.NS
2017-07-31,EICHERMOT.NS
2017-07-31,GAIL.NS
2017-07-31,HCLTECH.NS
2017-07-31,HDFC.NS
2017-07-31,HDFCBANK.NS
2017-07-31,HEROMOTOCO.NS
2017-07-31,HINDALCO.NS
2017-07-31,HINDUNILVR.NS
2017-07-31,IBULHSGFIN.NS
2017-07-31,ICICIBANK.NS
2017-07-31,INDUSINDBK.NS
2017-07-31,INFRATEL.NS
2017-07-31,INFY.NS
2017-07-31,IOC.NS
2017-07-31,ITC.NS
2017-07-31,KOTAKBANK.NS
2017-07-31,LT.NS
2017-07-31,LUPIN.NS
2017-07-31,M&M.NS
2017-07-31,MARUTI.NS
2017-07-31,NTPC.NS
2017-07-31,ONGC.NS
2017-07-31,POWERGRID.NS
2017-07-31,RELIANCE.NS
2017-07-31,SBIN.NS
2017-07-31,SUNPHARMA.NS
2017-07-31,TATAMOTORS.NS
2017-07-31,TATAPOWER.NS
2017-07-31,TATASTEEL.NS
2017-07-31,TCS.NS
2017-07-31,TECHM.NS
2017-07-31,ULTRACEMCO.NS
2017-07-31,VEDL.NS
2017-07-31,WIPRO.NS
2017-07-31,YESBANK.NS
2017-07-31,ZEEL.NS
2017-08-31,ACC.NS
2017-08-31,ADANIPORTS.NS
2017-08-31,AMBUJACEM.NS
2017-08-31,ASIANPAINT.NS
2017-08-31,AUROPHARMA.NS
2017-08-31,AXISBANK.NS
2017-08-31,BAJAJAUTO.NS
2017-08-31,BANKBARODA.NS
2017-08-31,BHARTIARTL.NS
2017-08-31,BOSCHLTD.NS
2017-08-31,BPCL.NS
2017-08-31,CIPLA.NS
2017-08-31,COALINDIA.NS
2017-08-31,DRREDDY.NS
2017-08-31,EICHERMOT.NS
2017-08-31,GAIL.NS
2017-08-31,HCLTECH.NS
2017-08-31,HDFC.NS
2017-08-31,HDFCBANK.NS
2017-08-31,HEROMOTOCO.NS
2017-08-31,HINDALCO.NS
2017-08-31,HINDUNILVR.NS
2017-08-31,IBULHSGFIN.NS
2017-08-31,ICICIBANK.NS
2017-08-31,INDUSINDBK.NS
2017-08-31,INFRATEL.NS
2017-08-31,INFY.NS
2017-08-31,IOC.NS
2017-08-31,ITC.NS
2017-08-31,KOTAKBANK.NS
2017-08-31,LT.NS
2017-08-31,LUPIN.NS
2017-08-31,M&M.NS
2017-08-31,MARUTI.NS
2017-08-31,NTPC.NS
2017-08-31,ONGC.NS
2017-08-31,POWERGRID.NS
2017-08-31,RELIANCE.NS
2017-08-31,SBIN.NS
2017-08-31,SUNPHARMA.NS
2017-08-31,TATAMOTORS.NS
2017-08-31,TATAPOWER.NS
2017-08-31,TATASTEEL.NS
2017-08-31,TCS.NS
2017-08-31,TECHM.NS
2017-08-31,ULTRACEMCO.NS
2017-08-31,VEDL.NS
2017-08-31,WIPRO.NS
2017-08-31,YESBANK.NS
2017-08-31,ZEEL.NS
2017-10-03,ADANIPORTS.NS
2017-10-03,AMBUJACEM.NS
2017-10-03,ASIANPAINT.NS
2017-10-03,AUROPHARMA.NS
2017-10-03,AXISBANK.NS
2017-10-03,BAJAJAUTO.NS
2017-10-03,BAJFINANCE.NS
2017-10-03,BHARTIARTL.NS
2017-10-03,BOSCHLTD.NS
2017-10-03,BPCL.NS
2017-10-03,CIPLA.NS
2017-10-03,COALINDIA.NS
2017-10-03,DRREDDY.NS
2017-10-03,EICHERMOT.NS
2017-10-03,GAIL.NS
2017-10-03,HCLTECH.NS
2017-10-03,HDFC.NS
2017-10-03,HDFCBANK.NS
2017-10-03,HEROMOTOCO.NS
2017-10-03,HINDALCO.NS
2017-10-03,HINDPETRO.NS
2017-10-03,HINDUNILVR.NS
2017-10-03,IBULHSGFIN.NS
2017-10-03,ICICIBANK.NS
2017-10-03,INDUSINDBK.NS
2017-10-03,INFRATEL.NS
2017-10-03,INFY.NS
2017-10-03,IOC.NS
2017-10-03,ITC.NS
2017-10-03,KOTAKBANK.NS
2017-10-03,LT.NS
2017-10-03,LUPIN.NS
2017-10-03,M&M.NS
2017-10-03,MARUTI.NS
2017-10-03,NTPC.NS
2017-10-03,ONGC.NS
2017-10-03,POWERGRID.NS
2017-10-03,RELIANCE.NS
2017-10-03,SBIN.NS
2017-10-03,SUNPHARMA.NS
2017-10-03,TATAMOTORS.NS
2017-10-03,TATASTEEL.NS
2017-10-03,TCS.NS
2017-10-03,TECHM.NS
2017-10-03,ULTRACEMCO.NS
2017-10-03,UPL.NS
2017-10-03,VEDL.NS
2017-10-03,WIPRO.NS
2017-10-03,YESBANK.NS
2017-10-03,ZEEL.NS
2017-10-31,ADANIPORTS.NS
2017-10-31,AMBUJACEM.NS
2017-10-31,ASIANPAINT.NS
2017-10-31,AUROPHARMA.NS
2017-10-31,AXISBANK.NS
2017-10-31,BAJAJAUTO.NS
2017-10-31,BAJFINANCE.NS
2017-10-31,BHARTIARTL.NS
2017-10-31,BOSCHLTD.NS
2017-10-31,BPCL.NS
2017-10-31,CIPLA.NS
2017-10-31,COALINDIA.NS
2017-10-31,DRREDDY.NS
2017-10-31,EICHERMOT.NS
2017-10-31,GAIL.NS
2017-10-31,HCLTECH.NS
2017-10-31,HDFC.NS
2017-10-31,HDFCBANK.NS
2017-10-31,HEROMOTOCO.NS
2017-10-31,HINDALCO.NS
2017-10-31,HINDPETRO.NS
2017-10-31,HINDUNILVR.NS
2017-10-31,IBULHSGFIN.NS
2017-10-31,ICICIBANK.NS
2017-10-31,INDUSINDBK.NS
2017-10-31,INFRATEL.NS
2017-10-31,INFY.NS
2017-10-31,IOC.NS
2017-10-31,ITC.NS
2017-10-31,KOTAKBANK.NS
2017-10-31,LT.NS
2017-10-31,LUPIN.NS
2017-10-31,M&M.NS
2017-10-31,MARUTI.NS
2017-10-31,NTPC.NS
2017-10-31,ONGC.NS
2017-10-31,POWERGRID.NS
2017-10-31,RELIANCE.NS
2017-10-31,SBIN.NS
2017-10-31,SUNPHARMA.NS
2017-10-31,TATAMOTORS.NS
2017-10-31,TATASTEEL.NS
2017-10-31,TCS.NS
2017-10-31,TECHM.NS
2017-10-31,ULTRACEMCO.NS
2017-10-31,UPL.NS
2017-10-31,VEDL.NS
2017-10-31,WIPRO.NS
2017-10-31,YESBANK.NS
2017-10-31,ZEEL.NS
2017-11-30,ADANIPORTS.NS
2017-11-30,AMBUJACEM.NS
2017-11-30,ASIANPAINT.NS
2017-11-30,AUROPHARMA.NS
2017-11-30,AXISBANK.NS
2017-11-30,BAJAJAUTO.NS
2017-11-30,BAJFINANCE.NS
2017-11-30,BHARTIARTL.NS
2017-11-30,BOSCHLTD.NS
2017-11-30,BPCL.NS
2017-11-30,CIPLA.NS
2017-11-30,COALINDIA.NS
2017-11-30,DRREDDY.NS
2017-11-30,EICHERMOT.NS
2017-11-30,GAIL.NS
2017-11-30,HCLTECH.NS
2017-11-30,HDFC.NS
2017-11-30,HDFCBANK.NS
2017-11-30,HEROMOTOCO.NS
2017-11-30,HINDALCO.NS
2017-11-30,HINDPETRO.NS
2017-11-30,HINDUNILVR.NS
2017-11-30,IBULHSGFIN.NS
2017-11-30,ICICIBANK.NS
2017-11-30,INDUSINDBK.NS
2017-11-30,INFRATEL.NS
2017-11-30,INFY.NS
2017-11-30,IOC.NS
2017-11-30,ITC.NS
2017-11-30,KOTAKBANK.NS
2017-11-30,LT.NS
2017-11-30,LUPIN.NS
2017-11-30,M&M.NS
2017-11-30,MARUTI.NS
2017-11-30,NTPC.NS
2017-11-30,ONGC.NS
2017-11-30,POWERGRID.NS
2017-11-30,RELIANCE.NS
2017-11-30,SBIN.NS
2017-11-30,SUNPHARMA.NS
2017-11-30,TATAMOTORS.NS
2017-11-30,TATASTEEL.NS
2017-11-30,TCS.NS
2017-11-30,TECHM.NS
2017-11-30,ULTRACEMCO.NS
2017-11-30,UPL.NS
2017-11-30,VEDL.NS
2017-11-30,WIPRO.NS
2017-11-30,YESBANK.NS
2017-11-30,ZEEL.NS
2017-12-31,ADANIPORTS.NS
2017-12-31,AMBUJACEM.NS
2017-12-31,ASIANPAINT.NS
2017-12-31,AUROPHARMA.NS
2017-12-31,AXISBANK.NS
2017-12-31,BAJAJAUTO.NS
2017-12-31,BAJFINANCE.NS
2017-12-31,BHARTIARTL.NS
2017-12-31,BOSCHLTD.NS
2017-12-31,BPCL.NS
2017-12-31,CIPLA.NS
2017-12-31,COALINDIA.NS
2017-12-31,DRREDDY.NS
2017-12-31,EICHERMOT.NS
2017-12-31,GAIL.NS
2017-12-31,HCLTECH.NS
2017-12-31,HDFC.NS
2017-12-31,HDFCBANK.NS
2017-12-31,HEROMOTOCO.NS
2017-12-31,HINDALCO.NS
2017-12-31,HINDPETRO.NS
2017-12-31,HINDUNILVR.NS
2017-12-31,IBULHSGFIN.NS
2017-12-31,ICICIBANK.NS
2017-12-31,INDUSINDBK.NS
2017-12-31,INFRATEL.NS
2017-12-31,INFY.NS
2017-12-31,IOC.NS
2017-12-31,ITC.NS
2017-12-31,KOTAKBANK.NS
2017-12-31,LT.NS
2017-12-31,LUPIN.NS
2017-12-31,M&M.NS
2017-12-31,MARUTI.NS
2017-12-31,NTPC.NS
2017-12-31,ONGC.NS
2017-12-31,POWERGRID.NS
2017-12-31,RELIANCE.NS
2017-12-31,SBIN.NS
2017-12-31,SUNPHARMA.NS
2017-12-31,TATAMOTORS.NS
2017-12-31,TATASTEEL.NS
2017-12-31,TCS.NS
2017-12-31,TECHM.NS
2017-12-31,ULTRACEMCO.NS
2017-12-31,UPL.NS
2017-12-31,VEDL.NS
2017-12-31,WIPRO.NS
2017-12-31,YESBANK.NS
2017-12-31,ZEEL.NS
2018-01-31,ADANIPORTS.NS
2018-01-31,AMBUJACEM.NS
2018-01-31,ASIANPAINT.NS
2018-01-31,AUROPHARMA.NS
2018-01-31,AXISBANK.NS
2018-01-31,BAJAJAUTO.NS
2018-01-31,BAJFINANCE.NS
2018-01-31,BHARTIARTL.NS
2018-01-31,BOSCHLTD.NS
2018-01-31,BPCL.NS
2018-01-31,CIPLA.NS
2018-01-31,COALINDIA.NS
2018-01-31,DRREDDY.NS
2018-01-31,EICHERMOT.NS
2018-01-31,GAIL.NS
2018-01-31,HCLTECH.NS
2018-01-31,HDFC.NS
2018-01-31,HDFCBANK.NS
2018-01-31,HEROMOTOCO.NS
2018-01-31,HINDALCO.NS
2018-01-31,HINDPETRO.NS
2018-01-31,HINDUNILVR.NS
2018-01-31,IBULHSGFIN.NS
2018-01-31,ICICIBANK.NS
2018-01-31,INDUSINDBK.NS
2018-01-31,INFRATEL.NS
2018-01-31,INFY.NS
2018-01-31,IOC.NS
2018-01-31,ITC.NS
2018-01-31,KOTAKBANK.NS
2018-01-31,LT.NS
2018-01-31,LUPIN.NS
2018-01-31,M&M.NS
2018-01-31,MARUTI.NS
2018-01-31,NTPC.NS
2018-01-31,ONGC.NS
2018-01-31,POWERGRID.NS
2018-01-31,RELIANCE.NS
2018-01-31,SBIN.NS
2018-01-31,SUNPHARMA.NS
2018-01-31,TATAMOTORS.NS
2018-01-31,TATASTEEL.NS
2018-01-31,TCS.NS
2018-01-31,TECHM.NS
2018-01-31,ULTRACEMCO.NS
2018-01-31,UPL.NS
2018-01-31,VEDL.NS
2018-01-31,WIPRO.NS
2018-01-31,YESBANK.NS
2018-01-31,ZEEL.NS
2018-02-28,ADANIPORTS.NS
2018-02-28,AMBUJACEM.NS
2018-02-28,ASIANPAINT.NS
2018-02-28,AUROPHARMA.NS
2018-02-28,AXISBANK.NS
2018-02-28,BAJAJAUTO.NS
2018-02-28,BAJFINANCE.NS
2018-02-28,BHARTIARTL.NS
2018-02-28,BOSCHLTD.NS
2018-02-28,BPCL.NS
2018-02-28,CIPLA.NS
2018-02-28,COALINDIA.NS
2018-02-28,DRREDDY.NS
2018-02-28,EICHERMOT.NS
2018-02-28,GAIL.NS
2018-02-28,HCLTECH.NS
2018-02-28,HDFC.NS
2018-02-28,HDFCBANK.NS
2018-02-28,HEROMOTOCO.NS
2018-02-28,HINDALCO.NS
2018-02-28,HINDPETRO.NS
2018-02-28,HINDUNILVR.NS
2018-02-28,IBULHSGFIN.NS
2018-02-28,ICICIBANK.NS
2018-02-28,INDUSINDBK.NS
2018-02-28,INFRATEL.NS
2018-02-28,INFY.NS
2018-02-28,IOC.NS
2018-02-28,ITC.NS
2018-02-28,KOTAKBANK.NS
2018-02-28,LT.NS
2018-02-28,LUPIN.NS
2018-02-28,M&M.NS
2018-02-28,MARUTI.NS
2018-02-28,NTPC.NS
2018-02-28,ONGC.NS
2018-02-28,POWERGRID.NS
2018-02-28,RELIANCE.NS
2018-02-28,SBIN.NS
2018-02-28,SUNPHARMA.NS
2018-02-28,TATAMOTORS.NS
2018-02-28,TATASTEEL.NS
2018-02-28,TCS.NS
2018-02-28,TECHM.NS
2018-02-28,ULTRACEMCO.NS
2018-02-28,UPL.NS
2018-02-28,VEDL.NS
2018-02-28,WIPRO.NS
2018-02-28,YESBANK.NS
2018-02-28,ZEEL.NS
2018-04-01,ADANIPORTS.NS
2018-04-01,ASIANPAINT.NS
2018-04-01,AXISBANK.NS
2018-04-01,BAJAJAUTO.NS
2018-04-01,BAJAJFINSV.NS
2018-04-01,BAJFINANCE.NS
2018-04-01,BHARTIARTL.NS
2018-04-01,BPCL.NS
2018-04-01,CIPLA.NS
2018-04-01,COALINDIA.NS
2018-04-01,DRREDDY.NS
2018-04-01,EICHERMOT.NS
2018-04-01,GAIL.NS
2018-04-01,GRASIM.NS
2018-04-01,HCLTECH.NS
2018-04-01,HDFC.NS
2018-04-01,HDFCBANK.NS
2018-04-01,HEROMOTOCO.NS
2018-04-01,HINDALCO.NS
2018-04-01,HINDPETRO.NS
2018-04-01,HINDUNILVR.NS
2018-04-01,IBULHSGFIN.NS
2018-04-01,ICICIBANK.NS
2018-04-01,INDUSINDBK.NS
2018-04-01,INFRATEL.NS
2018-04-01,INFY.NS
2018-04-01,IOC.NS
2018-04-01,ITC.NS
2018-04-01,KOTAKBANK.NS
2018-04-01,LT.NS
2018-04-01,LUPIN.NS
2018-04-01,M&M.NS
2018-04-01,MARUTI.NS
2018-04-01,NTPC.NS
2018-04-01,ONGC.NS
2018-04-01,POWERGRID.NS
2018-04-01,RELIANCE.NS
2018-04-01,SBIN.NS
2018-04-01,SUNPHARMA.NS
2018-04-01,TATAMOTORS.NS
2018-04-01,TATASTEEL.NS
2018-04-01,TCS.NS
2018-04-01,TECHM.NS
2018-04-01,TITAN.NS
2018-04-01,ULTRACEMCO.NS
2018-04-01,UPL.NS
2018-04-01,VEDL.NS
2018-04-01,WIPRO.NS
2018-04-01,YESBANK.NS
2018-04-01,ZEEL.NS
2018-04-30,ADANIPORTS.NS
2018-04-30,ASIANPAINT.NS
2018-04-30,AXISBANK.NS
2018-04-30,BAJAJAUTO.NS
2018-04-30,BAJAJFINSV.NS
2018-04-30,BAJFINANCE.NS
2018-04-30,BHARTIARTL.NS
2018-04-30,BPCL.NS
2018-04-30,CIPLA.NS
2018-04-30,COALINDIA.NS
2018-04-30,DRREDDY.NS
2018-04-30,EICHERMOT.NS
2018-04-30,GAIL.NS
2018-04-30,GRASIM.NS
2018-04-30,HCLTECH.NS
2018-04-30,HDFC.NS
2018-04-30,HDFCBANK.NS
2018-04-30,HEROMOTOCO.NS
2018-04-30,HINDALCO.NS
2018-04-30,HINDPETRO.NS
2018-04-30,HINDUNILVR.NS
2018-04-30,IBULHSGFIN.NS
2018-04-30,ICICIBANK.NS
2018-04-30,INDUSINDBK.NS
2018-04-30,INFRATEL.NS
2018-04-30,INFY.NS
2018-04-30,IOC.NS
2018-04-30,ITC.NS
2018-04-30,KOTAKBANK.NS
2018-04-30,LT.NS
2018-04-30,LUPIN.NS
2018-04-30,M&M.NS
2018-04-30,MARUTI.NS
2018-04-30,NTPC.NS
2018-04-30,ONGC.NS
2018-04-30,POWERGRID.NS
2018-04-30,RELIANCE.NS
2018-04-30,SBIN.NS
2018-04-30,SUNPHARMA.NS
2018-04-30,TATAMOTORS.NS
2018-04-30,TATASTEEL.NS
2018-04-30,TCS.NS
2018-04-30,TECHM.NS
2018-04-30,TITAN.NS
2018-04-30,ULTRACEMCO.NS
2018-04-30,UPL.NS
2018-04-30,VEDL.NS
2018-04-30,WIPRO.NS
2018-04-30,YESBANK.NS
2018-04-30,ZEEL.NS
2018-05-31,ADANIPORTS.NS
2018-05-31,ASIANPAINT.NS
2018-05-31,AXISBANK.NS
2018-05-31,BAJAJAUTO.NS
2018-05-31,BAJAJFINSV.NS
2018-05-31,BAJFINANCE.NS
2018-05-31,BHARTIARTL.NS
2018-05-31,BPCL.NS
2018-05-31,CIPLA.NS
2018-05-31,COALINDIA.NS
2018-05-31,DRREDDY.NS
2018-05-31,EICHERMOT.NS
2018-05-31,GAIL.NS
2018-05-31,GRASIM.NS
2018-05-31,HCLTECH.NS
2018-05-31,HDFC.NS
2018-05-31,HDFCBANK.NS
2018-05-31,HEROMOTOCO.NS
2018-05-31,HINDALCO.NS
2018-05-31,HINDPETRO.NS
2018-05-31,HINDUNILVR.NS
2018-05-31,IBULHSGFIN.NS
2018-05-31,ICICIBANK.NS
2018-05-31,INDUSINDBK.NS
2018-05-31,INFRATEL.NS
2018-05-31,INFY.NS
2018-05-31,IOC.NS
2018-05-31,ITC.NS
2018-05-31,KOTAKBANK.NS
2018-05-31,LT.NS
2018-05-31,LUPIN.NS
2018-05-31,M&M.NS
2018-05-31,MARUTI.NS
2018-05-31,NTPC.NS
2018-05-31,ONGC.NS
2018-05-31,POWERGRID.NS
2018-05-31,RELIANCE.NS
2018-05-31,SBIN.NS
2018-05-31,SUNPHARMA.NS
2018-05-31,TATAMOTORS.NS
2018-05-31,TATASTEEL.NS
2018-05-31,TCS.NS
2018-05-31,TECHM.NS
2018-05-31,TITAN.NS
2018-05-31,ULTRACEMCO.NS
2018-05-31,UPL.NS
2018-05-31,VEDL.NS
2018-05-31,WIPRO.NS
2018-05-31,YESBANK.NS
2018-05-31,ZEEL.NS
2018-06-30,ADANIPORTS.NS
2018-06-30,ASIANPAINT.NS
2018-06-30,AXISBANK.NS
2018-06-30,BAJAJAUTO.NS
2018-06-30,BAJAJFINSV.NS
2018-06-30,BAJFINANCE.NS
2018-06-30,BHARTIARTL.NS
2018-06-30,BPCL.NS
2018-06-30,CIPLA.NS
2018-06-30,COALINDIA.NS
2018-06-30,DRREDDY.NS
2018-06-30,EICHERMOT.NS
2018-06-30,GAIL.NS
2018-06-30,GRASIM.NS
2018-06-30,HCLTECH.NS
2018-06-30,HDFC.NS
2018-06-30,HDFCBANK.NS
2018-06-30,HEROMOTOCO.NS
2018-06-30,HINDALCO.NS
2018-06-30,HINDPETRO.NS
2018-06-30,HINDUNILVR.NS
2018-06-30,IBULHSGFIN.NS
2018-06-30,ICICIBANK.NS
2018-06-30,INDUSINDBK.NS
2018-06-30,INFRATEL.NS
2018-06-30,INFY.NS
2018-06-30,IOC.NS
2018-06-30,ITC.NS
2018-06-30,KOTAKBANK.NS
2018-06-30,LT.NS
2018-06-30,LUPIN.NS
2018-06-30,M&M.NS
2018-06-30,MARUTI.NS
2018-06-30,NTPC.NS
2018-06-30,ONGC.NS
2018-06-30,POWERGRID.NS
2018-06-30,RELIANCE.NS
2018-06-30,SBIN.NS
2018-06-30,SUNPHARMA.NS
2018-06-30,TATAMOTORS.NS
2018-06-30,TATASTEEL.NS
2018-06-30,TCS.NS
2018-06-30,TECHM.NS
2018-06-30,TITAN.NS
2018-06-30,ULTRACEMCO.NS
2018-06-30,UPL.NS
2018-06-30,VEDL.NS
2018-06-30,WIPRO.NS
2018-06-30,YESBANK.NS
2018-06-30,ZEEL.NS
2018-07-31,ADANIPORTS.NS
2018-07-31,ASIANPAINT.NS
2018-07-31,AXISBANK.NS
2018-07-31,BAJAJAUTO.NS
2018-07-31,BAJAJFINSV.NS
2018-07-31,BAJFINANCE.NS
2018-07-31,BHARTIARTL.NS
2018-07-31,BPCL.NS
2018-07-31,CIPLA.NS
2018-07-31,COALINDIA.NS
2018-07-31,DRREDDY.NS
2018-07-31,EICHERMOT.NS
2018-07-31,GAIL.NS
2018-07-31,GRASIM.NS
2018-07-31,HCLTECH.NS
2018-07-31,HDFC.NS
2018-07-31,HDFCBANK.NS
2018-07-31,HEROMOTOCO.NS
2018-07-31,HINDALCO.NS
2018-07-31,HINDPETRO.NS
2018-07-31,HINDUNILVR.NS
2018-07-31,IBULHSGFIN.NS
2018-07-31,ICICIBANK.NS
2018-07-31,INDUSINDBK.NS
2018-07-31,INFRATEL.NS
2018-07-31,INFY.NS
2018-07-31,IOC.NS
2018-07-31,ITC.NS
2018-07-31,KOTAKBANK.NS
2018-07-31,LT.NS
2018-07-31,LUPIN.NS
2018-07-31,M&M.NS
2018-07-31,MARUTI.NS
2018-07-31,NTPC.NS
2018-07-31,ONGC.NS
2018-07-31,POWERGRID.NS
2018-07-31,RELIANCE.NS
2018-07-31,SBIN.NS
2018-07-31,SUNPHARMA.NS
2018-07-31,TATAMOTORS.NS
2018-07-31,TATASTEEL.NS
2018-07-31,TCS.NS
2018-07-31,TECHM.NS
2018-07-31,TITAN.NS
2018-07-31,ULTRACEMCO.NS
2018-07-31,UPL.NS
2018-07-31,VEDL.NS
2018-07-31,WIPRO.NS
2018-07-31,YESBANK.NS
2018-07-31,ZEEL.NS
2018-08-31,ADANIPORTS.NS
2018-08-31,ASIANPAINT.NS
2018-08-31,AXISBANK.NS
2018-08-31,BAJAJAUTO.NS
2018-08-31,BAJAJFINSV.NS
2018-08-31,BAJFINANCE.NS
2018-08-31,BHARTIARTL.NS
2018-08-31,BPCL.NS
2018-08-31,CIPLA.NS
2018-08-31,COALINDIA.NS
2018-08-31,DRREDDY.NS
2018-08-31,EICHERMOT.NS
2018-08-31,GAIL.NS
2018-08-31,GRASIM.NS
2018-08-31,HCLTECH.NS
2018-08-31,HDFC.NS
2018-08-31,HDFCBANK.NS
2018-08-31,HEROMOTOCO.NS
2018-08-31,HINDALCO.NS
2018-08-31,HINDPETRO.NS
2018-08-31,HINDUNILVR.NS
2018-08-31,IBULHSGFIN.NS
2018-08-31,ICICIBANK.NS
2018-08-31,INDUSINDBK.NS
2018-08-31,INFRATEL.NS
2018-08-31,INFY.NS
2018-08-31,IOC.NS
2018-08-31,ITC.NS
2018-08-31,KOTAKBANK.NS
2018-08-31,LT.NS
2018-08-31,LUPIN.NS
2018-08-31,M&M.NS
2018-08-31,MARUTI.NS
2018-08-31,NTPC.NS
2018-08-31,ONGC.NS
2018-08-31,POWERGRID.NS
2018-08-31,RELIANCE.NS
2018-08-31,SBIN.NS
2018-08-31,SUNPHARMA.NS
2018-08-31,TATAMOTORS.NS
2018-08-31,TATASTEEL.NS
2018-08-31,TCS.NS
2018-08-31,TECHM.NS
2018-08-31,TITAN.NS
2018-08-31,ULTRACEMCO.NS
2018-08-31,UPL.NS
2018-08-31,VEDL.NS
2018-08-31,WIPRO.NS
2018-08-31,YESBANK.NS
2018-08-31,ZEEL.NS
2018-10-01,ADANIPORTS.NS
2018-10-01,ASIANPAINT.NS
2018-10-01,AXISBANK.NS
2018-10-01,BAJAJAUTO.NS
2018-10-01,BAJAJFINSV.NS
2018-10-01,BAJFINANCE.NS
2018-10-01,BHARTIARTL.NS
2018-10-01,BPCL.NS
2018-10-01,CIPLA.NS
2018-10-01,COALINDIA.NS
2018-10-01,DRREDDY.NS
2018-10-01,EICHERMOT.NS
2018-10-01,GAIL.NS
2018-10-01,GRASIM.NS
2018-10-01,HCLTECH.NS
2018-10-01,HDFC.NS
2018-10-01,HDFCBANK.NS
2018-10-01,HEROMOTOCO.NS
2018-10-01,HINDALCO.NS
2018-10-01,HINDPETRO.NS
2018-10-01,HINDUNILVR.NS
2018-10-01,IBULHSGFIN.NS
2018-10-01,ICICIBANK.NS
2018-10-01,INDUSINDBK.NS
2018-10-01,INFRATEL.NS
2018-10-01,INFY.NS
2018-10-01,IOC.NS
2018-10-01,ITC.NS
2018-10-01,JSWSTEEL.NS
2018-10-01,KOTAKBANK.NS
2018-10-01,LT.NS
2018-10-01,M&M.NS
2018-10-01,MARUTI.NS
2018-10-01,NTPC.NS
2018-10-01,ONGC.NS
2018-10-01,POWERGRID.NS
2018-10-01,RELIANCE.NS
2018-10-01,SBIN.NS
2018-10-01,SUNPHARMA.NS
2018-10-01,TATAMOTORS.NS
2018-10-01,TATASTEEL.NS
2018-10-01,TCS.NS
2018-10-01,TECHM.NS
2018-10-01,TITAN.NS
2018-10-01,ULTRACEMCO.NS
2018-10-01,UPL.NS
2018-10-01,VEDL.NS
2018-10-01,WIPRO.NS
2018-10-01,YESBANK.NS
2018-10-01,ZEEL.NS
2018-10-31,ADANIPORTS.NS
2018-10-31,ASIANPAINT.NS
2018-10-31,AXISBANK.NS
2018-10-31,BAJAJAUTO.NS
2018-10-31,BAJAJFINSV.NS
2018-10-31,BAJFINANCE.NS
2018-10-31,BHARTIARTL.NS
2018-10-31,BPCL.NS
2018-10-31,CIPLA.NS
2018-10-31,COALINDIA.NS
2018-10-31,DRREDDY.NS
2018-10-31,EICHERMOT.NS
2018-10-31,GAIL.NS
2018-10-31,GRASIM.NS
2018-10-31,HCLTECH.NS
2018-10-31,HDFC.NS
2018-10-31,HDFCBANK.NS
2018-10-31,HEROMOTOCO.NS
2018-10-31,HINDALCO.NS
2018-10-31,HINDPETRO.NS
2018-10-31,HINDUNILVR.NS
2018-10-31,IBULHSGFIN.NS
2018-10-31,ICICIBANK.NS
2018-10-31,INDUSINDBK.NS
2018-10-31,INFRATEL.NS
2018-10-31,INFY.NS
2018-10-31,IOC.NS
2018-10-31,ITC.NS
2018-10-31,JSWSTEEL.NS
2018-10-31,KOTAKBANK.NS
2018-10-31,LT.NS
2018-10-31,M&M.NS
2018-10-31,MARUTI.NS
2018-10-31,NTPC.NS
2018-10-31,ONGC.NS
2018-10-31,POWERGRID.NS
2018-10-31,RELIANCE.NS
2018-10-31,SBIN.NS
2018-10-31,SUNPHARMA.NS
2018-10-31,TATAMOTORS.NS
2018-10-31,TATASTEEL.NS
2018-10-31,TCS.NS
2018-10-31,TECHM.NS
2018-10-31,TITAN.NS
2018-10-31,ULTRACEMCO.NS
2018-10-31,UPL.NS
2018-10-31,VEDL.NS
2018-10-31,WIPRO.NS
2018-10-31,YESBANK.NS
2018-10-31,ZEEL.NS
2018-11-30,ADANIPORTS.NS
2018-11-30,ASIANPAINT.NS
2018-11-30,AXISBANK.NS
2018-11-30,BAJAJAUTO.NS
2018-11-30,BAJAJFINSV.NS
2018-11-30,BAJFINANCE.NS
2018-11-30,BHARTIARTL.NS
2018-11-30,BPCL.NS
2018-11-30,CIPLA.NS
2018-11-30,COALINDIA.NS
2018-11-30,DRREDDY.NS
2018-11-30,EICHERMOT.NS
2018-11-30,GAIL.NS
2018-11-30,GRASIM.NS
2018-11-30,HCLTECH.NS
2018-11-30,HDFC.NS
2018-11-30,HDFCBANK.NS
2018-11-30,HEROMOTOCO.NS
2018-11-30,HINDALCO.NS
2018-11-30,HINDPETRO.NS
2018-11-30,HINDUNILVR.NS
2018-11-30,IBULHSGFIN.NS
2018-11-30,ICICIBANK.NS
2018-11-30,INDUSINDBK.NS
2018-11-30,INFRATEL.NS
2018-11-30,INFY.NS
2018-11-30,IOC.NS
2018-11-30,ITC.NS
2018-11-30,JSWSTEEL.NS
2018-11-30,KOTAKBANK.NS
2018-11-30,LT.NS
2018-11-30,M&M.NS
2018-11-30,MARUTI.NS
2018-11-30,NTPC.NS
2018-11-30,ONGC.NS
2018-11-30,POWERGRID.NS
2018-11-30,RELIANCE.NS
2018-11-30,SBIN.NS
2018-11-30,SUNPHARMA.NS
2018-11-30,TATAMOTORS.NS
2018-11-30,TATASTEEL.NS
2018-11-30,TCS.NS
2018-11-30,TECHM.NS
2018-11-30,TITAN.NS
2018-11-30,ULTRACEMCO.NS
2018-11-30,UPL.NS
2018-11-30,VEDL.NS
2018-11-30,WIPRO.NS
2018-11-30,YESBANK.NS
2018-11-30,ZEEL.NS
2018-12-31,ADANIPORTS.NS
2018-12-31,ASIANPAINT.NS
2018-12-31,AXISBANK.NS
2018-12-31,BAJAJAUTO.NS
2018-12-31,BAJAJFINSV.NS
2018-12-31,BAJFINANCE.NS
2018-12-31,BHARTIARTL.NS
2018-12-31,BPCL.NS
2018-12-31,CIPLA.NS
2018-12-31,COALINDIA.NS
2018-12-31,DRREDDY.NS
2018-12-31,EICHERMOT.NS
2018-12-31,GAIL.NS
2018-12-31,GRASIM.NS
2018-12-31,HCLTECH.NS
2018-12-31,HDFC.NS
2018-12-31,HDFCBANK.NS
2018-12-31,HEROMOTOCO.NS
2018-12-31,HINDALCO.NS
2018-12-31,HINDPETRO.NS
2018-12-31,HINDUNILVR.NS
2018-12-31,IBULHSGFIN.NS
2018-12-31,ICICIBANK.NS
2018-12-31,INDUSINDBK.NS
2018-12-31,INFRATEL.NS
2018-12-31,INFY.NS
2018-12-31,IOC.NS
2018-12-31,ITC.NS
2018-12-31,JSWSTEEL.NS
2018-12-31,KOTAKBANK.NS
2018-12-31,LT.NS
2018-12-31,M&M.NS
2018-12-31,MARUTI.NS
2018-12-31,NTPC.NS
2018-12-31,ONGC.NS
2018-12-31,POWERGRID.NS
2018-12-31,RELIANCE.NS
2018-12-31,SBIN.NS
2018-12-31,SUNPHARMA.NS
2018-12-31,TATAMOTORS.NS
2018-12-31,TATASTEEL.NS
2018-12-31,TCS.NS
2018-12-31,TECHM.NS
2018-12-31,TITAN.NS
2018-12-31,ULTRACEMCO.NS
2018-12-31,UPL.NS
2018-12-31,VEDL.NS
2018-12-31,WIPRO.NS
2018-12-31,YESBANK.NS
2018-12-31,ZEEL.NS
2019-01-31,ADANIPORTS.NS
2019-01-31,ASIANPAINT.NS
2019-01-31,AXISBANK.NS
2019-01-31,BAJAJAUTO.NS
2019-01-31,BAJAJFINSV.NS
2019-01-31,BAJFINANCE.NS
2019-01-31,BHARTIARTL.NS
2019-01-31,BPCL.NS
2019-01-31,CIPLA.NS
2019-01-31,COALINDIA.NS
2019-01-31,DRREDDY.NS
2019-01-31,EICHERMOT.NS
2019-01-31,GAIL.NS
2019-01-31,GRASIM.NS
2019-01-31,HCLTECH.NS
2019-01-31,HDFC.NS
2019-01-31,HDFCBANK.NS
2019-01-31,HEROMOTOCO.NS
2019-01-31,HINDALCO.NS
2019-01-31,HINDPETRO.NS
2019-01-31,HINDUNILVR.NS
2019-01-31,IBULHSGFIN.NS
2019-01-31,ICICIBANK.NS
2019-01-31,INDUSINDBK.NS
2019-01-31,INFRATEL.NS
2019-01-31,INFY.NS
2019-01-31,IOC.NS
2019-01-31,ITC.NS
2019-01-31,JSWSTEEL.NS
2019-01-31,KOTAKBANK.NS
2019-01-31,LT.NS
2019-01-31,M&M.NS
2019-01-31,MARUTI.NS
2019-01-31,NTPC.NS
2019-01-31,ONGC.NS
2019-01-31,POWERGRID.NS
2019-01-31,RELIANCE.NS
2019-01-31,SBIN.NS
2019-01-31,SUNPHARMA.NS
2019-01-31,TATAMOTORS.NS
2019-01-31,TATASTEEL.NS
2019-01-31,TCS.NS
2019-01-31,TECHM.NS
2019-01-31,TITAN.NS
2019-01-31,ULTRACEMCO.NS
2019-01-31,UPL.NS
2019-01-31,VEDL.NS
2019-01-31,WIPRO.NS
2019-01-31,YESBANK.NS
2019-01-31,ZEEL.NS
2019-02-28,ADANIPORTS.NS
2019-02-28,ASIANPAINT.NS
2019-02-28,AXISBANK.NS
2019-02-28,BAJAJAUTO.NS
2019-02-28,BAJAJFINSV.NS
2019-02-28,BAJFINANCE.NS
2019-02-28,BHARTIARTL.NS
2019-02-28,BPCL.NS
2019-02-28,CIPLA.NS
2019-02-28,COALINDIA.NS
2019-02-28,DRREDDY.NS
2019-02-28,EICHERMOT.NS
2019-02-28,GAIL.NS
2019-02-28,GRASIM.NS
2019-02-28,HCLTECH.NS
2019-02-28,HDFC.NS
2019-02-28,HDFCBANK.NS
2019-02-28,HEROMOTOCO.NS
2019-02-28,HINDALCO.NS
2019-02-28,HINDPETRO.NS
2019-02-28,HINDUNILVR.NS
2019-02-28,IBULHSGFIN.NS
2019-02-28,ICICIBANK.NS
2019-02-28,INDUSINDBK.NS
2019-02-28,INFRATEL.NS
2019-02-28,INFY.NS
2019-02-28,IOC.NS
2019-02-28,ITC.NS
2019-02-28,JSWSTEEL.NS
2019-02-28,KOTAKBANK.NS
2019-02-28,LT.NS
2019-02-28,M&M.NS
2019-02-28,MARUTI.NS
2019-02-28,NTPC.NS
2019-02-28,ONGC.NS
2019-02-28,POWERGRID.NS
2019-02-28,RELIANCE.NS
2019-02-28,SBIN.NS
2019-02-28,SUNPHARMA.NS
2019-02-28,TATAMOTORS.NS
2019-02-28,TATASTEEL.NS
2019-02-28,TCS.NS
2019-02-28,TECHM.NS
2019-02-28,TITAN.NS
2019-02-28,ULTRACEMCO.NS
2019-02-28,UPL.NS
2019-02-28,VEDL.NS
2019-02-28,WIPRO.NS
2019-02-28,YESBANK.NS
2019-02-28,ZEEL.NS
2019-04-01,ADANIPORTS.NS
2019-04-01,ASIANPAINT.NS
2019-04-01,AXISBANK.NS
2019-04-01,BAJAJAUTO.NS
2019-04-01,BAJAJFINSV.NS
2019-04-01,BAJFINANCE.NS
2019-04-01,BHARTIARTL.NS
2019-04-01,BPCL.NS
2019-04-01,BRITANNIA.NS
2019-04-01,CIPLA.NS
2019-04-01,COALINDIA.NS
2019-04-01,DRREDDY.NS
2019-04-01,EICHERMOT.NS
2019-04-01,GAIL.NS
2019-04-01,GRASIM.NS
2019-04-01,HCLTECH.NS
2019-04-01,HDFC.NS
2019-04-01,HDFCBANK.NS
2019-04-01,HEROMOTOCO.NS
2019-04-01,HINDALCO.NS
2019-04-01,HINDUNILVR.NS
2019-04-01,IBULHSGFIN.NS
2019-04-01,ICICIBANK.NS
2019-04-01,INDUSINDBK.NS
2019-04-01,INFRATEL.NS
2019-04-01,INFY.NS
2019-04-01,IOC.NS
2019-04-01,ITC.NS
2019-04-01,JSWSTEEL.NS
2019-04-01,KOTAKBANK.NS
2019-04-01,LT.NS
2019-04-01,M&M.NS
2019-04-01,MARUTI.NS
2019-04-01,NTPC.NS
2019-04-01,ONGC.NS
2019-04-01,POWERGRID.NS
2019-04-01,RELIANCE.NS
2019-04-01,SBIN.NS
2019-04-01,SUNPHARMA.NS
2019-04-01,TATAMOTORS.NS
2019-04-01,TATASTEEL.NS
2019-04-01,TCS.NS
2019-04-01,TECHM.NS
2019-04-01,TITAN.NS
2019-04-01,ULTRACEMCO.NS
2019-04-01,UPL.NS
2019-04-01,VEDL.NS
2019-04-01,WIPRO.NS
2019-04-01,YESBANK.NS
2019-04-01,ZEEL.NS
2019-04-30,ADANIPORTS.NS
2019-04-30,ASIANPAINT.NS
2019-04-30,AXISBANK.NS
2019-04-30,BAJAJAUTO.NS
2019-04-30,BAJAJFINSV.NS
2019-04-30,BAJFINANCE.NS
2019-04-30,BHARTIARTL.NS
2019-04-30,BPCL.NS
2019-04-30,BRITANNIA.NS
2019-04-30,CIPLA.NS
2019-04-30,COALINDIA.NS
2019-04-30,DRREDDY.NS
2019-04-30,EICHERMOT.NS
2019-04-30,GAIL.NS
2019-04-30,GRASIM.NS
2019-04-30,HCLTECH.NS
2019-04-30,HDFC.NS
2019-04-30,HDFCBANK.NS
2019-04-30,HEROMOTOCO.NS
2019-04-30,HINDALCO.NS
2019-04-30,HINDUNILVR.NS
2019-04-30,IBULHSGFIN.NS
2019-04-30,ICICIBANK.NS
2019-04-30,INDUSINDBK.NS
2019-04-30,INFRATEL.NS
2019-04-30,INFY.NS
2019-04-30,IOC.NS
2019-04-30,ITC.NS
2019-04-30,JSWSTEEL.NS
2019-04-30,KOTAKBANK.NS
2019-04-30,LT.NS
2019-04-30,M&M.NS
2019-04-30,MARUTI.NS
2019-04-30,NTPC.NS
2019-04-30,ONGC.NS
2019-04-30,POWERGRID.NS
2019-04-30,RELIANCE.NS
2019-04-30,SBIN.NS
2019-04-30,SUNPHARMA.NS
2019-04-30,TATAMOTORS.NS
2019-04-30,TATASTEEL.NS
2019-04-30,TCS.NS
2019-04-30,TECHM.NS
2019-04-30,TITAN.NS
2019-04-30,ULTRACEMCO.NS
2019-04-30,UPL.NS
2019-04-30,VEDL.NS
2019-04-30,WIPRO.NS
2019-04-30,YESBANK.NS
2019-04-30,ZEEL.NS
2019-05-31,ADANIPORTS.NS
2019-05-31,ASIANPAINT.NS
2019-05-31,AXISBANK.NS
2019-05-31,BAJAJAUTO.NS
2019-05-31,BAJAJFINSV.NS
2019-05-31,BAJFINANCE.NS
2019-05-31,BHARTIARTL.NS
2019-05-31,BPCL.NS
2019-05-31,BRITANNIA.NS
2019-05-31,CIPLA.NS
2019-05-31,COALINDIA.NS
2019-05-31,DRREDDY.NS
2019-05-31,EICHERMOT.NS
2019-05-31,GAIL.NS
2019-05-31,GRASIM.NS
2019-05-31,HCLTECH.NS
2019-05-31,HDFC.NS
2019-05-31,HDFCBANK.NS
2019-05-31,HEROMOTOCO.NS
2019-05-31,HINDALCO.NS
2019-05-31,HINDUNILVR.NS
2019-05-31,IBULHSGFIN.NS
2019-05-31,ICICIBANK.NS
2019-05-31,INDUSINDBK.NS
2019-05-31,INFRATEL.NS
2019-05-31,INFY.NS
2019-05-31,IOC.NS
2019-05-31,ITC.NS
2019-05-31,JSWSTEEL.NS
2019-05-31,KOTAKBANK.NS
2019-05-31,LT.NS
2019-05-31,M&M.NS
2019-05-31,MARUTI.NS
2019-05-31,NTPC.NS
2019-05-31,ONGC.NS
2019-05-31,POWERGRID.NS
2019-05-31,RELIANCE.NS
2019-05-31,SBIN.NS
2019-05-31,SUNPHARMA.NS
2019-05-31,TATAMOTORS.NS
2019-05-31,TATASTEEL.NS
2019-05-31,TCS.NS
2019-05-31,TECHM.NS
2019-05-31,TITAN.NS
2019-05-31,ULTRACEMCO.NS
2019-05-31,UPL.NS
2019-05-31,VEDL.NS
2019-05-31,WIPRO.NS
2019-05-31,YESBANK.NS
2019-05-31,ZEEL.NS
2019-06-30,ADANIPORTS.NS
2019-06-30,ASIANPAINT.NS
2019-06-30,AXISBANK.NS
2019-06-30,BAJAJAUTO.NS
2019-06-30,BAJAJFINSV.NS
2019-06-30,BAJFINANCE.NS
2019-06-30,BHARTIARTL.NS
2019-06-30,BPCL.NS
2019-06-30,BRITANNIA.NS
2019-06-30,CIPLA.NS
2019-06-30,COALINDIA.NS
2019-06-30,DRREDDY.NS
2019-06-30,EICHERMOT.NS
2019-06-30,GAIL.NS
2019-06-30,GRASIM.NS
2019-06-30,HCLTECH.NS
2019-06-30,HDFC.NS
2019-06-30,HDFCBANK.NS
2019-06-30,HEROMOTOCO.NS
2019-06-30,HINDALCO.NS
2019-06-30,HINDUNILVR.NS
2019-06-30,IBULHSGFIN.NS
2019-06-30,ICICIBANK.NS
2019-06-30,INDUSINDBK.NS
2019-06-30,INFRATEL.NS
2019-06-30,INFY.NS
2019-06-30,IOC.NS
2019-06-30,ITC.NS
2019-06-30,JSWSTEEL.NS
2019-06-30,KOTAKBANK.NS
2019-06-30,LT.NS
2019-06-30,M&M.NS
2019-06-30,MARUTI.NS
2019-06-30,NTPC.NS
2019-06-30,ONGC.NS
2019-06-30,POWERGRID.NS
2019-06-30,RELIANCE.NS
2019-06-30,SBIN.NS
2019-06-30,SUNPHARMA.NS
2019-06-30,TATAMOTORS.NS
2019-06-30,TATASTEEL.NS
2019-06-30,TCS.NS
2019-06-30,TECHM.NS
2019-06-30,TITAN.NS
2019-06-30,ULTRACEMCO.NS
2019-06-30,UPL.NS
2019-06-30,VEDL.NS
2019-06-30,WIPRO.NS
2019-06-30,YESBANK.NS
2019-06-30,ZEEL.NS
2019-07-31,ADANIPORTS.NS
2019-07-31,ASIANPAINT.NS
2019-07-31,AXISBANK.NS
2019-07-31,BAJAJAUTO.NS
2019-07-31,BAJAJFINSV.NS
2019-07-31,BAJFINANCE.NS
2019-07-31,BHARTIARTL.NS
2019-07-31,BPCL.NS
2019-07-31,BRITANNIA.NS
2019-07-31,CIPLA.NS
2019-07-31,COALINDIA.NS
2019-07-31,DRREDDY.NS
2019-07-31,EICHERMOT.NS
2019-07-31,GAIL.NS
2019-07-31,GRASIM.NS
2019-07-31,HCLTECH.NS
2019-07-31,HDFC.NS
2019-07-31,HDFCBANK.NS
2019-07-31,HEROMOTOCO.NS
2019-07-31,HINDALCO.NS
2019-07-31,HINDUNILVR.NS
2019-07-31,IBULHSGFIN.NS
2019-07-31,ICICIBANK.NS
2019-07-31,INDUSINDBK.NS
2019-07-31,INFRATEL.NS
2019-07-31,INFY.NS
2019-07-31,IOC.NS
2019-07-31,ITC.NS
2019-07-31,JSWSTEEL.NS
2019-07-31,KOTAKBANK.NS
2019-07-31,LT.NS
2019-07-31,M&M.NS
2019-07-31,MARUTI.NS
2019-07-31,NTPC.NS
2019-07-31,ONGC.NS
2019-07-31,POWERGRID.NS
2019-07-31,RELIANCE.NS
2019-07-31,SBIN.NS
2019-07-31,SUNPHARMA.NS
2019-07-31,TATAMOTORS.NS
2019-07-31,TATASTEEL.NS
2019-07-31,TCS.NS
2019-07-31,TECHM.NS
2019-07-31,TITAN.NS
2019-07-31,ULTRACEMCO.NS
2019-07-31,UPL.NS
2019-07-31,VEDL.NS
2019-07-31,WIPRO.NS
2019-07-31,YESBANK.NS
2019-07-31,ZEEL.NS
2019-08-26,ADANIPORTS.NS
2019-08-26,ASIANPAINT.NS
2019-08-26,AXISBANK.NS
2019-08-26,BAJAJAUTO.NS
2019-08-26,BAJAJFINSV.NS
2019-08-26,BAJFINANCE.NS
2019-08-26,BHARTIARTL.NS
2019-08-26,BPCL.NS
2019-08-26,BRITANNIA.NS
2019-08-26,CIPLA.NS
2019-08-26,COALINDIA.NS
2019-08-26,DRREDDY.NS
2019-08-26,EICHERMOT.NS
2019-08-26,GAIL.NS
2019-08-26,GRASIM.NS
2019-08-26,HCLTECH.NS
2019-08-26,HDFC.NS
2019-08-26,HDFCBANK.NS
2019-08-26,HEROMOTOCO.NS
2019-08-26,HINDALCO.NS
2019-08-26,HINDUNILVR.NS
2019-08-26,IBULHSGFIN.NS
2019-08-26,ICICIBANK.NS
2019-08-26,INDUSINDBK.NS
2019-08-26,INFRATEL.NS
2019-08-26,INFY.NS
2019-08-26,IOC.NS
2019-08-26,ITC.NS
2019-08-26,JSWSTEEL.NS
2019-08-26,KOTAKBANK.NS
2019-08-26,LT.NS
2019-08-26,M&M.NS
2019-08-26,MARUTI.NS
2019-08-26,NTPC.NS
2019-08-26,ONGC.NS
2019-08-26,POWERGRID.NS
2019-08-26,RELIANCE.NS
2019-08-26,SBIN.NS
2019-08-26,SUNPHARMA.NS
2019-08-26,TATAMOTORS.NS
2019-08-26,TATASTEEL.NS
2019-08-26,TCS.NS
2019-08-26,TECHM.NS
2019-08-26,TITAN.NS
2019-08-26,ULTRACEMCO.NS
2019-08-26,UPL.NS
2019-08-26,VEDL.NS
2019-08-26,WIPRO.NS
2019-08-26,YESBANK.NS
2019-08-26,ZEEL.NS
2019-08-27,ADANIPORTS.NS
2019-08-27,ASIANPAINT.NS
2019-08-27,AXISBANK.NS
2019-08-27,BAJAJAUTO.NS
2019-08-27,BAJAJFINSV.NS
2019-08-27,BAJFINANCE.NS
2019-08-27,BHARTIARTL.NS
2019-08-27,BPCL.NS
2019-08-27,BRITANNIA.NS
2019-08-27,CIPLA.NS
2019-08-27,COALINDIA.NS
2019-08-27,DRREDDY.NS
2019-08-27,EICHERMOT.NS
2019-08-27,GAIL.NS
2019-08-27,GRASIM.NS
2019-08-27,HCLTECH.NS
2019-08-27,HDFC.NS
2019-08-27,HDFCBANK.NS
2019-08-27,HEROMOTOCO.NS
2019-08-27,HINDALCO.NS
2019-08-27,HINDUNILVR.NS
2019-08-27,ICICIBANK.NS
2019-08-27,INDUSINDBK.NS
2019-08-27,INFRATEL.NS
2019-08-27,INFY.NS
2019-08-27,IOC.NS
2019-08-27,ITC.NS
2019-08-27,JSWSTEEL.NS
2019-08-27,KOTAKBANK.NS
2019-08-27,LT.NS
2019-08-27,M&M.NS
2019-08-27,MARUTI.NS
2019-08-27,NESTLEIND.NS
2019-08-27,NTPC.NS
2019-08-27,ONGC.NS
2019-08-27,POWERGRID.NS
2019-08-27,RELIANCE.NS
2019-08-27,SBIN.NS
2019-08-27,SUNPHARMA.NS
2019-08-27,TATAMOTORS.NS
2019-08-27,TATASTEEL.NS
2019-08-27,TCS.NS
2019-08-27,TECHM.NS
2019-08-27,TITAN.NS
2019-08-27,ULTRACEMCO.NS
2019-08-27,UPL.NS
2019-08-27,VEDL.NS
2019-08-27,WIPRO.NS
2019-08-27,YESBANK.NS
2019-08-27,ZEEL.NS
2019-10-31,ADANIPORTS.NS
2019-10-31,ASIANPAINT.NS
2019-10-31,AXISBANK.NS
2019-10-31,BAJAJAUTO.NS
2019-10-31,BAJAJFINSV.NS
2019-10-31,BAJFINANCE.NS
2019-10-31,BHARTIARTL.NS
2019-10-31,BPCL.NS
2019-10-31,BRITANNIA.NS
2019-10-31,CIPLA.NS
2019-10-31,COALINDIA.NS
2019-10-31,DRREDDY.NS
2019-10-31,EICHERMOT.NS
2019-10-31,GAIL.NS
2019-10-31,GRASIM.NS
2019-10-31,HCLTECH.NS
2019-10-31,HDFC.NS
2019-10-31,HDFCBANK.NS
2019-10-31,HEROMOTOCO.NS
2019-10-31,HINDALCO.NS
2019-10-31,HINDUNILVR.NS
2019-10-31,ICICIBANK.NS
2019-10-31,INDUSINDBK.NS
2019-10-31,INFRATEL.NS
2019-10-31,INFY.NS
2019-10-31,IOC.NS
2019-10-31,ITC.NS
2019-10-31,JSWSTEEL.NS
2019-10-31,KOTAKBANK.NS
2019-10-31,LT.NS
2019-10-31,M&M.NS
2019-10-31,MARUTI.NS
2019-10-31,NESTLEIND.NS
2019-10-31,NTPC.NS
2019-10-31,ONGC.NS
2019-10-31,POWERGRID.NS
2019-10-31,RELIANCE.NS
2019-10-31,SBIN.NS
2019-10-31,SUNPHARMA.NS
2019-10-31,TATAMOTORS.NS
2019-10-31,TATASTEEL.NS
2019-10-31,TCS.NS
2019-10-31,TECHM.NS
2019-10-31,TITAN.NS
2019-10-31,ULTRACEMCO.NS
2019-10-31,UPL.NS
2019-10-31,VEDL.NS
2019-10-31,WIPRO.NS
2019-10-31,YESBANK.NS
2019-10-31,ZEEL.NS
2019-11-30,ADANIPORTS.NS
2019-11-30,ASIANPAINT.NS
2019-11-30,AXISBANK.NS
2019-11-30,BAJAJAUTO.NS
2019-11-30,BAJAJFINSV.NS
2019-11-30,BAJFINANCE.NS
2019-11-30,BHARTIARTL.NS
2019-11-30,BPCL.NS
2019-11-30,BRITANNIA.NS
2019-11-30,CIPLA.NS
2019-11-30,COALINDIA.NS
2019-11-30,DRREDDY.NS
2019-11-30,EICHERMOT.NS
2019-11-30,GAIL.NS
2019-11-30,GRASIM.NS
2019-11-30,HCLTECH.NS
2019-11-30,HDFC.NS
2019-11-30,HDFCBANK.NS
2019-11-30,HEROMOTOCO.NS
2019-11-30,HINDALCO.NS
2019-11-30,HINDUNILVR.NS
2019-11-30,ICICIBANK.NS
2019-11-30,INDUSINDBK.NS
2019-11-30,INFRATEL.NS
2019-11-30,INFY.NS
2019-11-30,IOC.NS
2019-11-30,ITC.NS
2019-11-30,JSWSTEEL.NS
2019-11-30,KOTAKBANK.NS
2019-11-30,LT.NS
2019-11-30,M&M.NS
2019-11-30,MARUTI.NS
2019-11-30,NESTLEIND.NS
2019-11-30,NTPC.NS
2019-11-30,ONGC.NS
2019-11-30,POWERGRID.NS
2019-11-30,RELIANCE.NS
2019-11-30,SBIN.NS
2019-11-30,SUNPHARMA.NS
2019-11-30,TATAMOTORS.NS
2019-11-30,TATASTEEL.NS
2019-11-30,TCS.NS
2019-11-30,TECHM.NS
2019-11-30,TITAN.NS
2019-11-30,ULTRACEMCO.NS
2019-11-30,UPL.NS
2019-11-30,VEDL.NS
2019-11-30,WIPRO.NS
2019-11-30,YESBANK.NS
2019-11-30,ZEEL.NS
2019-12-31,ADANIPORTS.NS
2019-12-31,ASIANPAINT.NS
2019-12-31,AXISBANK.NS
2019-12-31,BAJAJAUTO.NS
2019-12-31,BAJAJFINSV.NS
2019-12-31,BAJFINANCE.NS
2019-12-31,BHARTIARTL.NS
2019-12-31,BPCL.NS
2019-12-31,BRITANNIA.NS
2019-12-31,CIPLA.NS
2019-12-31,COALINDIA.NS
2019-12-31,DRREDDY.NS
2019-12-31,EICHERMOT.NS
2019-12-31,GAIL.NS
2019-12-31,GRASIM.NS
2019-12-31,HCLTECH.NS
2019-12-31,HDFC.NS
2019-12-31,HDFCBANK.NS
2019-12-31,HEROMOTOCO.NS
2019-12-31,HINDALCO.NS
2019-12-31,HINDUNILVR.NS
2019-12-31,ICICIBANK.NS
2019-12-31,INDUSINDBK.NS
2019-12-31,INFRATEL.NS
2019-12-31,INFY.NS
2019-12-31,IOC.NS
2019-12-31,ITC.NS
2019-12-31,JSWSTEEL.NS
2019-12-31,KOTAKBANK.NS
2019-12-31,LT.NS
2019-12-31,M&M.NS
2019-12-31,MARUTI.NS
2019-12-31,NESTLEIND.NS
2019-12-31,NTPC.NS
2019-12-31,ONGC.NS
2019-12-31,POWERGRID.NS
2019-12-31,RELIANCE.NS
2019-12-31,SBIN.NS
2019-12-31,SUNPHARMA.NS
2019-12-31,TATAMOTORS.NS
2019-12-31,TATASTEEL.NS
2019-12-31,TCS.NS
2019-12-31,TECHM.NS
2019-12-31,TITAN.NS
2019-12-31,ULTRACEMCO.NS
2019-12-31,UPL.NS
2019-12-31,VEDL.NS
2019-12-31,WIPRO.NS
2019-12-31,YESBANK.NS
2019-12-31,ZEEL.NS
2020-01-31,ADANIPORTS.NS
2020-01-31,ASIANPAINT.NS
2020-01-31,AXISBANK.NS
2020-01-31,BAJAJAUTO.NS
2020-01-31,BAJAJFINSV.NS
2020-01-31,BAJFINANCE.NS
2020-01-31,BHARTIARTL.NS
2020-01-31,BPCL.NS
2020-01-31,BRITANNIA.NS
2020-01-31,CIPLA.NS
2020-01-31,COALINDIA.NS
2020-01-31,DRREDDY.NS
2020-01-31,EICHERMOT.NS
2020-01-31,GAIL.NS
2020-01-31,GRASIM.NS
2020-01-31,HCLTECH.NS
2020-01-31,HDFC.NS
2020-01-31,HDFCBANK.NS
2020-01-31,HEROMOTOCO.NS
2020-01-31,HINDALCO.NS
2020-01-31,HINDUNILVR.NS
2020-01-31,ICICIBANK.NS
2020-01-31,INDUSINDBK.NS
2020-01-31,INFRATEL.NS
2020-01-31,INFY.NS
2020-01-31,IOC.NS
2020-01-31,ITC.NS
2020-01-31,JSWSTEEL.NS
2020-01-31,KOTAKBANK.NS
2020-01-31,LT.NS
2020-01-31,M&M.NS
2020-01-31,MARUTI.NS
2020-01-31,NESTLEIND.NS
2020-01-31,NTPC.NS
2020-01-31,ONGC.NS
2020-01-31,POWERGRID.NS
2020-01-31,RELIANCE.NS
2020-01-31,SBIN.NS
2020-01-31,SUNPHARMA.NS
2020-01-31,TATAMOTORS.NS
2020-01-31,TATASTEEL.NS
2020-01-31,TCS.NS
2020-01-31,TECHM.NS
2020-01-31,TITAN.NS
2020-01-31,ULTRACEMCO.NS
2020-01-31,UPL.NS
2020-01-31,VEDL.NS
2020-01-31,WIPRO.NS
2020-01-31,YESBANK.NS
2020-01-31,ZEEL.NS
2020-02-29,ADANIPORTS.NS
2020-02-29,ASIANPAINT.NS
2020-02-29,AXISBANK.NS
2020-02-29,BAJAJAUTO.NS
2020-02-29,BAJAJFINSV.NS
2020-02-29,BAJFINANCE.NS
2020-02-29,BHARTIARTL.NS
2020-02-29,BPCL.NS
2020-02-29,BRITANNIA.NS
2020-02-29,CIPLA.NS
2020-02-29,COALINDIA.NS
2020-02-29,DRREDDY.NS
2020-02-29,EICHERMOT.NS
2020-02-29,GAIL.NS
2020-02-29,GRASIM.NS
2020-02-29,HCLTECH.NS
2020-02-29,HDFC.NS
2020-02-29,HDFCBANK.NS
2020-02-29,HEROMOTOCO.NS
2020-02-29,HINDALCO.NS
2020-02-29,HINDUNILVR.NS
2020-02-29,ICICIBANK.NS
2020-02-29,INDUSINDBK.NS
2020-02-29,INFRATEL.NS
2020-02-29,INFY.NS
2020-02-29,IOC.NS
2020-02-29,ITC.NS
2020-02-29,JSWSTEEL.NS
2020-02-29,KOTAKBANK.NS
2020-02-29,LT.NS
2020-02-29,M&M.NS
2020-02-29,MARUTI.NS
2020-02-29,NESTLEIND.NS
2020-02-29,NTPC.NS
2020-02-29,ONGC.NS
2020-02-29,POWERGRID.NS
2020-02-29,RELIANCE.NS
2020-02-29,SBIN.NS
2020-02-29,SUNPHARMA.NS
2020-02-29,TATAMOTORS.NS
2020-02-29,TATASTEEL.NS
2020-02-29,TCS.NS
2020-02-29,TECHM.NS
2020-02-29,TITAN.NS
2020-02-29,ULTRACEMCO.NS
2020-02-29,UPL.NS
2020-02-29,VEDL.NS
2020-02-29,WIPRO.NS
2020-02-29,YESBANK.NS
2020-02-29,ZEEL.NS
2020-03-19,ADANIPORTS.NS
2020-03-19,ASIANPAINT.NS
2020-03-19,AXISBANK.NS
2020-03-19,BAJAJAUTO.NS
2020-03-19,BAJAJFINSV.NS
2020-03-19,BAJFINANCE.NS
2020-03-19,BHARTIARTL.NS
2020-03-19,BPCL.NS
2020-03-19,BRITANNIA.NS
2020-03-19,CIPLA.NS
2020-03-19,COALINDIA.NS
2020-03-19,DRREDDY.NS
2020-03-19,EICHERMOT.NS
2020-03-19,GAIL.NS
2020-03-19,GRASIM.NS
2020-03-19,HCLTECH.NS
2020-03-19,HDFC.NS
2020-03-19,HDFCBANK.NS
2020-03-19,HEROMOTOCO.NS
2020-03-19,HINDALCO.NS
2020-03-19,HINDUNILVR.NS
2020-03-19,ICICIBANK.NS
2020-03-19,INDUSINDBK.NS
2020-03-19,INFRATEL.NS
2020-03-19,INFY.NS
2020-03-19,IOC.NS
2020-03-19,ITC.NS
2020-03-19,JSWSTEEL.NS
2020-03-19,KOTAKBANK.NS
2020-03-19,LT.NS
2020-03-19,M&M.NS
2020-03-19,MARUTI.NS
2020-03-19,NESTLEIND.NS
2020-03-19,NTPC.NS
2020-03-19,ONGC.NS
2020-03-19,POWERGRID.NS
2020-03-19,RELIANCE.NS
2020-03-19,SBIN.NS
2020-03-19,SHREECEM.NS
2020-03-19,SUNPHARMA.NS
2020-03-19,TATAMOTORS.NS
2020-03-19,TATASTEEL.NS
2020-03-19,TCS.NS
2020-03-19,TECHM.NS
2020-03-19,TITAN.NS
2020-03-19,ULTRACEMCO.NS
2020-03-19,UPL.NS
2020-03-19,VEDL.NS
2020-03-19,WIPRO.NS
2020-03-19,ZEEL.NS
2020-04-30,ADANIPORTS.NS
2020-04-30,ASIANPAINT.NS
2020-04-30,AXISBANK.NS
2020-04-30,BAJAJAUTO.NS
2020-04-30,BAJAJFINSV.NS
2020-04-30,BAJFINANCE.NS
2020-04-30,BHARTIARTL.NS
2020-04-30,BPCL.NS
2020-04-30,BRITANNIA.NS
2020-04-30,CIPLA.NS
2020-04-30,COALINDIA.NS
2020-04-30,DRREDDY.NS
2020-04-30,EICHERMOT.NS
2020-04-30,GAIL.NS
2020-04-30,GRASIM.NS
2020-04-30,HCLTECH.NS
2020-04-30,HDFC.NS
2020-04-30,HDFCBANK.NS
2020-04-30,HEROMOTOCO.NS
2020-04-30,HINDALCO.NS
2020-04-30,HINDUNILVR.NS
2020-04-30,ICICIBANK.NS
2020-04-30,INDUSINDBK.NS
2020-04-30,INFRATEL.NS
2020-04-30,INFY.NS
2020-04-30,IOC.NS
2020-04-30,ITC.NS
2020-04-30,JSWSTEEL.NS
2020-04-30,KOTAKBANK.NS
2020-04-30,LT.NS
2020-04-30,M&M.NS
2020-04-30,MARUTI.NS
2020-04-30,NESTLEIND.NS
2020-04-30,NTPC.NS
2020-04-30,ONGC.NS
2020-04-30,POWERGRID.NS
2020-04-30,RELIANCE.NS
2020-04-30,SBIN.NS
2020-04-30,SHREECEM.NS
2020-04-30,SUNPHARMA.NS
2020-04-30,TATAMOTORS.NS
2020-04-30,TATASTEEL.NS
2020-04-30,TCS.NS
2020-04-30,TECHM.NS
2020-04-30,TITAN.NS
2020-04-30,ULTRACEMCO.NS
2020-04-30,UPL.NS
2020-04-30,VEDL.NS
2020-04-30,WIPRO.NS
2020-04-30,ZEEL.NS
2020-05-31,ADANIPORTS.NS
2020-05-31,ASIANPAINT.NS
2020-05-31,AXISBANK.NS
2020-05-31,BAJAJAUTO.NS
2020-05-31,BAJAJFINSV.NS
2020-05-31,BAJFINANCE.NS
2020-05-31,BHARTIARTL.NS
2020-05-31,BPCL.NS
2020-05-31,BRITANNIA.NS
2020-05-31,CIPLA.NS
2020-05-31,COALINDIA.NS
2020-05-31,DRREDDY.NS
2020-05-31,EICHERMOT.NS
2020-05-31,GAIL.NS
2020-05-31,GRASIM.NS
2020-05-31,HCLTECH.NS
2020-05-31,HDFC.NS
2020-05-31,HDFCBANK.NS
2020-05-31,HEROMOTOCO.NS
2020-05-31,HINDALCO.NS
2020-05-31,HINDUNILVR.NS
2020-05-31,ICICIBANK.NS
2020-05-31,INDUSINDBK.NS
2020-05-31,INFRATEL.NS
2020-05-31,INFY.NS
2020-05-31,IOC.NS
2020-05-31,ITC.NS
2020-05-31,JSWSTEEL.NS
2020-05-31,KOTAKBANK.NS
2020-05-31,LT.NS
2020-05-31,M&M.NS
2020-05-31,MARUTI.NS
2020-05-31,NESTLEIND.NS
2020-05-31,NTPC.NS
2020-05-31,ONGC.NS
2020-05-31,POWERGRID.NS
2020-05-31,RELIANCE.NS
2020-05-31,SBIN.NS
2020-05-31,SHREECEM.NS
2020-05-31,SUNPHARMA.NS
2020-05-31,TATAMOTORS.NS
2020-05-31,TATASTEEL.NS
2020-05-31,TCS.NS
2020-05-31,TECHM.NS
2020-05-31,TITAN.NS
2020-05-31,ULTRACEMCO.NS
2020-05-31,UPL.NS
2020-05-31,VEDL.NS
2020-05-31,WIPRO.NS
2020-05-31,ZEEL.NS
2020-06-30,ADANIPORTS.NS
2020-06-30,ASIANPAINT.NS
2020-06-30,AXISBANK.NS
2020-06-30,BAJAJAUTO.NS
2020-06-30,BAJAJFINSV.NS
2020-06-30,BAJFINANCE.NS
2020-06-30,BHARTIARTL.NS
2020-06-30,BPCL.NS
2020-06-30,BRITANNIA.NS
2020-06-30,CIPLA.NS
2020-06-30,COALINDIA.NS
2020-06-30,DRREDDY.NS
2020-06-30,EICHERMOT.NS
2020-06-30,GAIL.NS
2020-06-30,GRASIM.NS
2020-06-30,HCLTECH.NS
2020-06-30,HDFC.NS
2020-06-30,HDFCBANK.NS
2020-06-30,HEROMOTOCO.NS
2020-06-30,HINDALCO.NS
2020-06-30,HINDUNILVR.NS
2020-06-30,ICICIBANK.NS
2020-06-30,INDUSINDBK.NS
2020-06-30,INFRATEL.NS
2020-06-30,INFY.NS
2020-06-30,IOC.NS
2020-06-30,ITC.NS
2020-06-30,JSWSTEEL.NS
2020-06-30,KOTAKBANK.NS
2020-06-30,LT.NS
2020-06-30,M&M.NS
2020-06-30,MARUTI.NS
2020-06-30,NESTLEIND.NS
2020-06-30,NTPC.NS
2020-06-30,ONGC.NS
2020-06-30,POWERGRID.NS
2020-06-30,RELIANCE.NS
2020-06-30,SBIN.NS
2020-06-30,SHREECEM.NS
2020-06-30,SUNPHARMA.NS
2020-06-30,TATAMOTORS.NS
2020-06-30,TATASTEEL.NS
2020-06-30,TCS.NS
2020-06-30,TECHM.NS
2020-06-30,TITAN.NS
2020-06-30,ULTRACEMCO.NS
2020-06-30,UPL.NS
2020-06-30,VEDL.NS
2020-06-30,WIPRO.NS
2020-06-30,ZEEL.NS
2020-07-31,ADANIPORTS.NS
2020-07-31,ASIANPAINT.NS
2020-07-31,AXISBANK.NS
2020-07-31,BAJAJAUTO.NS
2020-07-31,BAJAJFINSV.NS
2020-07-31,BAJFINANCE.NS
2020-07-31,BHARTIARTL.NS
2020-07-31,BPCL.NS
2020-07-31,BRITANNIA.NS
2020-07-31,CIPLA.NS
2020-07-31,COALINDIA.NS
2020-07-31,DRREDDY.NS
2020-07-31,EICHERMOT.NS
2020-07-31,GAIL.NS
2020-07-31,GRASIM.NS
2020-07-31,HCLTECH.NS
2020-07-31,HDFC.NS
2020-07-31,HDFCBANK.NS
2020-07-31,HDFCLIFE.NS
2020-07-31,HEROMOTOCO.NS
2020-07-31,HINDALCO.NS
2020-07-31,HINDUNILVR.NS
2020-07-31,ICICIBANK.NS
2020-07-31,INDUSINDBK.NS
2020-07-31,INFRATEL.NS
2020-07-31,INFY.NS
2020-07-31,IOC.NS
2020-07-31,ITC.NS
2020-07-31,JSWSTEEL.NS
2020-07-31,KOTAKBANK.NS
2020-07-31,LT.NS
2020-07-31,M&M.NS
2020-07-31,MARUTI.NS
2020-07-31,NESTLEIND.NS
2020-07-31,NTPC.NS
2020-07-31,ONGC.NS
2020-07-31,POWERGRID.NS
2020-07-31,RELIANCE.NS
2020-07-31,SBIN.NS
2020-07-31,SHREECEM.NS
2020-07-31,SUNPHARMA.NS
2020-07-31,TATAMOTORS.NS
2020-07-31,TATASTEEL.NS
2020-07-31,TCS.NS
2020-07-31,TECHM.NS
2020-07-31,TITAN.NS
2020-07-31,ULTRACEMCO.NS
2020-07-31,UPL.NS
2020-07-31,WIPRO.NS
2020-07-31,ZEEL.NS
2020-08-30,ADANIPORTS.NS
2020-08-30,ASIANPAINT.NS
2020-08-30,AXISBANK.NS
2020-08-30,BAJAJAUTO.NS
2020-08-30,BAJAJFINSV.NS
2020-08-30,BAJFINANCE.NS
2020-08-30,BHARTIARTL.NS
2020-08-30,BPCL.NS
2020-08-30,BRITANNIA.NS
2020-08-30,CIPLA.NS
2020-08-30,COALINDIA.NS
2020-08-30,DRREDDY.NS
2020-08-30,EICHERMOT.NS
2020-08-30,GAIL.NS
2020-08-30,GRASIM.NS
2020-08-30,HCLTECH.NS
2020-08-30,HDFC.NS
2020-08-30,HDFCBANK.NS
2020-08-30,HDFCLIFE.NS
2020-08-30,HEROMOTOCO.NS
2020-08-30,HINDALCO.NS
2020-08-30,HINDUNILVR.NS
2020-08-30,ICICIBANK.NS
2020-08-30,INDUSINDBK.NS
2020-08-30,INFRATEL.NS
2020-08-30,INFY.NS
2020-08-30,IOC.NS
2020-08-30,ITC.NS
2020-08-30,JSWSTEEL.NS
2020-08-30,KOTAKBANK.NS
2020-08-30,LT.NS
2020-08-30,M&M.NS
2020-08-30,MARUTI.NS
2020-08-30,NESTLEIND.NS
2020-08-30,NTPC.NS
2020-08-30,ONGC.NS
2020-08-30,POWERGRID.NS
2020-08-30,RELIANCE.NS
2020-08-30,SBIN.NS
2020-08-30,SHREECEM.NS
2020-08-30,SUNPHARMA.NS
2020-08-30,TATAMOTORS.NS
2020-08-30,TATASTEEL.NS
2020-08-30,TCS.NS
2020-08-30,TECHM.NS
2020-08-30,TITAN.NS
2020-08-30,ULTRACEMCO.NS
2020-08-30,UPL.NS
2020-08-30,WIPRO.NS
2020-08-30,ZEEL.NS
2020-09-25,ADANIPORTS.NS
2020-09-25,ASIANPAINT.NS
2020-09-25,AXISBANK.NS
2020-09-25,BAJAJAUTO.NS
2020-09-25,BAJAJFINSV.NS
2020-09-25,BAJFINANCE.NS
2020-09-25,BHARTIARTL.NS
2020-09-25,BPCL.NS
2020-09-25,BRITANNIA.NS
2020-09-25,CIPLA.NS
2020-09-25,COALINDIA.NS
2020-09-25,DIVISLAB.NS
2020-09-25,DRREDDY.NS
2020-09-25,EICHERMOT.NS
2020-09-25,GAIL.NS
2020-09-25,GRASIM.NS
2020-09-25,HCLTECH.NS
2020-09-25,HDFC.NS
2020-09-25,HDFCBANK.NS
2020-09-25,HDFCLIFE.NS
2020-09-25,HEROMOTOCO.NS
2020-09-25,HINDALCO.NS
2020-09-25,HINDUNILVR.NS
2020-09-25,ICICIBANK.NS
2020-09-25,INDUSINDBK.NS
2020-09-25,INFY.NS
2020-09-25,IOC.NS
2020-09-25,ITC.NS
2020-09-25,JSWSTEEL.NS
2020-09-25,KOTAKBANK.NS
2020-09-25,LT.NS
2020-09-25,M&M.NS
2020-09-25,MARUTI.NS
2020-09-25,NESTLEIND.NS
2020-09-25,NTPC.NS
2020-09-25,ONGC.NS
2020-09-25,POWERGRID.NS
2020-09-25,RELIANCE.NS
2020-09-25,SBILIFE.NS
2020-09-25,SBIN.NS
2020-09-25,SHREECEM.NS
2020-09-25,SUNPHARMA.NS
2020-09-25,TATAMOTORS.NS
2020-09-25,TATASTEEL.NS
2020-09-25,TCS.NS
2020-09-25,TECHM.NS
2020-09-25,TITAN.NS
2020-09-25,ULTRACEMCO.NS
2020-09-25,UPL.NS
2020-09-25,WIPRO.NS
2020-10-31,ADANIPORTS.NS
2020-10-31,ASIANPAINT.NS
2020-10-31,AXISBANK.NS
2020-10-31,BAJAJAUTO.NS
2020-10-31,BAJAJFINSV.NS
2020-10-31,BAJFINANCE.NS
2020-10-31,BHARTIARTL.NS
2020-10-31,BPCL.NS
2020-10-31,BRITANNIA.NS
2020-10-31,CIPLA.NS
2020-10-31,COALINDIA.NS
2020-10-31,DIVISLAB.NS
2020-10-31,DRREDDY.NS
2020-10-31,EICHERMOT.NS
2020-10-31,GAIL.NS
2020-10-31,GRASIM.NS
2020-10-31,HCLTECH.NS
2020-10-31,HDFC.NS
2020-10-31,HDFCBANK.NS
2020-10-31,HDFCLIFE.NS
2020-10-31,HEROMOTOCO.NS
2020-10-31,HINDALCO.NS
2020-10-31,HINDUNILVR.NS
2020-10-31,ICICIBANK.NS
2020-10-31,INDUSINDBK.NS
2020-10-31,INFY.NS
2020-10-31,IOC.NS
2020-10-31,ITC.NS
2020-10-31,JSWSTEEL.NS
2020-10-31,KOTAKBANK.NS
2020-10-31,LT.NS
2020-10-31,M&M.NS
2020-10-31,MARUTI.NS
2020-10-31,NESTLEIND.NS
2020-10-31,NTPC.NS
2020-10-31,ONGC.NS
2020-10-31,POWERGRID.NS
2020-10-31,RELIANCE.NS
2020-10-31,SBILIFE.NS
2020-10-31,SBIN.NS
2020-10-31,SHREECEM.NS
2020-10-31,SUNPHARMA.NS
2020-10-31,TATAMOTORS.NS
2020-10-31,TATASTEEL.NS
2020-10-31,TCS.NS
2020-10-31,TECHM.NS
2020-10-31,TITAN.NS
2020-10-31,ULTRACEMCO.NS
2020-10-31,UPL.NS
2020-10-31,WIPRO.NS
2020-11-30,ADANIPORTS.NS
2020-11-30,ASIANPAINT.NS
2020-11-30,AXISBANK.NS
2020-11-30,BAJAJAUTO.NS
2020-11-30,BAJAJFINSV.NS
2020-11-30,BAJFINANCE.NS
2020-11-30,BHARTIARTL.NS
2020-11-30,BPCL.NS
2020-11-30,BRITANNIA.NS
2020-11-30,CIPLA.NS
2020-11-30,COALINDIA.NS
2020-11-30,DIVISLAB.NS
2020-11-30,DRREDDY.NS
2020-11-30,EICHERMOT.NS
2020-11-30,GAIL.NS
2020-11-30,GRASIM.NS
2020-11-30,HCLTECH.NS
2020-11-30,HDFC.NS
2020-11-30,HDFCBANK.NS
2020-11-30,HDFCLIFE.NS
2020-11-30,HEROMOTOCO.NS
2020-11-30,HINDALCO.NS
2020-11-30,HINDUNILVR.NS
2020-11-30,ICICIBANK.NS
2020-11-30,INDUSINDBK.NS
2020-11-30,INFY.NS
2020-11-30,IOC.NS
2020-11-30,ITC.NS
2020-11-30,JSWSTEEL.NS
2020-11-30,KOTAKBANK.NS
2020-11-30,LT.NS
2020-11-30,M&M.NS
2020-11-30,MARUTI.NS
2020-11-30,NESTLEIND.NS
2020-11-30,NTPC.NS
2020-11-30,ONGC.NS
2020-11-30,POWERGRID.NS
2020-11-30,RELIANCE.NS
2020-11-30,SBILIFE.NS
2020-11-30,SBIN.NS
2020-11-30,SHREECEM.NS
2020-11-30,SUNPHARMA.NS
2020-11-30,TATAMOTORS.NS
2020-11-30,TATASTEEL.NS
2020-11-30,TCS.NS
2020-11-30,TECHM.NS
2020-11-30,TITAN.NS
2020-11-30,ULTRACEMCO.NS
2020-11-30,UPL.NS
2020-11-30,WIPRO.NS
2020-12-31,ADANIPORTS.NS
2020-12-31,ASIANPAINT.NS
2020-12-31,AXISBANK.NS
2020-12-31,BAJAJAUTO.NS
2020-12-31,BAJAJFINSV.NS
2020-12-31,BAJFINANCE.NS
2020-12-31,BHARTIARTL.NS
2020-12-31,BPCL.NS
2020-12-31,BRITANNIA.NS
2020-12-31,CIPLA.NS
2020-12-31,COALINDIA.NS
2020-12-31,DIVISLAB.NS
2020-12-31,DRREDDY.NS
2020-12-31,EICHERMOT.NS
2020-12-31,GAIL.NS
2020-12-31,GRASIM.NS
2020-12-31,HCLTECH.NS
2020-12-31,HDFC.NS
2020-12-31,HDFCBANK.NS
2020-12-31,HDFCLIFE.NS
2020-12-31,HEROMOTOCO.NS
2020-12-31,HINDALCO.NS
2020-12-31,HINDUNILVR.NS
2020-12-31,ICICIBANK.NS
2020-12-31,INDUSINDBK.NS
2020-12-31,INFY.NS
2020-12-31,IOC.NS
2020-12-31,ITC.NS
2020-12-31,JSWSTEEL.NS
2020-12-31,KOTAKBANK.NS
2020-12-31,LT.NS
2020-12-31,M&M.NS
2020-12-31,MARUTI.NS
2020-12-31,NESTLEIND.NS
2020-12-31,NTPC.NS
2020-12-31,ONGC.NS
2020-12-31,POWERGRID.NS
2020-12-31,RELIANCE.NS
2020-12-31,SBILIFE.NS
2020-12-31,SBIN.NS
2020-12-31,SHREECEM.NS
2020-12-31,SUNPHARMA.NS
2020-12-31,TATAMOTORS.NS
2020-12-31,TATASTEEL.NS
2020-12-31,TCS.NS
2020-12-31,TECHM.NS
2020-12-31,TITAN.NS
2020-12-31,ULTRACEMCO.NS
2020-12-31,UPL.NS
2020-12-31,WIPRO.NS
2021-01-31,ADANIPORTS.NS
2021-01-31,ASIANPAINT.NS
2021-01-31,AXISBANK.NS
2021-01-31,BAJAJAUTO.NS
2021-01-31,BAJAJFINSV.NS
2021-01-31,BAJFINANCE.NS
2021-01-31,BHARTIARTL.NS
2021-01-31,BPCL.NS
2021-01-31,BRITANNIA.NS
2021-01-31,CIPLA.NS
2021-01-31,COALINDIA.NS
2021-01-31,DIVISLAB.NS
2021-01-31,DRREDDY.NS
2021-01-31,EICHERMOT.NS
2021-01-31,GAIL.NS
2021-01-31,GRASIM.NS
2021-01-31,HCLTECH.NS
2021-01-31,HDFC.NS
2021-01-31,HDFCBANK.NS
2021-01-31,HDFCLIFE.NS
2021-01-31,HEROMOTOCO.NS
2021-01-31,HINDALCO.NS
2021-01-31,HINDUNILVR.NS
2021-01-31,ICICIBANK.NS
2021-01-31,INDUSINDBK.NS
2021-01-31,INFY.NS
2021-01-31,IOC.NS
2021-01-31,ITC.NS
2021-01-31,JSWSTEEL.NS
2021-01-31,KOTAKBANK.NS
2021-01-31,LT.NS
2021-01-31,M&M.NS
2021-01-31,MARUTI.NS
2021-01-31,NESTLEIND.NS
2021-01-31,NTPC.NS
2021-01-31,ONGC.NS
2021-01-31,POWERGRID.NS
2021-01-31,RELIANCE.NS
2021-01-31,SBILIFE.NS
2021-01-31,SBIN.NS
2021-01-31,SHREECEM.NS
2021-01-31,SUNPHARMA.NS
2021-01-31,TATAMOTORS.NS
2021-01-31,TATASTEEL.NS
2021-01-31,TCS.NS
2021-01-31,TECHM.NS
2021-01-31,TITAN.NS
2021-01-31,ULTRACEMCO.NS
2021-01-31,UPL.NS
2021-01-31,WIPRO.NS
2021-02-28,ADANIPORTS.NS
2021-02-28,ASIANPAINT.NS
2021-02-28,AXISBANK.NS
2021-02-28,BAJAJAUTO.NS
2021-02-28,BAJAJFINSV.NS
2021-02-28,BAJFINANCE.NS
2021-02-28,BHARTIARTL.NS
2021-02-28,BPCL.NS
2021-02-28,BRITANNIA.NS
2021-02-28,CIPLA.NS
2021-02-28,COALINDIA.NS
2021-02-28,DIVISLAB.NS
2021-02-28,DRREDDY.NS
2021-02-28,EICHERMOT.NS
2021-02-28,GAIL.NS
2021-02-28,GRASIM.NS
2021-02-28,HCLTECH.NS
2021-02-28,HDFC.NS
2021-02-28,HDFCBANK.NS
2021-02-28,HDFCLIFE.NS
2021-02-28,HEROMOTOCO.NS
2021-02-28,HINDALCO.NS
2021-02-28,HINDUNILVR.NS
2021-02-28,ICICIBANK.NS
2021-02-28,INDUSINDBK.NS
2021-02-28,INFY.NS
2021-02-28,IOC.NS
2021-02-28,ITC.NS
2021-02-28,JSWSTEEL.NS
2021-02-28,KOTAKBANK.NS
2021-02-28,LT.NS
2021-02-28,M&M.NS
2021-02-28,MARUTI.NS
2021-02-28,NESTLEIND.NS
2021-02-28,NTPC.NS
2021-02-28,ONGC.NS
2021-02-28,POWERGRID.NS
2021-02-28,RELIANCE.NS
2021-02-28,SBILIFE.NS
2021-02-28,SBIN.NS
2021-02-28,SHREECEM.NS
2021-02-28,SUNPHARMA.NS
2021-02-28,TATAMOTORS.NS
2021-02-28,TATASTEEL.NS
2021-02-28,TCS.NS
2021-02-28,TECHM.NS
2021-02-28,TITAN.NS
2021-02-28,ULTRACEMCO.NS
2021-02-28,UPL.NS
2021-02-28,WIPRO.NS
2021-03-31,ADANIPORTS.NS
2021-03-31,ASIANPAINT.NS
2021-03-31,AXISBANK.NS
2021-03-31,BAJAJAUTO.NS
2021-03-31,BAJAJFINSV.NS
2021-03-31,BAJFINANCE.NS
2021-03-31,BHARTIARTL.NS
2021-03-31,BPCL.NS
2021-03-31,BRITANNIA.NS
2021-03-31,CIPLA.NS
2021-03-31,COALINDIA.NS
2021-03-31,DIVISLAB.NS
2021-03-31,DRREDDY.NS
2021-03-31,EICHERMOT.NS
2021-03-31,GRASIM.NS
2021-03-31,HCLTECH.NS
2021-03-31,HDFC.NS
2021-03-31,HDFCBANK.NS
2021-03-31,HDFCLIFE.NS
2021-03-31,HEROMOTOCO.NS
2021-03-31,HINDALCO.NS
2021-03-31,HINDUNILVR.NS
2021-03-31,ICICIBANK.NS
2021-03-31,INDUSINDBK.NS
2021-03-31,INFY.NS
2021-03-31,IOC.NS
2021-03-31,ITC.NS
2021-03-31,JSWSTEEL.NS
2021-03-31,KOTAKBANK.NS
2021-03-31,LT.NS
2021-03-31,M&M.NS
2021-03-31,MARUTI.NS
2021-03-31,NESTLEIND.NS
2021-03-31,NTPC.NS
2021-03-31,ONGC.NS
2021-03-31,POWERGRID.NS
2021-03-31,RELIANCE.NS
2021-03-31,SBILIFE.NS
2021-03-31,SBIN.NS
2021-03-31,SHREECEM.NS
2021-03-31,SUNPHARMA.NS
2021-03-31,TATACONSUM.NS
2021-03-31,TATAMOTORS.NS
2021-03-31,TATASTEEL.NS
2021-03-31,TCS.NS
2021-03-31,TECHM.NS
2021-03-31,TITAN.NS
2021-03-31,ULTRACEMCO.NS
2021-03-31,UPL.NS
2021-03-31,WIPRO.NS
2021-04-30,ADANIPORTS.NS
2021-04-30,ASIANPAINT.NS
2021-04-30,AXISBANK.NS
2021-04-30,BAJAJAUTO.NS
2021-04-30,BAJAJFINSV.NS
2021-04-30,BAJFINANCE.NS
2021-04-30,BHARTIARTL.NS
2021-04-30,BPCL.NS
2021-04-30,BRITANNIA.NS
2021-04-30,CIPLA.NS
2021-04-30,COALINDIA.NS
2021-04-30,DIVISLAB.NS
2021-04-30,DRREDDY.NS
2021-04-30,EICHERMOT.NS
2021-04-30,GRASIM.NS
2021-04-30,HCLTECH.NS
2021-04-30,HDFC.NS
2021-04-30,HDFCBANK.NS
2021-04-30,HDFCLIFE.NS
2021-04-30,HEROMOTOCO.NS
2021-04-30,HINDALCO.NS
2021-04-30,HINDUNILVR.NS
2021-04-30,ICICIBANK.NS
2021-04-30,INDUSINDBK.NS
2021-04-30,INFY.NS
2021-04-30,IOC.NS
2021-04-30,ITC.NS
2021-04-30,JSWSTEEL.NS
2021-04-30,KOTAKBANK.NS
2021-04-30,LT.NS
2021-04-30,M&M.NS
2021-04-30,MARUTI.NS
2021-04-30,NESTLEIND.NS
2021-04-30,NTPC.NS
2021-04-30,ONGC.NS
2021-04-30,POWERGRID.NS
2021-04-30,RELIANCE.NS
2021-04-30,SBILIFE.NS
2021-04-30,SBIN.NS
2021-04-30,SHREECEM.NS
2021-04-30,SUNPHARMA.NS
2021-04-30,TATACONSUM.NS
2021-04-30,TATAMOTORS.NS
2021-04-30,TATASTEEL.NS
2021-04-30,TCS.NS
2021-04-30,TECHM.NS
2021-04-30,TITAN.NS
2021-04-30,ULTRACEMCO.NS
2021-04-30,UPL.NS
2021-04-30,WIPRO.NS
2021-05-31,ADANIPORTS.NS
2021-05-31,ASIANPAINT.NS
2021-05-31,AXISBANK.NS
2021-05-31,BAJAJAUTO.NS
2021-05-31,BAJAJFINSV.NS
2021-05-31,BAJFINANCE.NS
2021-05-31,BHARTIARTL.NS
2021-05-31,BPCL.NS
2021-05-31,BRITANNIA.NS
2021-05-31,CIPLA.NS
2021-05-31,COALINDIA.NS
2021-05-31,DIVISLAB.NS
2021-05-31,DRREDDY.NS
2021-05-31,EICHERMOT.NS
2021-05-31,GRASIM.NS
2021-05-31,HCLTECH.NS
2021-05-31,HDFC.NS
2021-05-31,HDFCBANK.NS
2021-05-31,HDFCLIFE.NS
2021-05-31,HEROMOTOCO.NS
2021-05-31,HINDALCO.NS
2021-05-31,HINDUNILVR.NS
2021-05-31,ICICIBANK.NS
2021-05-31,INDUSINDBK.NS
2021-05-31,INFY.NS
2021-05-31,IOC.NS
2021-05-31,ITC.NS
2021-05-31,JSWSTEEL.NS
2021-05-31,KOTAKBANK.NS
2021-05-31,LT.NS
2021-05-31,M&M.NS
2021-05-31,MARUTI.NS
2021-05-31,NESTLEIND.NS
2021-05-31,NTPC.NS
2021-05-31,ONGC.NS
2021-05-31,POWERGRID.NS
2021-05-31,RELIANCE.NS
2021-05-31,SBILIFE.NS
2021-05-31,SBIN.NS
2021-05-31,SHREECEM.NS
2021-05-31,SUNPHARMA.NS
2021-05-31,TATACONSUM.NS
2021-05-31,TATAMOTORS.NS
2021-05-31,TATASTEEL.NS
2021-05-31,TCS.NS
2021-05-31,TECHM.NS
2021-05-31,TITAN.NS
2021-05-31,ULTRACEMCO.NS
2021-05-31,UPL.NS
2021-05-31,WIPRO.NS
2021-06-30,ADANIPORTS.NS
2021-06-30,ASIANPAINT.NS
2021-06-30,AXISBANK.NS
2021-06-30,BAJAJAUTO.NS
2021-06-30,BAJAJFINSV.NS
2021-06-30,BAJFINANCE.NS
2021-06-30,BHARTIARTL.NS
2021-06-30,BPCL.NS
2021-06-30,BRITANNIA.NS
2021-06-30,CIPLA.NS
2021-06-30,COALINDIA.NS
2021-06-30,DIVISLAB.NS
2021-06-30,DRREDDY.NS
2021-06-30,EICHERMOT.NS
2021-06-30,GRASIM.NS
2021-06-30,HCLTECH.NS
2021-06-30,HDFC.NS
2021-06-30,HDFCBANK.NS
2021-06-30,HDFCLIFE.NS
2021-06-30,HEROMOTOCO.NS
2021-06-30,HINDALCO.NS
2021-06-30,HINDUNILVR.NS
2021-06-30,ICICIBANK.NS
2021-06-30,INDUSINDBK.NS
2021-06-30,INFY.NS
2021-06-30,IOC.NS
2021-06-30,ITC.NS
2021-06-30,JSWSTEEL.NS
2021-06-30,KOTAKBANK.NS
2021-06-30,LT.NS
2021-06-30,M&M.NS
2021-06-30,MARUTI.NS
2021-06-30,NESTLEIND.NS
2021-06-30,NTPC.NS
2021-06-30,ONGC.NS
2021-06-30,POWERGRID.NS
2021-06-30,RELIANCE.NS
2021-06-30,SBILIFE.NS
2021-06-30,SBIN.NS
2021-06-30,SHREECEM.NS
2021-06-30,SUNPHARMA.NS
2021-06-30,TATACONSUM.NS
2021-06-30,TATAMOTORS.NS
2021-06-30,TATASTEEL.NS
2021-06-30,TCS.NS
2021-06-30,TECHM.NS
2021-06-30,TITAN.NS
2021-06-30,ULTRACEMCO.NS
2021-06-30,UPL.NS
2021-06-30,WIPRO.NS
2021-07-31,ADANIPORTS.NS
2021-07-31,ASIANPAINT.NS
2021-07-31,AXISBANK.NS
2021-07-31,BAJAJAUTO.NS
2021-07-31,BAJAJFINSV.NS
2021-07-31,BAJFINANCE.NS
2021-07-31,BHARTIARTL.NS
2021-07-31,BPCL.NS
2021-07-31,BRITANNIA.NS
2021-07-31,CIPLA.NS
2021-07-31,COALINDIA.NS
2021-07-31,DIVISLAB.NS
2021-07-31,DRREDDY.NS
2021-07-31,EICHERMOT.NS
2021-07-31,GRASIM.NS
2021-07-31,HCLTECH.NS
2021-07-31,HDFC.NS
2021-07-31,HDFCBANK.NS
2021-07-31,HDFCLIFE.NS
2021-07-31,HEROMOTOCO.NS
2021-07-31,HINDALCO.NS
2021-07-31,HINDUNILVR.NS
2021-07-31,ICICIBANK.NS
2021-07-31,INDUSINDBK.NS
2021-07-31,INFY.NS
2021-07-31,IOC.NS
2021-07-31,ITC.NS
2021-07-31,JSWSTEEL.NS
2021-07-31,KOTAKBANK.NS
2021-07-31,LT.NS
2021-07-31,M&M.NS
2021-07-31,MARUTI.NS
2021-07-31,NESTLEIND.NS
2021-07-31,NTPC.NS
2021-07-31,ONGC.NS
2021-07-31,POWERGRID.NS
2021-07-31,RELIANCE.NS
2021-07-31,SBILIFE.NS
2021-07-31,SBIN.NS
2021-07-31,SHREECEM.NS
2021-07-31,SUNPHARMA.NS
2021-07-31,TATACONSUM.NS
2021-07-31,TATAMOTORS.NS
2021-07-31,TATASTEEL.NS
2021-07-31,TCS.NS
2021-07-31,TECHM.NS
2021-07-31,TITAN.NS
2021-07-31,ULTRACEMCO.NS
2021-07-31,UPL.NS
2021-07-31,WIPRO.NS
2021-08-31,ADANIPORTS.NS
2021-08-31,ASIANPAINT.NS
2021-08-31,AXISBANK.NS
2021-08-31,BAJAJAUTO.NS
2021-08-31,BAJAJFINSV.NS
2021-08-31,BAJFINANCE.NS
2021-08-31,BHARTIARTL.NS
2021-08-31,BPCL.NS
2021-08-31,BRITANNIA.NS
2021-08-31,CIPLA.NS
2021-08-31,COALINDIA.NS
2021-08-31,DIVISLAB.NS
2021-08-31,DRREDDY.NS
2021-08-31,EICHERMOT.NS
2021-08-31,GRASIM.NS
2021-08-31,HCLTECH.NS
2021-08-31,HDFC.NS
2021-08-31,HDFCBANK.NS
2021-08-31,HDFCLIFE.NS
2021-08-31,HEROMOTOCO.NS
2021-08-31,HINDALCO.NS
2021-08-31,HINDUNILVR.NS
2021-08-31,ICICIBANK.NS
2021-08-31,INDUSINDBK.NS
2021-08-31,INFY.NS
2021-08-31,IOC.NS
2021-08-31,ITC.NS
2021-08-31,JSWSTEEL.NS
2021-08-31,KOTAKBANK.NS
2021-08-31,LT.NS
2021-08-31,M&M.NS
2021-08-31,MARUTI.NS
2021-08-31,NESTLEIND.NS
2021-08-31,NTPC.NS
2021-08-31,ONGC.NS
2021-08-31,POWERGRID.NS
2021-08-31,RELIANCE.NS
2021-08-31,SBILIFE.NS
2021-08-31,SBIN.NS
2021-08-31,SHREECEM.NS
2021-08-31,SUNPHARMA.NS
2021-08-31,TATACONSUM.NS
2021-08-31,TATAMOTORS.NS
2021-08-31,TATASTEEL.NS
2021-08-31,TCS.NS
2021-08-31,TECHM.NS
2021-08-31,TITAN.NS
2021-08-31,ULTRACEMCO.NS
2021-08-31,UPL.NS
2021-08-31,WIPRO.NS
2021-09-30,ADANIPORTS.NS
2021-09-30,ASIANPAINT.NS
2021-09-30,AXISBANK.NS
2021-09-30,BAJAJAUTO.NS
2021-09-30,BAJAJFINSV.NS
2021-09-30,BAJFINANCE.NS
2021-09-30,BHARTIARTL.NS
2021-09-30,BPCL.NS
2021-09-30,BRITANNIA.NS
2021-09-30,CIPLA.NS
2021-09-30,COALINDIA.NS
2021-09-30,DIVISLAB.NS
2021-09-30,DRREDDY.NS
2021-09-30,EICHERMOT.NS
2021-09-30,GRASIM.NS
2021-09-30,HCLTECH.NS
2021-09-30,HDFC.NS
2021-09-30,HDFCBANK.NS
2021-09-30,HDFCLIFE.NS
2021-09-30,HEROMOTOCO.NS
2021-09-30,HINDALCO.NS
2021-09-30,HINDUNILVR.NS
2021-09-30,ICICIBANK.NS
2021-09-30,INDUSINDBK.NS
2021-09-30,INFY.NS
2021-09-30,IOC.NS
2021-09-30,ITC.NS
2021-09-30,JSWSTEEL.NS
2021-09-30,KOTAKBANK.NS
2021-09-30,LT.NS
2021-09-30,M&M.NS
2021-09-30,MARUTI.NS
2021-09-30,NESTLEIND.NS
2021-09-30,NTPC.NS
2021-09-30,ONGC.NS
2021-09-30,POWERGRID.NS
2021-09-30,RELIANCE.NS
2021-09-30,SBILIFE.NS
2021-09-30,SBIN.NS
2021-09-30,SHREECEM.NS
2021-09-30,SUNPHARMA.NS
2021-09-30,TATACONSUM.NS
2021-09-30,TATAMOTORS.NS
2021-09-30,TATASTEEL.NS
2021-09-30,TCS.NS
2021-09-30,TECHM.NS
2021-09-30,TITAN.NS
2021-09-30,ULTRACEMCO.NS
2021-09-30,UPL.NS
2021-09-30,WIPRO.NS
2021-10-31,ADANIPORTS.NS
2021-10-31,ASIANPAINT.NS
2021-10-31,AXISBANK.NS
2021-10-31,BAJAJAUTO.NS
2021-10-31,BAJAJFINSV.NS
2021-10-31,BAJFINANCE.NS
2021-10-31,BHARTIARTL.NS
2021-10-31,BPCL.NS
2021-10-31,BRITANNIA.NS
2021-10-31,CIPLA.NS
2021-10-31,COALINDIA.NS
2021-10-31,DIVISLAB.NS
2021-10-31,DRREDDY.NS
2021-10-31,EICHERMOT.NS
2021-10-31,GRASIM.NS
2021-10-31,HCLTECH.NS
2021-10-31,HDFC.NS
2021-10-31,HDFCBANK.NS
2021-10-31,HDFCLIFE.NS
2021-10-31,HEROMOTOCO.NS
2021-10-31,HINDALCO.NS
2021-10-31,HINDUNILVR.NS
2021-10-31,ICICIBANK.NS
2021-10-31,INDUSINDBK.NS
2021-10-31,INFY.NS
2021-10-31,IOC.NS
2021-10-31,ITC.NS
2021-10-31,JSWSTEEL.NS
2021-10-31,KOTAKBANK.NS
2021-10-31,LT.NS
2021-10-31,M&M.NS
2021-10-31,MARUTI.NS
2021-10-31,NESTLEIND.NS
2021-10-31,NTPC.NS
2021-10-31,ONGC.NS
2021-10-31,POWERGRID.NS
2021-10-31,RELIANCE.NS
2021-10-31,SBILIFE.NS
2021-10-31,SBIN.NS
2021-10-31,SHREECEM.NS
2021-10-31,SUNPHARMA.NS
2021-10-31,TATACONSUM.NS
2021-10-31,TATAMOTORS.NS
2021-10-31,TATASTEEL.NS
2021-10-31,TCS.NS
2021-10-31,TECHM.NS
2021-10-31,TITAN.NS
2021-10-31,ULTRACEMCO.NS
2021-10-31,UPL.NS
2021-10-31,WIPRO.NS
2021-11-30,ADANIPORTS.NS
2021-11-30,ASIANPAINT.NS
2021-11-30,AXISBANK.NS
2021-11-30,BAJAJAUTO.NS
2021-11-30,BAJAJFINSV.NS
2021-11-30,BAJFINANCE.NS
2021-11-30,BHARTIARTL.NS
2021-11-30,BPCL.NS
2021-11-30,BRITANNIA.NS
2021-11-30,CIPLA.NS
2021-11-30,COALINDIA.NS
2021-11-30,DIVISLAB.NS
2021-11-30,DRREDDY.NS
2021-11-30,EICHERMOT.NS
2021-11-30,GRASIM.NS
2021-11-30,HCLTECH.NS
2021-11-30,HDFC.NS
2021-11-30,HDFCBANK.NS
2021-11-30,HDFCLIFE.NS
2021-11-30,HEROMOTOCO.NS
2021-11-30,HINDALCO.NS
2021-11-30,HINDUNILVR.NS
2021-11-30,ICICIBANK.NS
2021-11-30,INDUSINDBK.NS
2021-11-30,INFY.NS
2021-11-30,IOC.NS
2021-11-30,ITC.NS
2021-11-30,JSWSTEEL.NS
2021-11-30,KOTAKBANK.NS
2021-11-30,LT.NS
2021-11-30,M&M.NS
2021-11-30,MARUTI.NS
2021-11-30,NESTLEIND.NS
2021-11-30,NTPC.NS
2021-11-30,ONGC.NS
2021-11-30,POWERGRID.NS
2021-11-30,RELIANCE.NS
2021-11-30,SBILIFE.NS
2021-11-30,SBIN.NS
2021-11-30,SHREECEM.NS
2021-11-30,SUNPHARMA.NS
2021-11-30,TATACONSUM.NS
2021-11-30,TATAMOTORS.NS
2021-11-30,TATASTEEL.NS
2021-11-30,TCS.NS
2021-11-30,TECHM.NS
2021-11-30,TITAN.NS
2021-11-30,ULTRACEMCO.NS
2021-11-30,UPL.NS
2021-11-30,WIPRO.NS
2021-12-31,ADANIPORTS.NS
2021-12-31,ASIANPAINT.NS
2021-12-31,AXISBANK.NS
2021-12-31,BAJAJAUTO.NS
2021-12-31,BAJAJFINSV.NS
2021-12-31,BAJFINANCE.NS
2021-12-31,BHARTIARTL.NS
2021-12-31,BPCL.NS
2021-12-31,BRITANNIA.NS
2021-12-31,CIPLA.NS
2021-12-31,COALINDIA.NS
2021-12-31,DIVISLAB.NS
2021-12-31,DRREDDY.NS
2021-12-31,EICHERMOT.NS
2021-12-31,GRASIM.NS
2021-12-31,HCLTECH.NS
2021-12-31,HDFC.NS
2021-12-31,HDFCBANK.NS
2021-12-31,HDFCLIFE.NS
2021-12-31,HEROMOTOCO.NS
2021-12-31,HINDALCO.NS
2021-12-31,HINDUNILVR.NS
2021-12-31,ICICIBANK.NS
2021-12-31,INDUSINDBK.NS
2021-12-31,INFY.NS
2021-12-31,IOC.NS
2021-12-31,ITC.NS
2021-12-31,JSWSTEEL.NS
2021-12-31,KOTAKBANK.NS
2021-12-31,LT.NS
2021-12-31,M&M.NS
2021-12-31,MARUTI.NS
2021-12-31,NESTLEIND.NS
2021-12-31,NTPC.NS
2021-12-31,ONGC.NS
2021-12-31,POWERGRID.NS
2021-12-31,RELIANCE.NS
2021-12-31,SBILIFE.NS
2021-12-31,SBIN.NS
2021-12-31,SHREECEM.NS
2021-12-31,SUNPHARMA.NS
2021-12-31,TATACONSUM.NS
2021-12-31,TATAMOTORS.NS
2021-12-31,TATASTEEL.NS
2021-12-31,TCS.NS
2021-12-31,TECHM.NS
2021-12-31,TITAN.NS
2021-12-31,ULTRACEMCO.NS
2021-12-31,UPL.NS
2021-12-31,WIPRO.NS
2022-01-31,ADANIPORTS.NS
2022-01-31,ASIANPAINT.NS
2022-01-31,AXISBANK.NS
2022-01-31,BAJAJAUTO.NS
2022-01-31,BAJAJFINSV.NS
2022-01-31,BAJFINANCE.NS
2022-01-31,BHARTIARTL.NS
2022-01-31,BPCL.NS
2022-01-31,BRITANNIA.NS
2022-01-31,CIPLA.NS
2022-01-31,COALINDIA.NS
2022-01-31,DIVISLAB.NS
2022-01-31,DRREDDY.NS
2022-01-31,EICHERMOT.NS
2022-01-31,GRASIM.NS
2022-01-31,HCLTECH.NS
2022-01-31,HDFC.NS
2022-01-31,HDFCBANK.NS
2022-01-31,HDFCLIFE.NS
2022-01-31,HEROMOTOCO.NS
2022-01-31,HINDALCO.NS
2022-01-31,HINDUNILVR.NS
2022-01-31,ICICIBANK.NS
2022-01-31,INDUSINDBK.NS
2022-01-31,INFY.NS
2022-01-31,IOC.NS
2022-01-31,ITC.NS
2022-01-31,JSWSTEEL.NS
2022-01-31,KOTAKBANK.NS
2022-01-31,LT.NS
2022-01-31,M&M.NS
2022-01-31,MARUTI.NS
2022-01-31,NESTLEIND.NS
2022-01-31,NTPC.NS
2022-01-31,ONGC.NS
2022-01-31,POWERGRID.NS
2022-01-31,RELIANCE.NS
2022-01-31,SBILIFE.NS
2022-01-31,SBIN.NS
2022-01-31,SHREECEM.NS
2022-01-31,SUNPHARMA.NS
2022-01-31,TATACONSUM.NS
2022-01-31,TATAMOTORS.NS
2022-01-31,TATASTEEL.NS
2022-01-31,TCS.NS
2022-01-31,TECHM.NS
2022-01-31,TITAN.NS
2022-01-31,ULTRACEMCO.NS
2022-01-31,UPL.NS
2022-01-31,WIPRO.NS
2022-02-28,ADANIPORTS.NS
2022-02-28,ASIANPAINT.NS
2022-02-28,AXISBANK.NS
2022-02-28,BAJAJAUTO.NS
2022-02-28,BAJAJFINSV.NS
2022-02-28,BAJFINANCE.NS
2022-02-28,BHARTIARTL.NS
2022-02-28,BPCL.NS
2022-02-28,BRITANNIA.NS
2022-02-28,CIPLA.NS
2022-02-28,COALINDIA.NS
2022-02-28,DIVISLAB.NS
2022-02-28,DRREDDY.NS
2022-02-28,EICHERMOT.NS
2022-02-28,GRASIM.NS
2022-02-28,HCLTECH.NS
2022-02-28,HDFC.NS
2022-02-28,HDFCBANK.NS
2022-02-28,HDFCLIFE.NS
2022-02-28,HEROMOTOCO.NS
2022-02-28,HINDALCO.NS
2022-02-28,HINDUNILVR.NS
2022-02-28,ICICIBANK.NS
2022-02-28,INDUSINDBK.NS
2022-02-28,INFY.NS
2022-02-28,IOC.NS
2022-02-28,ITC.NS
2022-02-28,JSWSTEEL.NS
2022-02-28,KOTAKBANK.NS
2022-02-28,LT.NS
2022-02-28,M&M.NS
2022-02-28,MARUTI.NS
2022-02-28,NESTLEIND.NS
2022-02-28,NTPC.NS
2022-02-28,ONGC.NS
2022-02-28,POWERGRID.NS
2022-02-28,RELIANCE.NS
2022-02-28,SBILIFE.NS
2022-02-28,SBIN.NS
2022-02-28,SHREECEM.NS
2022-02-28,SUNPHARMA.NS
2022-02-28,TATACONSUM.NS
2022-02-28,TATAMOTORS.NS
2022-02-28,TATASTEEL.NS
2022-02-28,TCS.NS
2022-02-28,TECHM.NS
2022-02-28,TITAN.NS
2022-02-28,ULTRACEMCO.NS
2022-02-28,UPL.NS
2022-02-28,WIPRO.NS
2022-03-31,ADANIPORTS.NS
2022-03-31,APOLLOHOSP.NS
2022-03-31,ASIANPAINT.NS
2022-03-31,AXISBANK.NS
2022-03-31,BAJAJAUTO.NS
2022-03-31,BAJAJFINSV.NS
2022-03-31,BAJFINANCE.NS
2022-03-31,BHARTIARTL.NS
2022-03-31,BPCL.NS
2022-03-31,BRITANNIA.NS
2022-03-31,CIPLA.NS
2022-03-31,COALINDIA.NS
2022-03-31,DIVISLAB.NS
2022-03-31,DRREDDY.NS
2022-03-31,EICHERMOT.NS
2022-03-31,GRASIM.NS
2022-03-31,HCLTECH.NS
2022-03-31,HDFC.NS
2022-03-31,HDFCBANK.NS
2022-03-31,HDFCLIFE.NS
2022-03-31,HEROMOTOCO.NS
2022-03-31,HINDALCO.NS
2022-03-31,HINDUNILVR.NS
2022-03-31,ICICIBANK.NS
2022-03-31,INDUSINDBK.NS
2022-03-31,INFY.NS
2022-03-31,ITC.NS
2022-03-31,JSWSTEEL.NS
2022-03-31,KOTAKBANK.NS
2022-03-31,LT.NS
2022-03-31,M&M.NS
2022-03-31,MARUTI.NS
2022-03-31,NESTLEIND.NS
2022-03-31,NTPC.NS
2022-03-31,ONGC.NS
2022-03-31,POWERGRID.NS
2022-03-31,RELIANCE.NS
2022-03-31,SBILIFE.NS
2022-03-31,SBIN.NS
2022-03-31,SHREECEM.NS
2022-03-31,SUNPHARMA.NS
2022-03-31,TATACONSUM.NS
2022-03-31,TATAMOTORS.NS
2022-03-31,TATASTEEL.NS
2022-03-31,TCS.NS
2022-03-31,TECHM.NS
2022-03-31,TITAN.NS
2022-03-31,ULTRACEMCO.NS
2022-03-31,UPL.NS
2022-03-31,WIPRO.NS
2022-04-30,ADANIPORTS.NS
2022-04-30,APOLLOHOSP.NS
2022-04-30,ASIANPAINT.NS
2022-04-30,AXISBANK.NS
2022-04-30,BAJAJAUTO.NS
2022-04-30,BAJAJFINSV.NS
2022-04-30,BAJFINANCE.NS
2022-04-30,BHARTIARTL.NS
2022-04-30,BPCL.NS
2022-04-30,BRITANNIA.NS
2022-04-30,CIPLA.NS
2022-04-30,COALINDIA.NS
2022-04-30,DIVISLAB.NS
2022-04-30,DRREDDY.NS
2022-04-30,EICHERMOT.NS
2022-04-30,GRASIM.NS
2022-04-30,HCLTECH.NS
2022-04-30,HDFC.NS
2022-04-30,HDFCBANK.NS
2022-04-30,HDFCLIFE.NS
2022-04-30,HEROMOTOCO.NS
2022-04-30,HINDALCO.NS
2022-04-30,HINDUNILVR.NS
2022-04-30,ICICIBANK.NS
2022-04-30,INDUSINDBK.NS
2022-04-30,INFY.NS
2022-04-30,ITC.NS
2022-04-30,JSWSTEEL.NS
2022-04-30,KOTAKBANK.NS
2022-04-30,LT.NS
2022-04-30,M&M.NS
2022-04-30,MARUTI.NS
2022-04-30,NESTLEIND.NS
2022-04-30,NTPC.NS
2022-04-30,ONGC.NS
2022-04-30,POWERGRID.NS
2022-04-30,RELIANCE.NS
2022-04-30,SBILIFE.NS
2022-04-30,SBIN.NS
2022-04-30,SHREECEM.NS
2022-04-30,SUNPHARMA.NS
2022-04-30,TATACONSUM.NS
2022-04-30,TATAMOTORS.NS
2022-04-30,TATASTEEL.NS
2022-04-30,TCS.NS
2022-04-30,TECHM.NS
2022-04-30,TITAN.NS
2022-04-30,ULTRACEMCO.NS
2022-04-30,UPL.NS
2022-04-30,WIPRO.NS
2022-05-31,ADANIPORTS.NS
2022-05-31,APOLLOHOSP.NS
2022-05-31,ASIANPAINT.NS
2022-05-31,AXISBANK.NS
2022-05-31,BAJAJAUTO.NS
2022-05-31,BAJAJFINSV.NS
2022-05-31,BAJFINANCE.NS
2022-05-31,BHARTIARTL.NS
2022-05-31,BPCL.NS
2022-05-31,BRITANNIA.NS
2022-05-31,CIPLA.NS
2022-05-31,COALINDIA.NS
2022-05-31,DIVISLAB.NS
2022-05-31,DRREDDY.NS
2022-05-31,EICHERMOT.NS
2022-05-31,GRASIM.NS
2022-05-31,HCLTECH.NS
2022-05-31,HDFC.NS
2022-05-31,HDFCBANK.NS
2022-05-31,HDFCLIFE.NS
2022-05-31,HEROMOTOCO.NS
2022-05-31,HINDALCO.NS
2022-05-31,HINDUNILVR.NS
2022-05-31,ICICIBANK.NS
2022-05-31,INDUSINDBK.NS
2022-05-31,INFY.NS
2022-05-31,ITC.NS
2022-05-31,JSWSTEEL.NS
2022-05-31,KOTAKBANK.NS
2022-05-31,LT.NS
2022-05-31,M&M.NS
2022-05-31,MARUTI.NS
2022-05-31,NESTLEIND.NS
2022-05-31,NTPC.NS
2022-05-31,ONGC.NS
2022-05-31,POWERGRID.NS
2022-05-31,RELIANCE.NS
2022-05-31,SBILIFE.NS
2022-05-31,SBIN.NS
2022-05-31,SHREECEM.NS
2022-05-31,SUNPHARMA.NS
2022-05-31,TATACONSUM.NS
2022-05-31,TATAMOTORS.NS
2022-05-31,TATASTEEL.NS
2022-05-31,TCS.NS
2022-05-31,TECHM.NS
2022-05-31,TITAN.NS
2022-05-31,ULTRACEMCO.NS
2022-05-31,UPL.NS
2022-05-31,WIPRO.NS
2022-06-30,ADANIPORTS.NS
2022-06-30,APOLLOHOSP.NS
2022-06-30,ASIANPAINT.NS
2022-06-30,AXISBANK.NS
2022-06-30,BAJAJAUTO.NS
2022-06-30,BAJAJFINSV.NS
2022-06-30,BAJFINANCE.NS
2022-06-30,BHARTIARTL.NS
2022-06-30,BPCL.NS
2022-06-30,BRITANNIA.NS
2022-06-30,CIPLA.NS
2022-06-30,COALINDIA.NS
2022-06-30,DIVISLAB.NS
2022-06-30,DRREDDY.NS
2022-06-30,EICHERMOT.NS
2022-06-30,GRASIM.NS
2022-06-30,HCLTECH.NS
2022-06-30,HDFC.NS
2022-06-30,HDFCBANK.NS
2022-06-30,HDFCLIFE.NS
2022-06-30,HEROMOTOCO.NS
2022-06-30,HINDALCO.NS
2022-06-30,HINDUNILVR.NS
2022-06-30,ICICIBANK.NS
2022-06-30,INDUSINDBK.NS
2022-06-30,INFY.NS
2022-06-30,ITC.NS
2022-06-30,JSWSTEEL.NS
2022-06-30,KOTAKBANK.NS
2022-06-30,LT.NS
2022-06-30,M&M.NS
2022-06-30,MARUTI.NS
2022-06-30,NESTLEIND.NS
2022-06-30,NTPC.NS
2022-06-30,ONGC.NS
2022-06-30,POWERGRID.NS
2022-06-30,RELIANCE.NS
2022-06-30,SBILIFE.NS
2022-06-30,SBIN.NS
2022-06-30,SHREECEM.NS
2022-06-30,SUNPHARMA.NS
2022-06-30,TATACONSUM.NS
2022-06-30,TATAMOTORS.NS
2022-06-30,TATASTEEL.NS
2022-06-30,TCS.NS
2022-06-30,TECHM.NS
2022-06-30,TITAN.NS
2022-06-30,ULTRACEMCO.NS
2022-06-30,UPL.NS
2022-06-30,WIPRO.NS
2022-07-31,ADANIPORTS.NS
2022-07-31,APOLLOHOSP.NS
2022-07-31,ASIANPAINT.NS
2022-07-31,AXISBANK.NS
2022-07-31,BAJAJAUTO.NS
2022-07-31,BAJAJFINSV.NS
2022-07-31,BAJFINANCE.NS
2022-07-31,BHARTIARTL.NS
2022-07-31,BPCL.NS
2022-07-31,BRITANNIA.NS
2022-07-31,CIPLA.NS
2022-07-31,COALINDIA.NS
2022-07-31,DIVISLAB.NS
2022-07-31,DRREDDY.NS
2022-07-31,EICHERMOT.NS
2022-07-31,GRASIM.NS
2022-07-31,HCLTECH.NS
2022-07-31,HDFC.NS
2022-07-31,HDFCBANK.NS
2022-07-31,HDFCLIFE.NS
2022-07-31,HEROMOTOCO.NS
2022-07-31,HINDALCO.NS
2022-07-31,HINDUNILVR.NS
2022-07-31,ICICIBANK.NS
2022-07-31,INDUSINDBK.NS
2022-07-31,INFY.NS
2022-07-31,ITC.NS
2022-07-31,JSWSTEEL.NS
2022-07-31,KOTAKBANK.NS
2022-07-31,LT.NS
2022-07-31,M&M.NS
2022-07-31,MARUTI.NS
2022-07-31,NESTLEIND.NS
2022-07-31,NTPC.NS
2022-07-31,ONGC.NS
2022-07-31,POWERGRID.NS
2022-07-31,RELIANCE.NS
2022-07-31,SBILIFE.NS
2022-07-31,SBIN.NS
2022-07-31,SHREECEM.NS
2022-07-31,SUNPHARMA.NS
2022-07-31,TATACONSUM.NS
2022-07-31,TATAMOTORS.NS
2022-07-31,TATASTEEL.NS
2022-07-31,TCS.NS
2022-07-31,TECHM.NS
2022-07-31,TITAN.NS
2022-07-31,ULTRACEMCO.NS
2022-07-31,UPL.NS
2022-07-31,WIPRO.NS
2022-08-31,ADANIPORTS.NS
2022-08-31,APOLLOHOSP.NS
2022-08-31,ASIANPAINT.NS
2022-08-31,AXISBANK.NS
2022-08-31,BAJAJAUTO.NS
2022-08-31,BAJAJFINSV.NS
2022-08-31,BAJFINANCE.NS
2022-08-31,BHARTIARTL.NS
2022-08-31,BPCL.NS
2022-08-31,BRITANNIA.NS
2022-08-31,CIPLA.NS
2022-08-31,COALINDIA.NS
2022-08-31,DIVISLAB.NS
2022-08-31,DRREDDY.NS
2022-08-31,EICHERMOT.NS
2022-08-31,GRASIM.NS
2022-08-31,HCLTECH.NS
2022-08-31,HDFC.NS
2022-08-31,HDFCBANK.NS
2022-08-31,HDFCLIFE.NS
2022-08-31,HEROMOTOCO.NS
2022-08-31,HINDALCO.NS
2022-08-31,HINDUNILVR.NS
2022-08-31,ICICIBANK.NS
2022-08-31,INDUSINDBK.NS
2022-08-31,INFY.NS
2022-08-31,ITC.NS
2022-08-31,JSWSTEEL.NS
2022-08-31,KOTAKBANK.NS
2022-08-31,LT.NS
2022-08-31,M&M.NS
2022-08-31,MARUTI.NS
2022-08-31,NESTLEIND.NS
2022-08-31,NTPC.NS
2022-08-31,ONGC.NS
2022-08-31,POWERGRID.NS
2022-08-31,RELIANCE.NS
2022-08-31,SBILIFE.NS
2022-08-31,SBIN.NS
2022-08-31,SHREECEM.NS
2022-08-31,SUNPHARMA.NS
2022-08-31,TATACONSUM.NS
2022-08-31,TATAMOTORS.NS
2022-08-31,TATASTEEL.NS
2022-08-31,TCS.NS
2022-08-31,TECHM.NS
2022-08-31,TITAN.NS
2022-08-31,ULTRACEMCO.NS
2022-08-31,UPL.NS
2022-08-31,WIPRO.NS
2022-09-30,ADANIENT.NS
2022-09-30,ADANIPORTS.NS
2022-09-30,APOLLOHOSP.NS
2022-09-30,ASIANPAINT.NS
2022-09-30,AXISBANK.NS
2022-09-30,BAJAJAUTO.NS
2022-09-30,BAJAJFINSV.NS
2022-09-30,BAJFINANCE.NS
2022-09-30,BHARTIARTL.NS
2022-09-30,BPCL.NS
2022-09-30,BRITANNIA.NS
2022-09-30,CIPLA.NS
2022-09-30,COALINDIA.NS
2022-09-30,DIVISLAB.NS
2022-09-30,DRREDDY.NS
2022-09-30,EICHERMOT.NS
2022-09-30,GRASIM.NS
2022-09-30,HCLTECH.NS
2022-09-30,HDFC.NS
2022-09-30,HDFCBANK.NS
2022-09-30,HDFCLIFE.NS
2022-09-30,HEROMOTOCO.NS
2022-09-30,HINDALCO.NS
2022-09-30,HINDUNILVR.NS
2022-09-30,ICICIBANK.NS
2022-09-30,INDUSINDBK.NS
2022-09-30,INFY.NS
2022-09-30,ITC.NS
2022-09-30,JSWSTEEL.NS
2022-09-30,KOTAKBANK.NS
2022-09-30,LT.NS
2022-09-30,M&M.NS
2022-09-30,MARUTI.NS
2022-09-30,NESTLEIND.NS
2022-09-30,NTPC.NS
2022-09-30,ONGC.NS
2022-09-30,POWERGRID.NS
2022-09-30,RELIANCE.NS
2022-09-30,SBILIFE.NS
2022-09-30,SBIN.NS
2022-09-30,SUNPHARMA.NS
2022-09-30,TATACONSUM.NS
2022-09-30,TATAMOTORS.NS
2022-09-30,TATASTEEL.NS
2022-09-30,TCS.NS
2022-09-30,TECHM.NS
2022-09-30,TITAN.NS
2022-09-30,ULTRACEMCO.NS
2022-09-30,UPL.NS
2022-09-30,WIPRO.NS
2022-10-31,ADANIENT.NS
2022-10-31,ADANIPORTS.NS
2022-10-31,APOLLOHOSP.NS
2022-10-31,ASIANPAINT.NS
2022-10-31,AXISBANK.NS
2022-10-31,BAJAJAUTO.NS
2022-10-31,BAJAJFINSV.NS
2022-10-31,BAJFINANCE.NS
2022-10-31,BHARTIARTL.NS
2022-10-31,BPCL.NS
2022-10-31,BRITANNIA.NS
2022-10-31,CIPLA.NS
2022-10-31,COALINDIA.NS
2022-10-31,DIVISLAB.NS
2022-10-31,DRREDDY.NS
2022-10-31,EICHERMOT.NS
2022-10-31,GRASIM.NS
2022-10-31,HCLTECH.NS
2022-10-31,HDFC.NS
2022-10-31,HDFCBANK.NS
2022-10-31,HDFCLIFE.NS
2022-10-31,HEROMOTOCO.NS
2022-10-31,HINDALCO.NS
2022-10-31,HINDUNILVR.NS
2022-10-31,ICICIBANK.NS
2022-10-31,INDUSINDBK.NS
2022-10-31,INFY.NS
2022-10-31,ITC.NS
2022-10-31,JSWSTEEL.NS
2022-10-31,KOTAKBANK.NS
2022-10-31,LT.NS
2022-10-31,M&M.NS
2022-10-31,MARUTI.NS
2022-10-31,NESTLEIND.NS
2022-10-31,NTPC.NS
2022-10-31,ONGC.NS
2022-10-31,POWERGRID.NS
2022-10-31,RELIANCE.NS
2022-10-31,SBILIFE.NS
2022-10-31,SBIN.NS
2022-10-31,SUNPHARMA.NS
2022-10-31,TATACONSUM.NS
2022-10-31,TATAMOTORS.NS
2022-10-31,TATASTEEL.NS
2022-10-31,TCS.NS
2022-10-31,TECHM.NS
2022-10-31,TITAN.NS
2022-10-31,ULTRACEMCO.NS
2022-10-31,UPL.NS
2022-10-31,WIPRO.NS
2022-11-30,ADANIENT.NS
2022-11-30,ADANIPORTS.NS
2022-11-30,APOLLOHOSP.NS
2022-11-30,ASIANPAINT.NS
2022-11-30,AXISBANK.NS
2022-11-30,BAJAJAUTO.NS
2022-11-30,BAJAJFINSV.NS
2022-11-30,BAJFINANCE.NS
2022-11-30,BHARTIARTL.NS
2022-11-30,BPCL.NS
2022-11-30,BRITANNIA.NS
2022-11-30,CIPLA.NS
2022-11-30,COALINDIA.NS
2022-11-30,DIVISLAB.NS
2022-11-30,DRREDDY.NS
2022-11-30,EICHERMOT.NS
2022-11-30,GRASIM.NS
2022-11-30,HCLTECH.NS
2022-11-30,HDFC.NS
2022-11-30,HDFCBANK.NS
2022-11-30,HDFCLIFE.NS
2022-11-30,HEROMOTOCO.NS
2022-11-30,HINDALCO.NS
2022-11-30,HINDUNILVR.NS
2022-11-30,ICICIBANK.NS
2022-11-30,INDUSINDBK.NS
2022-11-30,INFY.NS
2022-11-30,ITC.NS
2022-11-30,JSWSTEEL.NS
2022-11-30,KOTAKBANK.NS
2022-11-30,LT.NS
2022-11-30,M&M.NS
2022-11-30,MARUTI.NS
2022-11-30,NESTLEIND.NS
2022-11-30,NTPC.NS
2022-11-30,ONGC.NS
2022-11-30,POWERGRID.NS
2022-11-30,RELIANCE.NS
2022-11-30,SBILIFE.NS
2022-11-30,SBIN.NS
2022-11-30,SUNPHARMA.NS
2022-11-30,TATACONSUM.NS
2022-11-30,TATAMOTORS.NS
2022-11-30,TATASTEEL.NS
2022-11-30,TCS.NS
2022-11-30,TECHM.NS
2022-11-30,TITAN.NS
2022-11-30,ULTRACEMCO.NS
2022-11-30,UPL.NS
2022-11-30,WIPRO.NS
2022-12-31,ADANIENT.NS
2022-12-31,ADANIPORTS.NS
2022-12-31,APOLLOHOSP.NS
2022-12-31,ASIANPAINT.NS
2022-12-31,AXISBANK.NS
2022-12-31,BAJAJAUTO.NS
2022-12-31,BAJAJFINSV.NS
2022-12-31,BAJFINANCE.NS
2022-12-31,BHARTIARTL.NS
2022-12-31,BPCL.NS
2022-12-31,BRITANNIA.NS
2022-12-31,CIPLA.NS
2022-12-31,COALINDIA.NS
2022-12-31,DIVISLAB.NS
2022-12-31,DRREDDY.NS
2022-12-31,EICHERMOT.NS
2022-12-31,GRASIM.NS
2022-12-31,HCLTECH.NS
2022-12-31,HDFC.NS
2022-12-31,HDFCBANK.NS
2022-12-31,HDFCLIFE.NS
2022-12-31,HEROMOTOCO.NS
2022-12-31,HINDALCO.NS
2022-12-31,HINDUNILVR.NS
2022-12-31,ICICIBANK.NS
2022-12-31,INDUSINDBK.NS
2022-12-31,INFY.NS
2022-12-31,ITC.NS
2022-12-31,JSWSTEEL.NS
2022-12-31,KOTAKBANK.NS
2022-12-31,LT.NS
2022-12-31,M&M.NS
2022-12-31,MARUTI.NS
2022-12-31,NESTLEIND.NS
2022-12-31,NTPC.NS
2022-12-31,ONGC.NS
2022-12-31,POWERGRID.NS
2022-12-31,RELIANCE.NS
2022-12-31,SBILIFE.NS
2022-12-31,SBIN.NS
2022-12-31,SUNPHARMA.NS
2022-12-31,TATACONSUM.NS
2022-12-31,TATAMOTORS.NS
2022-12-31,TATASTEEL.NS
2022-12-31,TCS.NS
2022-12-31,TECHM.NS
2022-12-31,TITAN.NS
2022-12-31,ULTRACEMCO.NS
2022-12-31,UPL.NS
2022-12-31,WIPRO.NS
2023-01-31,ADANIENT.NS
2023-01-31,ADANIPORTS.NS
2023-01-31,APOLLOHOSP.NS
2023-01-31,ASIANPAINT.NS
2023-01-31,AXISBANK.NS
2023-01-31,BAJAJAUTO.NS
2023-01-31,BAJAJFINSV.NS
2023-01-31,BAJFINANCE.NS
2023-01-31,BHARTIARTL.NS
2023-01-31,BPCL.NS
2023-01-31,BRITANNIA.NS
2023-01-31,CIPLA.NS
2023-01-31,COALINDIA.NS
2023-01-31,DIVISLAB.NS
2023-01-31,DRREDDY.NS
2023-01-31,EICHERMOT.NS
2023-01-31,GRASIM.NS
2023-01-31,HCLTECH.NS
2023-01-31,HDFC.NS
2023-01-31,HDFCBANK.NS
2023-01-31,HDFCLIFE.NS
2023-01-31,HEROMOTOCO.NS
2023-01-31,HINDALCO.NS
2023-01-31,HINDUNILVR.NS
2023-01-31,ICICIBANK.NS
2023-01-31,INDUSINDBK.NS
2023-01-31,INFY.NS
2023-01-31,ITC.NS
2023-01-31,JSWSTEEL.NS
2023-01-31,KOTAKBANK.NS
2023-01-31,LT.NS
2023-01-31,M&M.NS
2023-01-31,MARUTI.NS
2023-01-31,NESTLEIND.NS
2023-01-31,NTPC.NS
2023-01-31,ONGC.NS
2023-01-31,POWERGRID.NS
2023-01-31,RELIANCE.NS
2023-01-31,SBILIFE.NS
2023-01-31,SBIN.NS
2023-01-31,SUNPHARMA.NS
2023-01-31,TATACONSUM.NS
2023-01-31,TATAMOTORS.NS
2023-01-31,TATASTEEL.NS
2023-01-31,TCS.NS
2023-01-31,TECHM.NS
2023-01-31,TITAN.NS
2023-01-31,ULTRACEMCO.NS
2023-01-31,UPL.NS
2023-01-31,WIPRO.NS
2023-02-28,ADANIENT.NS
2023-02-28,ADANIPORTS.NS
2023-02-28,APOLLOHOSP.NS
2023-02-28,ASIANPAINT.NS
2023-02-28,AXISBANK.NS
2023-02-28,BAJAJAUTO.NS
2023-02-28,BAJAJFINSV.NS
2023-02-28,BAJFINANCE.NS
2023-02-28,BHARTIARTL.NS
2023-02-28,BPCL.NS
2023-02-28,BRITANNIA.NS
2023-02-28,CIPLA.NS
2023-02-28,COALINDIA.NS
2023-02-28,DIVISLAB.NS
2023-02-28,DRREDDY.NS
2023-02-28,EICHERMOT.NS
2023-02-28,GRASIM.NS
2023-02-28,HCLTECH.NS
2023-02-28,HDFC.NS
2023-02-28,HDFCBANK.NS
2023-02-28,HDFCLIFE.NS
2023-02-28,HEROMOTOCO.NS
2023-02-28,HINDALCO.NS
2023-02-28,HINDUNILVR.NS
2023-02-28,ICICIBANK.NS
2023-02-28,INDUSINDBK.NS
2023-02-28,INFY.NS
2023-02-28,ITC.NS
2023-02-28,JSWSTEEL.NS
2023-02-28,KOTAKBANK.NS
2023-02-28,LT.NS
2023-02-28,M&M.NS
2023-02-28,MARUTI.NS
2023-02-28,NESTLEIND.NS
2023-02-28,NTPC.NS
2023-02-28,ONGC.NS
2023-02-28,POWERGRID.NS
2023-02-28,RELIANCE.NS
2023-02-28,SBILIFE.NS
2023-02-28,SBIN.NS
2023-02-28,SUNPHARMA.NS
2023-02-28,TATACONSUM.NS
2023-02-28,TATAMOTORS.NS
2023-02-28,TATASTEEL.NS
2023-02-28,TCS.NS
2023-02-28,TECHM.NS
2023-02-28,TITAN.NS
2023-02-28,ULTRACEMCO.NS
2023-02-28,UPL.NS
2023-02-28,WIPRO.NS
2023-03-31,ADANIENT.NS
2023-03-31,ADANIPORTS.NS
2023-03-31,APOLLOHOSP.NS
2023-03-31,ASIANPAINT.NS
2023-03-31,AXISBANK.NS
2023-03-31,BAJAJAUTO.NS
2023-03-31,BAJAJFINSV.NS
2023-03-31,BAJFINANCE.NS
2023-03-31,BHARTIARTL.NS
2023-03-31,BPCL.NS
2023-03-31,BRITANNIA.NS
2023-03-31,CIPLA.NS
2023-03-31,COALINDIA.NS
2023-03-31,DIVISLAB.NS
2023-03-31,DRREDDY.NS
2023-03-31,EICHERMOT.NS
2023-03-31,GRASIM.NS
2023-03-31,HCLTECH.NS
2023-03-31,HDFC.NS
2023-03-31,HDFCBANK.NS
2023-03-31,HDFCLIFE.NS
2023-03-31,HEROMOTOCO.NS
2023-03-31,HINDALCO.NS
2023-03-31,HINDUNILVR.NS
2023-03-31,ICICIBANK.NS
2023-03-31,INDUSINDBK.NS
2023-03-31,INFY.NS
2023-03-31,ITC.NS
2023-03-31,JSWSTEEL.NS
2023-03-31,KOTAKBANK.NS
2023-03-31,LT.NS
2023-03-31,M&M.NS
2023-03-31,MARUTI.NS
2023-03-31,NESTLEIND.NS
2023-03-31,NTPC.NS
2023-03-31,ONGC.NS
2023-03-31,POWERGRID.NS
2023-03-31,RELIANCE.NS
2023-03-31,SBILIFE.NS
2023-03-31,SBIN.NS
2023-03-31,SUNPHARMA.NS
2023-03-31,TATACONSUM.NS
2023-03-31,TATAMOTORS.NS
2023-03-31,TATASTEEL.NS
2023-03-31,TCS.NS
2023-03-31,TECHM.NS
2023-03-31,TITAN.NS
2023-03-31,ULTRACEMCO.NS
2023-03-31,UPL.NS
2023-03-31,WIPRO.NS
2023-04-30,ADANIENT.NS
2023-04-30,ADANIPORTS.NS
2023-04-30,APOLLOHOSP.NS
2023-04-30,ASIANPAINT.NS
2023-04-30,AXISBANK.NS
2023-04-30,BAJAJAUTO.NS
2023-04-30,BAJAJFINSV.NS
2023-04-30,BAJFINANCE.NS
2023-04-30,BHARTIARTL.NS
2023-04-30,BPCL.NS
2023-04-30,BRITANNIA.NS
2023-04-30,CIPLA.NS
2023-04-30,COALINDIA.NS
2023-04-30,DIVISLAB.NS
2023-04-30,DRREDDY.NS
2023-04-30,EICHERMOT.NS
2023-04-30,GRASIM.NS
2023-04-30,HCLTECH.NS
2023-04-30,HDFC.NS
2023-04-30,HDFCBANK.NS
2023-04-30,HDFCLIFE.NS
2023-04-30,HEROMOTOCO.NS
2023-04-30,HINDALCO.NS
2023-04-30,HINDUNILVR.NS
2023-04-30,ICICIBANK.NS
2023-04-30,INDUSINDBK.NS
2023-04-30,INFY.NS
2023-04-30,ITC.NS
2023-04-30,JSWSTEEL.NS
2023-04-30,KOTAKBANK.NS
2023-04-30,LT.NS
2023-04-30,M&M.NS
2023-04-30,MARUTI.NS
2023-04-30,NESTLEIND.NS
2023-04-30,NTPC.NS
2023-04-30,ONGC.NS
2023-04-30,POWERGRID.NS
2023-04-30,RELIANCE.NS
2023-04-30,SBILIFE.NS
2023-04-30,SBIN.NS
2023-04-30,SUNPHARMA.NS
2023-04-30,TATACONSUM.NS
2023-04-30,TATAMOTORS.NS
2023-04-30,TATASTEEL.NS
2023-04-30,TCS.NS
2023-04-30,TECHM.NS
2023-04-30,TITAN.NS
2023-04-30,ULTRACEMCO.NS
2023-04-30,UPL.NS
2023-04-30,WIPRO.NS
2023-05-31,ADANIENT.NS
2023-05-31,ADANIPORTS.NS
2023-05-31,APOLLOHOSP.NS
2023-05-31,ASIANPAINT.NS
2023-05-31,AXISBANK.NS
2023-05-31,BAJAJAUTO.NS
2023-05-31,BAJAJFINSV.NS
2023-05-31,BAJFINANCE.NS
2023-05-31,BHARTIARTL.NS
2023-05-31,BPCL.NS
2023-05-31,BRITANNIA.NS
2023-05-31,CIPLA.NS
2023-05-31,COALINDIA.NS
2023-05-31,DIVISLAB.NS
2023-05-31,DRREDDY.NS
2023-05-31,EICHERMOT.NS
2023-05-31,GRASIM.NS
2023-05-31,HCLTECH.NS
2023-05-31,HDFC.NS
2023-05-31,HDFCBANK.NS
2023-05-31,HDFCLIFE.NS
2023-05-31,HEROMOTOCO.NS
2023-05-31,HINDALCO.NS
2023-05-31,HINDUNILVR.NS
2023-05-31,ICICIBANK.NS
2023-05-31,INDUSINDBK.NS
2023-05-31,INFY.NS
2023-05-31,ITC.NS
2023-05-31,JSWSTEEL.NS
2023-05-31,KOTAKBANK.NS
2023-05-31,LT.NS
2023-05-31,M&M.NS
2023-05-31,MARUTI.NS
2023-05-31,NESTLEIND.NS
2023-05-31,NTPC.NS
2023-05-31,ONGC.NS
2023-05-31,POWERGRID.NS
2023-05-31,RELIANCE.NS
2023-05-31,SBILIFE.NS
2023-05-31,SBIN.NS
2023-05-31,SUNPHARMA.NS
2023-05-31,TATACONSUM.NS
2023-05-31,TATAMOTORS.NS
2023-05-31,TATASTEEL.NS
2023-05-31,TCS.NS
2023-05-31,TECHM.NS
2023-05-31,TITAN.NS
2023-05-31,ULTRACEMCO.NS
2023-05-31,UPL.NS
2023-05-31,WIPRO.NS
2023-07-01,ADANIENT.NS
2023-07-01,ADANIPORTS.NS
2023-07-01,APOLLOHOSP.NS
2023-07-01,ASIANPAINT.NS
2023-07-01,AXISBANK.NS
2023-07-01,BAJAJAUTO.NS
2023-07-01,BAJAJFINSV.NS
2023-07-01,BAJFINANCE.NS
2023-07-01,BHARTIARTL.NS
2023-07-01,BPCL.NS
2023-07-01,BRITANNIA.NS
2023-07-01,CIPLA.NS
2023-07-01,COALINDIA.NS
2023-07-01,DIVISLAB.NS
2023-07-01,DRREDDY.NS
2023-07-01,EICHERMOT.NS
2023-07-01,GRASIM.NS
2023-07-01,HCLTECH.NS
2023-07-01,HDFCBANK.NS
2023-07-01,HDFCLIFE.NS
2023-07-01,HEROMOTOCO.NS
2023-07-01,HINDALCO.NS
2023-07-01,HINDUNILVR.NS
2023-07-01,ICICIBANK.NS
2023-07-01,INDUSINDBK.NS
2023-07-01,INFY.NS
2023-07-01,ITC.NS
2023-07-01,JSWSTEEL.NS
2023-07-01,KOTAKBANK.NS
2023-07-01,LT.NS
2023-07-01,LTIM.NS
2023-07-01,M&M.NS
2023-07-01,MARUTI.NS
2023-07-01,NESTLEIND.NS
2023-07-01,NTPC.NS
2023-07-01,ONGC.NS
2023-07-01,POWERGRID.NS
2023-07-01,RELIANCE.NS
2023-07-01,SBILIFE.NS
2023-07-01,SBIN.NS
2023-07-01,SUNPHARMA.NS
2023-07-01,TATACONSUM.NS
2023-07-01,TATAMOTORS.NS
2023-07-01,TATASTEEL.NS
2023-07-01,TCS.NS
2023-07-01,TECHM.NS
2023-07-01,TITAN.NS
2023-07-01,ULTRACEMCO.NS
2023-07-01,UPL.NS
2023-07-01,WIPRO.NS
2023-07-31,ADANIENT.NS
2023-07-31,ADANIPORTS.NS
2023-07-31,APOLLOHOSP.NS
2023-07-31,ASIANPAINT.NS
2023-07-31,AXISBANK.NS
2023-07-31,BAJAJAUTO.NS
2023-07-31,BAJAJFINSV.NS
2023-07-31,BAJFINANCE.NS
2023-07-31,BHARTIARTL.NS
2023-07-31,BPCL.NS
2023-07-31,BRITANNIA.NS
2023-07-31,CIPLA.NS
2023-07-31,COALINDIA.NS
2023-07-31,DIVISLAB.NS
2023-07-31,DRREDDY.NS
2023-07-31,EICHERMOT.NS
2023-07-31,GRASIM.NS
2023-07-31,HCLTECH.NS
2023-07-31,HDFCBANK.NS
2023-07-31,HDFCLIFE.NS
2023-07-31,HEROMOTOCO.NS
2023-07-31,HINDALCO.NS
2023-07-31,HINDUNILVR.NS
2023-07-31,ICICIBANK.NS
2023-07-31,INDUSINDBK.NS
2023-07-31,INFY.NS
2023-07-31,ITC.NS
2023-07-31,JSWSTEEL.NS
2023-07-31,KOTAKBANK.NS
2023-07-31,LT.NS
2023-07-31,LTIM.NS
2023-07-31,M&M.NS
2023-07-31,MARUTI.NS
2023-07-31,NESTLEIND.NS
2023-07-31,NTPC.NS
2023-07-31,ONGC.NS
2023-07-31,POWERGRID.NS
2023-07-31,RELIANCE.NS
2023-07-31,SBILIFE.NS
2023-07-31,SBIN.NS
2023-07-31,SUNPHARMA.NS
2023-07-31,TATACONSUM.NS
2023-07-31,TATAMOTORS.NS
2023-07-31,TATASTEEL.NS
2023-07-31,TCS.NS
2023-07-31,TECHM.NS
2023-07-31,TITAN.NS
2023-07-31,ULTRACEMCO.NS
2023-07-31,UPL.NS
2023-07-31,WIPRO.NS
2023-08-31,ADANIENT.NS
2023-08-31,ADANIPORTS.NS
2023-08-31,APOLLOHOSP.NS
2023-08-31,ASIANPAINT.NS
2023-08-31,AXISBANK.NS
2023-08-31,BAJAJAUTO.NS
2023-08-31,BAJAJFINSV.NS
2023-08-31,BAJFINANCE.NS
2023-08-31,BHARTIARTL.NS
2023-08-31,BPCL.NS
2023-08-31,BRITANNIA.NS
2023-08-31,CIPLA.NS
2023-08-31,COALINDIA.NS
2023-08-31,DIVISLAB.NS
2023-08-31,DRREDDY.NS
2023-08-31,EICHERMOT.NS
2023-08-31,GRASIM.NS
2023-08-31,HCLTECH.NS
2023-08-31,HDFCBANK.NS
2023-08-31,HDFCLIFE.NS
2023-08-31,HEROMOTOCO.NS
2023-08-31,HINDALCO.NS
2023-08-31,HINDUNILVR.NS
2023-08-31,ICICIBANK.NS
2023-08-31,INDUSINDBK.NS
2023-08-31,INFY.NS
2023-08-31,ITC.NS
2023-08-31,JSWSTEEL.NS
2023-08-31,KOTAKBANK.NS
2023-08-31,LT.NS
2023-08-31,LTIM.NS
2023-08-31,M&M.NS
2023-08-31,MARUTI.NS
2023-08-31,NESTLEIND.NS
2023-08-31,NTPC.NS
2023-08-31,ONGC.NS
2023-08-31,POWERGRID.NS
2023-08-31,RELIANCE.NS
2023-08-31,SBILIFE.NS
2023-08-31,SBIN.NS
2023-08-31,SUNPHARMA.NS
2023-08-31,TATACONSUM.NS
2023-08-31,TATAMOTORS.NS
2023-08-31,TATASTEEL.NS
2023-08-31,TCS.NS
2023-08-31,TECHM.NS
2023-08-31,TITAN.NS
2023-08-31,ULTRACEMCO.NS
2023-08-31,UPL.NS
2023-08-31,WIPRO.NS
2023-09-30,ADANIENT.NS
2023-09-30,ADANIPORTS.NS
2023-09-30,APOLLOHOSP.NS
2023-09-30,ASIANPAINT.NS
2023-09-30,AXISBANK.NS
2023-09-30,BAJAJAUTO.NS
2023-09-30,BAJAJFINSV.NS
2023-09-30,BAJFINANCE.NS
2023-09-30,BHARTIARTL.NS
2023-09-30,BPCL.NS
2023-09-30,BRITANNIA.NS
2023-09-30,CIPLA.NS
2023-09-30,COALINDIA.NS
2023-09-30,DIVISLAB.NS
2023-09-30,DRREDDY.NS
2023-09-30,EICHERMOT.NS
2023-09-30,GRASIM.NS
2023-09-30,HCLTECH.NS
2023-09-30,HDFCBANK.NS
2023-09-30,HDFCLIFE.NS
2023-09-30,HEROMOTOCO.NS
2023-09-30,HINDALCO.NS
2023-09-30,HINDUNILVR.NS
2023-09-30,ICICIBANK.NS
2023-09-30,INDUSINDBK.NS
2023-09-30,INFY.NS
2023-09-30,ITC.NS
2023-09-30,JSWSTEEL.NS
2023-09-30,KOTAKBANK.NS
2023-09-30,LT.NS
2023-09-30,LTIM.NS
2023-09-30,M&M.NS
2023-09-30,MARUTI.NS
2023-09-30,NESTLEIND.NS
2023-09-30,NTPC.NS
2023-09-30,ONGC.NS
2023-09-30,POWERGRID.NS
2023-09-30,RELIANCE.NS
2023-09-30,SBILIFE.NS
2023-09-30,SBIN.NS
2023-09-30,SUNPHARMA.NS
2023-09-30,TATACONSUM.NS
2023-09-30,TATAMOTORS.NS
2023-09-30,TATASTEEL.NS
2023-09-30,TCS.NS
2023-09-30,TECHM.NS
2023-09-30,TITAN.NS
2023-09-30,ULTRACEMCO.NS
2023-09-30,UPL.NS
2023-09-30,WIPRO.NS
2023-10-31,ADANIENT.NS
2023-10-31,ADANIPORTS.NS
2023-10-31,APOLLOHOSP.NS
2023-10-31,ASIANPAINT.NS
2023-10-31,AXISBANK.NS
2023-10-31,BAJAJAUTO.NS
2023-10-31,BAJAJFINSV.NS
2023-10-31,BAJFINANCE.NS
2023-10-31,BHARTIARTL.NS
2023-10-31,BPCL.NS
2023-10-31,BRITANNIA.NS
2023-10-31,CIPLA.NS
2023-10-31,COALINDIA.NS
2023-10-31,DIVISLAB.NS
2023-10-31,DRREDDY.NS
2023-10-31,EICHERMOT.NS
2023-10-31,GRASIM.NS
2023-10-31,HCLTECH.NS
2023-10-31,HDFCBANK.NS
2023-10-31,HDFCLIFE.NS
2023-10-31,HEROMOTOCO.NS
2023-10-31,HINDALCO.NS
2023-10-31,HINDUNILVR.NS
2023-10-31,ICICIBANK.NS
2023-10-31,INDUSINDBK.NS
2023-10-31,INFY.NS
2023-10-31,ITC.NS
2023-10-31,JSWSTEEL.NS
2023-10-31,KOTAKBANK.NS
2023-10-31,LT.NS
2023-10-31,LTIM.NS
2023-10-31,M&M.NS
2023-10-31,MARUTI.NS
2023-10-31,NESTLEIND.NS
2023-10-31,NTPC.NS
2023-10-31,ONGC.NS
2023-10-31,POWERGRID.NS
2023-10-31,RELIANCE.NS
2023-10-31,SBILIFE.NS
2023-10-31,SBIN.NS
2023-10-31,SUNPHARMA.NS
2023-10-31,TATACONSUM.NS
2023-10-31,TATAMOTORS.NS
2023-10-31,TATASTEEL.NS
2023-10-31,TCS.NS
2023-10-31,TECHM.NS
2023-10-31,TITAN.NS
2023-10-31,ULTRACEMCO.NS
2023-10-31,UPL.NS
2023-10-31,WIPRO.NS
2023-11-30,ADANIENT.NS
2023-11-30,ADANIPORTS.NS
2023-11-30,APOLLOHOSP.NS
2023-11-30,ASIANPAINT.NS
2023-11-30,AXISBANK.NS
2023-11-30,BAJAJAUTO.NS
2023-11-30,BAJAJFINSV.NS
2023-11-30,BAJFINANCE.NS
2023-11-30,BHARTIARTL.NS
2023-11-30,BPCL.NS
2023-11-30,BRITANNIA.NS
2023-11-30,CIPLA.NS
2023-11-30,COALINDIA.NS
2023-11-30,DIVISLAB.NS
2023-11-30,DRREDDY.NS
2023-11-30,EICHERMOT.NS
2023-11-30,GRASIM.NS
2023-11-30,HCLTECH.NS
2023-11-30,HDFCBANK.NS
2023-11-30,HDFCLIFE.NS
2023-11-30,HEROMOTOCO.NS
2023-11-30,HINDALCO.NS
2023-11-30,HINDUNILVR.NS
2023-11-30,ICICIBANK.NS
2023-11-30,INDUSINDBK.NS
2023-11-30,INFY.NS
2023-11-30,ITC.NS
2023-11-30,JSWSTEEL.NS
2023-11-30,KOTAKBANK.NS
2023-11-30,LT.NS
2023-11-30,LTIM.NS
2023-11-30,M&M.NS
2023-11-30,MARUTI.NS
2023-11-30,NESTLEIND.NS
2023-11-30,NTPC.NS
2023-11-30,ONGC.NS
2023-11-30,POWERGRID.NS
2023-11-30,RELIANCE.NS
2023-11-30,SBILIFE.NS
2023-11-30,SBIN.NS
2023-11-30,SUNPHARMA.NS
2023-11-30,TATACONSUM.NS
2023-11-30,TATAMOTORS.NS
2023-11-30,TATASTEEL.NS
2023-11-30,TCS.NS
2023-11-30,TECHM.NS
2023-11-30,TITAN.NS
2023-11-30,ULTRACEMCO.NS
2023-11-30,UPL.NS
2023-11-30,WIPRO.NS
2023-12-31,ADANIENT.NS
2023-12-31,ADANIPORTS.NS
2023-12-31,APOLLOHOSP.NS
2023-12-31,ASIANPAINT.NS
2023-12-31,AXISBANK.NS
2023-12-31,BAJAJAUTO.NS
2023-12-31,BAJAJFINSV.NS
2023-12-31,BAJFINANCE.NS
2023-12-31,BHARTIARTL.NS
2023-12-31,BPCL.NS
2023-12-31,BRITANNIA.NS
2023-12-31,CIPLA.NS
2023-12-31,COALINDIA.NS
2023-12-31,DIVISLAB.NS
2023-12-31,DRREDDY.NS
2023-12-31,EICHERMOT.NS
2023-12-31,GRASIM.NS
2023-12-31,HCLTECH.NS
2023-12-31,HDFCBANK.NS
2023-12-31,HDFCLIFE.NS
2023-12-31,HEROMOTOCO.NS
2023-12-31,HINDALCO.NS
2023-12-31,HINDUNILVR.NS
2023-12-31,ICICIBANK.NS
2023-12-31,INDUSINDBK.NS
2023-12-31,INFY.NS
2023-12-31,ITC.NS
2023-12-31,JSWSTEEL.NS
2023-12-31,KOTAKBANK.NS
2023-12-31,LT.NS
2023-12-31,LTIM.NS
2023-12-31,M&M.NS
2023-12-31,MARUTI.NS
2023-12-31,NESTLEIND.NS
2023-12-31,NTPC.NS
2023-12-31,ONGC.NS
2023-12-31,POWERGRID.NS
2023-12-31,RELIANCE.NS
2023-12-31,SBILIFE.NS
2023-12-31,SBIN.NS
2023-12-31,SUNPHARMA.NS
2023-12-31,TATACONSUM.NS
2023-12-31,TATAMOTORS.NS
2023-12-31,TATASTEEL.NS
2023-12-31,TCS.NS
2023-12-31,TECHM.NS
2023-12-31,TITAN.NS
2023-12-31,ULTRACEMCO.NS
2023-12-31,UPL.NS
2023-12-31,WIPRO.NS
2024-01-31,ADANIENT.NS
2024-01-31,ADANIPORTS.NS
2024-01-31,APOLLOHOSP.NS
2024-01-31,ASIANPAINT.NS
2024-01-31,AXISBANK.NS
2024-01-31,BAJAJAUTO.NS
2024-01-31,BAJAJFINSV.NS
2024-01-31,BAJFINANCE.NS
2024-01-31,BHARTIARTL.NS
2024-01-31,BPCL.NS
2024-01-31,BRITANNIA.NS
2024-01-31,CIPLA.NS
2024-01-31,COALINDIA.NS
2024-01-31,DIVISLAB.NS
2024-01-31,DRREDDY.NS
2024-01-31,EICHERMOT.NS
2024-01-31,GRASIM.NS
2024-01-31,HCLTECH.NS
2024-01-31,HDFCBANK.NS
2024-01-31,HDFCLIFE.NS
2024-01-31,HEROMOTOCO.NS
2024-01-31,HINDALCO.NS
2024-01-31,HINDUNILVR.NS
2024-01-31,ICICIBANK.NS
2024-01-31,INDUSINDBK.NS
2024-01-31,INFY.NS
2024-01-31,ITC.NS
2024-01-31,JSWSTEEL.NS
2024-01-31,KOTAKBANK.NS
2024-01-31,LT.NS
2024-01-31,LTIM.NS
2024-01-31,M&M.NS
2024-01-31,MARUTI.NS
2024-01-31,NESTLEIND.NS
2024-01-31,NTPC.NS
2024-01-31,ONGC.NS
2024-01-31,POWERGRID.NS
2024-01-31,RELIANCE.NS
2024-01-31,SBILIFE.NS
2024-01-31,SBIN.NS
2024-01-31,SUNPHARMA.NS
2024-01-31,TATACONSUM.NS
2024-01-31,TATAMOTORS.NS
2024-01-31,TATASTEEL.NS
2024-01-31,TCS.NS
2024-01-31,TECHM.NS
2024-01-31,TITAN.NS
2024-01-31,ULTRACEMCO.NS
2024-01-31,UPL.NS
2024-01-31,WIPRO.NS
2024-02-28,ADANIENT.NS
2024-02-28,ADANIPORTS.NS
2024-02-28,APOLLOHOSP.NS
2024-02-28,ASIANPAINT.NS
2024-02-28,AXISBANK.NS
2024-02-28,BAJAJAUTO.NS
2024-02-28,BAJAJFINSV.NS
2024-02-28,BAJFINANCE.NS
2024-02-28,BHARTIARTL.NS
2024-02-28,BPCL.NS
2024-02-28,BRITANNIA.NS
2024-02-28,CIPLA.NS
2024-02-28,COALINDIA.NS
2024-02-28,DIVISLAB.NS
2024-02-28,DRREDDY.NS
2024-02-28,EICHERMOT.NS
2024-02-28,GRASIM.NS
2024-02-28,HCLTECH.NS
2024-02-28,HDFCBANK.NS
2024-02-28,HDFCLIFE.NS
2024-02-28,HEROMOTOCO.NS
2024-02-28,HINDALCO.NS
2024-02-28,HINDUNILVR.NS
2024-02-28,ICICIBANK.NS
2024-02-28,INDUSINDBK.NS
2024-02-28,INFY.NS
2024-02-28,ITC.NS
2024-02-28,JSWSTEEL.NS
2024-02-28,KOTAKBANK.NS
2024-02-28,LT.NS
2024-02-28,LTIM.NS
2024-02-28,M&M.NS
2024-02-28,MARUTI.NS
2024-02-28,NESTLEIND.NS
2024-02-28,NTPC.NS
2024-02-28,ONGC.NS
2024-02-28,POWERGRID.NS
2024-02-28,RELIANCE.NS
2024-02-28,SBILIFE.NS
2024-02-28,SBIN.NS
2024-02-28,SUNPHARMA.NS
2024-02-28,TATACONSUM.NS
2024-02-28,TATAMOTORS.NS
2024-02-28,TATASTEEL.NS
2024-02-28,TCS.NS
2024-02-28,TECHM.NS
2024-02-28,TITAN.NS
2024-02-28,ULTRACEMCO.NS
2024-02-28,UPL.NS
2024-02-28,WIPRO.NS
2024-03-28,ADANIENT.NS
2024-03-28,ADANIPORTS.NS
2024-03-28,APOLLOHOSP.NS
2024-03-28,ASIANPAINT.NS
2024-03-28,AXISBANK.NS
2024-03-28,BAJAJAUTO.NS
2024-03-28,BAJAJFINSV.NS
2024-03-28,BAJFINANCE.NS
2024-03-28,BHARTIARTL.NS
2024-03-28,BPCL.NS
2024-03-28,BRITANNIA.NS
2024-03-28,CIPLA.NS
2024-03-28,COALINDIA.NS
2024-03-28,DIVISLAB.NS
2024-03-28,DRREDDY.NS
2024-03-28,EICHERMOT.NS
2024-03-28,GRASIM.NS
2024-03-28,HCLTECH.NS
2024-03-28,HDFCBANK.NS
2024-03-28,HDFCLIFE.NS
2024-03-28,HEROMOTOCO.NS
2024-03-28,HINDALCO.NS
2024-03-28,HINDUNILVR.NS
2024-03-28,ICICIBANK.NS
2024-03-28,INDUSINDBK.NS
2024-03-28,INFY.NS
2024-03-28,ITC.NS
2024-03-28,JSWSTEEL.NS
2024-03-28,KOTAKBANK.NS
2024-03-28,LT.NS
2024-03-28,LTIM.NS
2024-03-28,M&M.NS
2024-03-28,MARUTI.NS
2024-03-28,NESTLEIND.NS
2024-03-28,NTPC.NS
2024-03-28,ONGC.NS
2024-03-28,POWERGRID.NS
2024-03-28,RELIANCE.NS
2024-03-28,SBILIFE.NS
2024-03-28,SBIN.NS
2024-03-28,SHRIRAMFIN.NS
2024-03-28,SUNPHARMA.NS
2024-03-28,TATACONSUM.NS
2024-03-28,TATAMOTORS.NS
2024-03-28,TATASTEEL.NS
2024-03-28,TCS.NS
2024-03-28,TECHM.NS
2024-03-28,TITAN.NS
2024-03-28,ULTRACEMCO.NS
2024-03-28,WIPRO.NS
2024-04-30,ADANIENT.NS
2024-04-30,ADANIPORTS.NS
2024-04-30,APOLLOHOSP.NS
2024-04-30,ASIANPAINT.NS
2024-04-30,AXISBANK.NS
2024-04-30,BAJAJAUTO.NS
2024-04-30,BAJAJFINSV.NS
2024-04-30,BAJFINANCE.NS
2024-04-30,BHARTIARTL.NS
2024-04-30,BPCL.NS
2024-04-30,BRITANNIA.NS
2024-04-30,CIPLA.NS
2024-04-30,COALINDIA.NS
2024-04-30,DIVISLAB.NS
2024-04-30,DRREDDY.NS
2024-04-30,EICHERMOT.NS
2024-04-30,GRASIM.NS
2024-04-30,HCLTECH.NS
2024-04-30,HDFCBANK.NS
2024-04-30,HDFCLIFE.NS
2024-04-30,HEROMOTOCO.NS
2024-04-30,HINDALCO.NS
2024-04-30,HINDUNILVR.NS
2024-04-30,ICICIBANK.NS
2024-04-30,INDUSINDBK.NS
2024-04-30,INFY.NS
2024-04-30,ITC.NS
2024-04-30,JSWSTEEL.NS
2024-04-30,KOTAKBANK.NS
2024-04-30,LT.NS
2024-04-30,LTIM.NS
2024-04-30,M&M.NS
2024-04-30,MARUTI.NS
2024-04-30,NESTLEIND.NS
2024-04-30,NTPC.NS
2024-04-30,ONGC.NS
2024-04-30,POWERGRID.NS
2024-04-30,RELIANCE.NS
2024-04-30,SBILIFE.NS
2024-04-30,SBIN.NS
2024-04-30,SHRIRAMFIN.NS
2024-04-30,SUNPHARMA.NS
2024-04-30,TATACONSUM.NS
2024-04-30,TATAMOTORS.NS
2024-04-30,TATASTEEL.NS
2024-04-30,TCS.NS
2024-04-30,TECHM.NS
2024-04-30,TITAN.NS
2024-04-30,ULTRACEMCO.NS
2024-04-30,WIPRO.NS
2024-05-31,ADANIENT.NS
2024-05-31,ADANIPORTS.NS
2024-05-31,APOLLOHOSP.NS
2024-05-31,ASIANPAINT.NS
2024-05-31,AXISBANK.NS
2024-05-31,BAJAJAUTO.NS
2024-05-31,BAJAJFINSV.NS
2024-05-31,BAJFINANCE.NS
2024-05-31,BHARTIARTL.NS
2024-05-31,BPCL.NS
2024-05-31,BRITANNIA.NS
2024-05-31,CIPLA.NS
2024-05-31,COALINDIA.NS
2024-05-31,DIVISLAB.NS
2024-05-31,DRREDDY.NS
2024-05-31,EICHERMOT.NS
2024-05-31,GRASIM.NS
2024-05-31,HCLTECH.NS
2024-05-31,HDFCBANK.NS
2024-05-31,HDFCLIFE.NS
2024-05-31,HEROMOTOCO.NS
2024-05-31,HINDALCO.NS
2024-05-31,HINDUNILVR.NS
2024-05-31,ICICIBANK.NS
2024-05-31,INDUSINDBK.NS
2024-05-31,INFY.NS
2024-05-31,ITC.NS
2024-05-31,JSWSTEEL.NS
2024-05-31,KOTAKBANK.NS
2024-05-31,LT.NS
2024-05-31,LTIM.NS
2024-05-31,M&M.NS
2024-05-31,MARUTI.NS
2024-05-31,NESTLEIND.NS
2024-05-31,NTPC.NS
2024-05-31,ONGC.NS
2024-05-31,POWERGRID.NS
2024-05-31,RELIANCE.NS
2024-05-31,SBILIFE.NS
2024-05-31,SBIN.NS
2024-05-31,SHRIRAMFIN.NS
2024-05-31,SUNPHARMA.NS
2024-05-31,TATACONSUM.NS
2024-05-31,TATAMOTORS.NS
2024-05-31,TATASTEEL.NS
2024-05-31,TCS.NS
2024-05-31,TECHM.NS
2024-05-31,TITAN.NS
2024-05-31,ULTRACEMCO.NS
2024-05-31,WIPRO.NS
2024-06-30,ADANIENT.NS
2024-06-30,ADANIPORTS.NS
2024-06-30,APOLLOHOSP.NS
2024-06-30,ASIANPAINT.NS
2024-06-30,AXISBANK.NS
2024-06-30,BAJAJAUTO.NS
2024-06-30,BAJAJFINSV.NS
2024-06-30,BAJFINANCE.NS
2024-06-30,BHARTIARTL.NS
2024-06-30,BPCL.NS
2024-06-30,BRITANNIA.NS
2024-06-30,CIPLA.NS
2024-06-30,COALINDIA.NS
2024-06-30,DIVISLAB.NS
2024-06-30,DRREDDY.NS
2024-06-30,EICHERMOT.NS
2024-06-30,GRASIM.NS
2024-06-30,HCLTECH.NS
2024-06-30,HDFCBANK.NS
2024-06-30,HDFCLIFE.NS
2024-06-30,HEROMOTOCO.NS
2024-06-30,HINDALCO.NS
2024-06-30,HINDUNILVR.NS
2024-06-30,ICICIBANK.NS
2024-06-30,INDUSINDBK.NS
2024-06-30,INFY.NS
2024-06-30,ITC.NS
2024-06-30,JSWSTEEL.NS
2024-06-30,KOTAKBANK.NS
2024-06-30,LT.NS
2024-06-30,LTIM.NS
2024-06-30,M&M.NS
2024-06-30,MARUTI.NS
2024-06-30,NESTLEIND.NS
2024-06-30,NTPC.NS
2024-06-30,ONGC.NS
2024-06-30,POWERGRID.NS
2024-06-30,RELIANCE.NS
2024-06-30,SBILIFE.NS
2024-06-30,SBIN.NS
2024-06-30,SHRIRAMFIN.NS
2024-06-30,SUNPHARMA.NS
2024-06-30,TATACONSUM.NS
2024-06-30,TATAMOTORS.NS
2024-06-30,TATASTEEL.NS
2024-06-30,TCS.NS
2024-06-30,TECHM.NS
2024-06-30,TITAN.NS
2024-06-30,ULTRACEMCO.NS
2024-06-30,WIPRO.NS
2024-07-31,ADANIENT.NS
2024-07-31,ADANIPORTS.NS
2024-07-31,APOLLOHOSP.NS
2024-07-31,ASIANPAINT.NS
2024-07-31,AXISBANK.NS
2024-07-31,BAJAJAUTO.NS
2024-07-31,BAJAJFINSV.NS
2024-07-31,BAJFINANCE.NS
2024-07-31,BHARTIARTL.NS
2024-07-31,BPCL.NS
2024-07-31,BRITANNIA.NS
2024-07-31,CIPLA.NS
2024-07-31,COALINDIA.NS
2024-07-31,DIVISLAB.NS
2024-07-31,DRREDDY.NS
2024-07-31,EICHERMOT.NS
2024-07-31,GRASIM.NS
2024-07-31,HCLTECH.NS
2024-07-31,HDFCBANK.NS
2024-07-31,HDFCLIFE.NS
2024-07-31,HEROMOTOCO.NS
2024-07-31,HINDALCO.NS
2024-07-31,HINDUNILVR.NS
2024-07-31,ICICIBANK.NS
2024-07-31,INDUSINDBK.NS
2024-07-31,INFY.NS
2024-07-31,ITC.NS
2024-07-31,JSWSTEEL.NS
2024-07-31,KOTAKBANK.NS
2024-07-31,LT.NS
2024-07-31,LTIM.NS
2024-07-31,M&M.NS
2024-07-31,MARUTI.NS
2024-07-31,NESTLEIND.NS
2024-07-31,NTPC.NS
2024-07-31,ONGC.NS
2024-07-31,POWERGRID.NS
2024-07-31,RELIANCE.NS
2024-07-31,SBILIFE.NS
2024-07-31,SBIN.NS
2024-07-31,SHRIRAMFIN.NS
2024-07-31,SUNPHARMA.NS
2024-07-31,TATACONSUM.NS
2024-07-31,TATAMOTORS.NS
2024-07-31,TATASTEEL.NS
2024-07-31,TCS.NS
2024-07-31,TECHM.NS
2024-07-31,TITAN.NS
2024-07-31,ULTRACEMCO.NS
2024-07-31,WIPRO.NS
2024-08-31,ADANIENT.NS
2024-08-31,ADANIPORTS.NS
2024-08-31,APOLLOHOSP.NS
2024-08-31,ASIANPAINT.NS
2024-08-31,AXISBANK.NS
2024-08-31,BAJAJAUTO.NS
2024-08-31,BAJAJFINSV.NS
2024-08-31,BAJFINANCE.NS
2024-08-31,BHARTIARTL.NS
2024-08-31,BPCL.NS
2024-08-31,BRITANNIA.NS
2024-08-31,CIPLA.NS
2024-08-31,COALINDIA.NS
2024-08-31,DIVISLAB.NS
2024-08-31,DRREDDY.NS
2024-08-31,EICHERMOT.NS
2024-08-31,GRASIM.NS
2024-08-31,HCLTECH.NS
2024-08-31,HDFCBANK.NS
2024-08-31,HDFCLIFE.NS
2024-08-31,HEROMOTOCO.NS
2024-08-31,HINDALCO.NS
2024-08-31,HINDUNILVR.NS
2024-08-31,ICICIBANK.NS
2024-08-31,INDUSINDBK.NS
2024-08-31,INFY.NS
2024-08-31,ITC.NS
2024-08-31,JSWSTEEL.NS
2024-08-31,KOTAKBANK.NS
2024-08-31,LT.NS
2024-08-31,LTIM.NS
2024-08-31,M&M.NS
2024-08-31,MARUTI.NS
2024-08-31,NESTLEIND.NS
2024-08-31,NTPC.NS
2024-08-31,ONGC.NS
2024-08-31,POWERGRID.NS
2024-08-31,RELIANCE.NS
2024-08-31,SBILIFE.NS
2024-08-31,SBIN.NS
2024-08-31,SHRIRAMFIN.NS
2024-08-31,SUNPHARMA.NS
2024-08-31,TATACONSUM.NS
2024-08-31,TATAMOTORS.NS
2024-08-31,TATASTEEL.NS
2024-08-31,TCS.NS
2024-08-31,TECHM.NS
2024-08-31,TITAN.NS
2024-08-31,ULTRACEMCO.NS
2024-08-31,WIPRO.NS
2024-10-01,ADANIENT.NS
2024-10-01,ADANIPORTS.NS
2024-10-01,APOLLOHOSP.NS
2024-10-01,ASIANPAINT.NS
2024-10-01,AXISBANK.NS
2024-10-01,BAJAJAUTO.NS
2024-10-01,BAJAJFINSV.NS
2024-10-01,BAJFINANCE.NS
2024-10-01,BEL.NS
2024-10-01,BHARTIARTL.NS
2024-10-01,BPCL.NS
2024-10-01,BRITANNIA.NS
2024-10-01,CIPLA.NS
2024-10-01,COALINDIA.NS
2024-10-01,DRREDDY.NS
2024-10-01,EICHERMOT.NS
2024-10-01,GRASIM.NS
2024-10-01,HCLTECH.NS
2024-10-01,HDFCBANK.NS
2024-10-01,HDFCLIFE.NS
2024-10-01,HEROMOTOCO.NS
2024-10-01,HINDALCO.NS
2024-10-01,HINDUNILVR.NS
2024-10-01,ICICIBANK.NS
2024-10-01,INDUSINDBK.NS
2024-10-01,INFY.NS
2024-10-01,ITC.NS
2024-10-01,JSWSTEEL.NS
2024-10-01,KOTAKBANK.NS
2024-10-01,LT.NS
2024-10-01,M&M.NS
2024-10-01,MARUTI.NS
2024-10-01,NESTLEIND.NS
2024-10-01,NTPC.NS
2024-10-01,ONGC.NS
2024-10-01,POWERGRID.NS
2024-10-01,RELIANCE.NS
2024-10-01,SBILIFE.NS
2024-10-01,SBIN.NS
2024-10-01,SHRIRAMFIN.NS
2024-10-01,SUNPHARMA.NS
2024-10-01,TATACONSUM.NS
2024-10-01,TATAMOTORS.NS
2024-10-01,TATASTEEL.NS
2024-10-01,TCS.NS
2024-10-01,TECHM.NS
2024-10-01,TITAN.NS
2024-10-01,TRENT.NS
2024-10-01,ULTRACEMCO.NS
2024-10-01,WIPRO.NS
2024-10-31,ADANIENT.NS
2024-10-31,ADANIPORTS.NS
2024-10-31,APOLLOHOSP.NS
2024-10-31,ASIANPAINT.NS
2024-10-31,AXISBANK.NS
2024-10-31,BAJAJAUTO.NS
2024-10-31,BAJAJFINSV.NS
2024-10-31,BAJFINANCE.NS
2024-10-31,BEL.NS
2024-10-31,BHARTIARTL.NS
2024-10-31,BPCL.NS
2024-10-31,BRITANNIA.NS
2024-10-31,CIPLA.NS
2024-10-31,COALINDIA.NS
2024-10-31,DRREDDY.NS
2024-10-31,EICHERMOT.NS
2024-10-31,GRASIM.NS
2024-10-31,HCLTECH.NS
2024-10-31,HDFCBANK.NS
2024-10-31,HDFCLIFE.NS
2024-10-31,HEROMOTOCO.NS
2024-10-31,HINDALCO.NS
2024-10-31,HINDUNILVR.NS
2024-10-31,ICICIBANK.NS
2024-10-31,INDUSINDBK.NS
2024-10-31,INFY.NS
2024-10-31,ITC.NS
2024-10-31,JSWSTEEL.NS
2024-10-31,KOTAKBANK.NS
2024-10-31,LT.NS
2024-10-31,M&M.NS
2024-10-31,MARUTI.NS
2024-10-31,NESTLEIND.NS
2024-10-31,NTPC.NS
2024-10-31,ONGC.NS
2024-10-31,POWERGRID.NS
2024-10-31,RELIANCE.NS
2024-10-31,SBILIFE.NS
2024-10-31,SBIN.NS
2024-10-31,SHRIRAMFIN.NS
2024-10-31,SUNPHARMA.NS
2024-10-31,TATACONSUM.NS
2024-10-31,TATAMOTORS.NS
2024-10-31,TATASTEEL.NS
2024-10-31,TCS.NS
2024-10-31,TECHM.NS
2024-10-31,TITAN.NS
2024-10-31,TRENT.NS
2024-10-31,ULTRACEMCO.NS
2024-10-31,WIPRO.NS
2024-11-30,ADANIENT.NS
2024-11-30,ADANIPORTS.NS
2024-11-30,APOLLOHOSP.NS
2024-11-30,ASIANPAINT.NS
2024-11-30,AXISBANK.NS
2024-11-30,BAJAJAUTO.NS
2024-11-30,BAJAJFINSV.NS
2024-11-30,BAJFINANCE.NS
2024-11-30,BEL.NS
2024-11-30,BHARTIARTL.NS
2024-11-30,BPCL.NS
2024-11-30,BRITANNIA.NS
2024-11-30,CIPLA.NS
2024-11-30,COALINDIA.NS
2024-11-30,DRREDDY.NS
2024-11-30,EICHERMOT.NS
2024-11-30,GRASIM.NS
2024-11-30,HCLTECH.NS
2024-11-30,HDFCBANK.NS
2024-11-30,HDFCLIFE.NS
2024-11-30,HEROMOTOCO.NS
2024-11-30,HINDALCO.NS
2024-11-30,HINDUNILVR.NS
2024-11-30,ICICIBANK.NS
2024-11-30,INDUSINDBK.NS
2024-11-30,INFY.NS
2024-11-30,ITC.NS
2024-11-30,JSWSTEEL.NS
2024-11-30,KOTAKBANK.NS
2024-11-30,LT.NS
2024-11-30,M&M.NS
2024-11-30,MARUTI.NS
2024-11-30,NESTLEIND.NS
2024-11-30,NTPC.NS
2024-11-30,ONGC.NS
2024-11-30,POWERGRID.NS
2024-11-30,RELIANCE.NS
2024-11-30,SBILIFE.NS
2024-11-30,SBIN.NS
2024-11-30,SHRIRAMFIN.NS
2024-11-30,SUNPHARMA.NS
2024-11-30,TATACONSUM.NS
2024-11-30,TATAMOTORS.NS
2024-11-30,TATASTEEL.NS
2024-11-30,TCS.NS
2024-11-30,TECHM.NS
2024-11-30,TITAN.NS
2024-11-30,TRENT.NS
2024-11-30,ULTRACEMCO.NS
2024-11-30,WIPRO.NS
2024-12-31,ADANIENT.NS
2024-12-31,ADANIPORTS.NS
2024-12-31,APOLLOHOSP.NS
2024-12-31,ASIANPAINT.NS
2024-12-31,AXISBANK.NS
2024-12-31,BAJAJAUTO.NS
2024-12-31,BAJAJFINSV.NS
2024-12-31,BAJFINANCE.NS
2024-12-31,BEL.NS
2024-12-31,BHARTIARTL.NS
2024-12-31,BPCL.NS
2024-12-31,BRITANNIA.NS
2024-12-31,CIPLA.NS
2024-12-31,COALINDIA.NS
2024-12-31,DRREDDY.NS
2024-12-31,EICHERMOT.NS
2024-12-31,GRASIM.NS
2024-12-31,HCLTECH.NS
2024-12-31,HDFCBANK.NS
2024-12-31,HDFCLIFE.NS
2024-12-31,HEROMOTOCO.NS
2024-12-31,HINDALCO.NS
2024-12-31,HINDUNILVR.NS
2024-12-31,ICICIBANK.NS
2024-12-31,INDUSINDBK.NS
2024-12-31,INFY.NS
2024-12-31,ITC.NS
2024-12-31,JSWSTEEL.NS
2024-12-31,KOTAKBANK.NS
2024-12-31,LT.NS
2024-12-31,M&M.NS
2024-12-31,MARUTI.NS
2024-12-31,NESTLEIND.NS
2024-12-31,NTPC.NS
2024-12-31,ONGC.NS
2024-12-31,POWERGRID.NS
2024-12-31,RELIANCE.NS
2024-12-31,SBILIFE.NS
2024-12-31,SBIN.NS
2024-12-31,SHRIRAMFIN.NS
2024-12-31,SUNPHARMA.NS
2024-12-31,TATACONSUM.NS
2024-12-31,TATAMOTORS.NS
2024-12-31,TATASTEEL.NS
2024-12-31,TCS.NS
2024-12-31,TECHM.NS
2024-12-31,TITAN.NS
2024-12-31,TRENT.NS
2024-12-31,ULTRACEMCO.NS
2024-12-31,WIPRO.NS
2025-01-31,ADANIENT.NS
2025-01-31,ADANIPORTS.NS
2025-01-31,APOLLOHOSP.NS
2025-01-31,ASIANPAINT.NS
2025-01-31,AXISBANK.NS
2025-01-31,BAJAJAUTO.NS
2025-01-31,BAJAJFINSV.NS
2025-01-31,BAJFINANCE.NS
2025-01-31,BEL.NS
2025-01-31,BHARTIARTL.NS
2025-01-31,BPCL.NS
2025-01-31,BRITANNIA.NS
2025-01-31,CIPLA.NS
2025-01-31,COALINDIA.NS
2025-01-31,DRREDDY.NS
2025-01-31,EICHERMOT.NS
2025-01-31,GRASIM.NS
2025-01-31,HCLTECH.NS
2025-01-31,HDFCBANK.NS
2025-01-31,HDFCLIFE.NS
2025-01-31,HEROMOTOCO.NS
2025-01-31,HINDALCO.NS
2025-01-31,HINDUNILVR.NS
2025-01-31,ICICIBANK.NS
2025-01-31,INDUSINDBK.NS
2025-01-31,INFY.NS
2025-01-31,ITC.NS
2025-01-31,JSWSTEEL.NS
2025-01-31,KOTAKBANK.NS
2025-01-31,LT.NS
2025-01-31,M&M.NS
2025-01-31,MARUTI.NS
2025-01-31,NESTLEIND.NS
2025-01-31,NTPC.NS
2025-01-31,ONGC.NS
2025-01-31,POWERGRID.NS
2025-01-31,RELIANCE.NS
2025-01-31,SBILIFE.NS
2025-01-31,SBIN.NS
2025-01-31,SHRIRAMFIN.NS
2025-01-31,SUNPHARMA.NS
2025-01-31,TATACONSUM.NS
2025-01-31,TATAMOTORS.NS
2025-01-31,TATASTEEL.NS
2025-01-31,TCS.NS
2025-01-31,TECHM.NS
2025-01-31,TITAN.NS
2025-01-31,TRENT.NS
2025-01-31,ULTRACEMCO.NS
2025-01-31,WIPRO.NS
2025-02-28,ADANIENT.NS
2025-02-28,ADANIPORTS.NS
2025-02-28,APOLLOHOSP.NS
2025-02-28,ASIANPAINT.NS
2025-02-28,AXISBANK.NS
2025-02-28,BAJAJAUTO.NS
2025-02-28,BAJAJFINSV.NS
2025-02-28,BAJFINANCE.NS
2025-02-28,BEL.NS
2025-02-28,BHARTIARTL.NS
2025-02-28,BPCL.NS
2025-02-28,BRITANNIA.NS
2025-02-28,CIPLA.NS
2025-02-28,COALINDIA.NS
2025-02-28,DRREDDY.NS
2025-02-28,EICHERMOT.NS
2025-02-28,GRASIM.NS
2025-02-28,HCLTECH.NS
2025-02-28,HDFCBANK.NS
2025-02-28,HDFCLIFE.NS
2025-02-28,HEROMOTOCO.NS
2025-02-28,HINDALCO.NS
2025-02-28,HINDUNILVR.NS
2025-02-28,ICICIBANK.NS
2025-02-28,INDUSINDBK.NS
2025-02-28,INFY.NS
2025-02-28,ITC.NS
2025-02-28,JSWSTEEL.NS
2025-02-28,KOTAKBANK.NS
2025-02-28,LT.NS
2025-02-28,M&M.NS
2025-02-28,MARUTI.NS
2025-02-28,NESTLEIND.NS
2025-02-28,NTPC.NS
2025-02-28,ONGC.NS
2025-02-28,POWERGRID.NS
2025-02-28,RELIANCE.NS
2025-02-28,SBILIFE.NS
2025-02-28,SBIN.NS
2025-02-28,SHRIRAMFIN.NS
2025-02-28,SUNPHARMA.NS
2025-02-28,TATACONSUM.NS
2025-02-28,TATAMOTORS.NS
2025-02-28,TATASTEEL.NS
2025-02-28,TCS.NS
2025-02-28,TECHM.NS
2025-02-28,TITAN.NS
2025-02-28,TRENT.NS
2025-02-28,ULTRACEMCO.NS
2025-02-28,WIPRO.NS
2025-04-01,ADANIENT.NS
2025-04-01,ADANIPORTS.NS
2025-04-01,APOLLOHOSP.NS
2025-04-01,ASIANPAINT.NS
2025-04-01,AXISBANK.NS
2025-04-01,BAJAJAUTO.NS
2025-04-01,BAJAJFINSV.NS
2025-04-01,BAJFINANCE.NS
2025-04-01,BEL.NS
2025-04-01,BHARTIARTL.NS
2025-04-01,CIPLA.NS
2025-04-01,COALINDIA.NS
2025-04-01,DRREDDY.NS
2025-04-01,EICHERMOT.NS
2025-04-01,ETERNAL.NS
2025-04-01,GRASIM.NS
2025-04-01,HCLTECH.NS
2025-04-01,HDFCBANK.NS
2025-04-01,HDFCLIFE.NS
2025-04-01,HEROMOTOCO.NS
2025-04-01,HINDALCO.NS
2025-04-01,HINDUNILVR.NS
2025-04-01,ICICIBANK.NS
2025-04-01,INDUSINDBK.NS
2025-04-01,INFY.NS
2025-04-01,ITC.NS
2025-04-01,JIOFIN.NS
2025-04-01,JSWSTEEL.NS
2025-04-01,KOTAKBANK.NS
2025-04-01,LT.NS
2025-04-01,M&M.NS
2025-04-01,MARUTI.NS
2025-04-01,NESTLEIND.NS
2025-04-01,NTPC.NS
2025-04-01,ONGC.NS
2025-04-01,POWERGRID.NS
2025-04-01,RELIANCE.NS
2025-04-01,SBILIFE.NS
2025-04-01,SBIN.NS
2025-04-01,SHRIRAMFIN.NS
2025-04-01,SUNPHARMA.NS
2025-04-01,TATACONSUM.NS
2025-04-01,TATAMOTORS.NS
2025-04-01,TATASTEEL.NS
2025-04-01,TCS.NS
2025-04-01,TECHM.NS
2025-04-01,TITAN.NS
2025-04-01,TRENT.NS
2025-04-01,ULTRACEMCO.NS
2025-04-01,WIPRO.NS
2025-04-30,ADANIENT.NS
2025-04-30,ADANIPORTS.NS
2025-04-30,APOLLOHOSP.NS
2025-04-30,ASIANPAINT.NS
2025-04-30,AXISBANK.NS
2025-04-30,BAJAJAUTO.NS
2025-04-30,BAJAJFINSV.NS
2025-04-30,BAJFINANCE.NS
2025-04-30,BEL.NS
2025-04-30,BHARTIARTL.NS
2025-04-30,CIPLA.NS
2025-04-30,COALINDIA.NS
2025-04-30,DRREDDY.NS
2025-04-30,EICHERMOT.NS
2025-04-30,ETERNAL.NS
2025-04-30,GRASIM.NS
2025-04-30,HCLTECH.NS
2025-04-30,HDFCBANK.NS
2025-04-30,HDFCLIFE.NS
2025-04-30,HEROMOTOCO.NS
2025-04-30,HINDALCO.NS
2025-04-30,HINDUNILVR.NS
2025-04-30,ICICIBANK.NS
2025-04-30,INDUSINDBK.NS
2025-04-30,INFY.NS
2025-04-30,ITC.NS
2025-04-30,JIOFIN.NS
2025-04-30,JSWSTEEL.NS
2025-04-30,KOTAKBANK.NS
2025-04-30,LT.NS
2025-04-30,M&M.NS
2025-04-30,MARUTI.NS
2025-04-30,NESTLEIND.NS
2025-04-30,NTPC.NS
2025-04-30,ONGC.NS
2025-04-30,POWERGRID.NS
2025-04-30,RELIANCE.NS
2025-04-30,SBILIFE.NS
2025-04-30,SBIN.NS
2025-04-30,SHRIRAMFIN.NS
2025-04-30,SUNPHARMA.NS
2025-04-30,TATACONSUM.NS
2025-04-30,TATAMOTORS.NS
2025-04-30,TATASTEEL.NS
2025-04-30,TCS.NS
2025-04-30,TECHM.NS
2025-04-30,TITAN.NS
2025-04-30,TRENT.NS
2025-04-30,ULTRACEMCO.NS
2025-04-30,WIPRO.NS
2025-05-31,ADANIENT.NS
2025-05-31,ADANIPORTS.NS
2025-05-31,APOLLOHOSP.NS
2025-05-31,ASIANPAINT.NS
2025-05-31,AXISBANK.NS
2025-05-31,BAJAJAUTO.NS
2025-05-31,BAJAJFINSV.NS
2025-05-31,BAJFINANCE.NS
2025-05-31,BEL.NS
2025-05-31,BHARTIARTL.NS
2025-05-31,CIPLA.NS
2025-05-31,COALINDIA.NS
2025-05-31,DRREDDY.NS
2025-05-31,EICHERMOT.NS
2025-05-31,ETERNAL.NS
2025-05-31,GRASIM.NS
2025-05-31,HCLTECH.NS
2025-05-31,HDFCBANK.NS
2025-05-31,HDFCLIFE.NS
2025-05-31,HEROMOTOCO.NS
2025-05-31,HINDALCO.NS
2025-05-31,HINDUNILVR.NS
2025-05-31,ICICIBANK.NS
2025-05-31,INDUSINDBK.NS
2025-05-31,INFY.NS
2025-05-31,ITC.NS
2025-05-31,JIOFIN.NS
2025-05-31,JSWSTEEL.NS
2025-05-31,KOTAKBANK.NS
2025-05-31,LT.NS
2025-05-31,M&M.NS
2025-05-31,MARUTI.NS
2025-05-31,NESTLEIND.NS
2025-05-31,NTPC.NS
2025-05-31,ONGC.NS
2025-05-31,POWERGRID.NS
2025-05-31,RELIANCE.NS
2025-05-31,SBILIFE.NS
2025-05-31,SBIN.NS
2025-05-31,SHRIRAMFIN.NS
2025-05-31,SUNPHARMA.NS
2025-05-31,TATACONSUM.NS
2025-05-31,TATAMOTORS.NS
2025-05-31,TATASTEEL.NS
2025-05-31,TCS.NS
2025-05-31,TECHM.NS
2025-05-31,TITAN.NS
2025-05-31,TRENT.NS
2025-05-31,ULTRACEMCO.NS
2025-05-31,WIPRO.NS
2025-06-30,ADANIENT.NS
2025-06-30,ADANIPORTS.NS
2025-06-30,APOLLOHOSP.NS
2025-06-30,ASIANPAINT.NS
2025-06-30,AXISBANK.NS
2025-06-30,BAJAJAUTO.NS
2025-06-30,BAJAJFINSV.NS
2025-06-30,BAJFINANCE.NS
2025-06-30,BEL.NS
2025-06-30,BHARTIARTL.NS
2025-06-30,CIPLA.NS
2025-06-30,COALINDIA.NS
2025-06-30,DRREDDY.NS
2025-06-30,EICHERMOT.NS
2025-06-30,ETERNAL.NS
2025-06-30,GRASIM.NS
2025-06-30,HCLTECH.NS
2025-06-30,HDFCBANK.NS
2025-06-30,HDFCLIFE.NS
2025-06-30,HEROMOTOCO.NS
2025-06-30,HINDALCO.NS
2025-06-30,HINDUNILVR.NS
2025-06-30,ICICIBANK.NS
2025-06-30,INDUSINDBK.NS
2025-06-30,INFY.NS
2025-06-30,ITC.NS
2025-06-30,JIOFIN.NS
2025-06-30,JSWSTEEL.NS
2025-06-30,KOTAKBANK.NS
2025-06-30,LT.NS
2025-06-30,M&M.NS
2025-06-30,MARUTI.NS
2025-06-30,NESTLEIND.NS
2025-06-30,NTPC.NS
2025-06-30,ONGC.NS
2025-06-30,POWERGRID.NS
2025-06-30,RELIANCE.NS
2025-06-30,SBILIFE.NS
2025-06-30,SBIN.NS
2025-06-30,SHRIRAMFIN.NS
2025-06-30,SUNPHARMA.NS
2025-06-30,TATACONSUM.NS
2025-06-30,TATAMOTORS.NS
2025-06-30,TATASTEEL.NS
2025-06-30,TCS.NS
2025-06-30,TECHM.NS
2025-06-30,TITAN.NS
2025-06-30,TRENT.NS
2025-06-30,ULTRACEMCO.NS
2025-06-30,WIPRO.NS
2025-07-31,ADANIENT.NS
2025-07-31,ADANIPORTS.NS
2025-07-31,APOLLOHOSP.NS
2025-07-31,ASIANPAINT.NS
2025-07-31,AXISBANK.NS
2025-07-31,BAJAJAUTO.NS
2025-07-31,BAJAJFINSV.NS
2025-07-31,BAJFINANCE.NS
2025-07-31,BEL.NS
2025-07-31,BHARTIARTL.NS
2025-07-31,CIPLA.NS
2025-07-31,COALINDIA.NS
2025-07-31,DRREDDY.NS
2025-07-31,EICHERMOT.NS
2025-07-31,ETERNAL.NS
2025-07-31,GRASIM.NS
2025-07-31,HCLTECH.NS
2025-07-31,HDFCBANK.NS
2025-07-31,HDFCLIFE.NS
2025-07-31,HEROMOTOCO.NS
2025-07-31,HINDALCO.NS
2025-07-31,HINDUNILVR.NS
2025-07-31,ICICIBANK.NS
2025-07-31,INDUSINDBK.NS
2025-07-31,INFY.NS
2025-07-31,ITC.NS
2025-07-31,JIOFIN.NS
2025-07-31,JSWSTEEL.NS
2025-07-31,KOTAKBANK.NS
2025-07-31,LT.NS
2025-07-31,M&M.NS
2025-07-31,MARUTI.NS
2025-07-31,NESTLEIND.NS
2025-07-31,NTPC.NS
2025-07-31,ONGC.NS
2025-07-31,POWERGRID.NS
2025-07-31,RELIANCE.NS
2025-07-31,SBILIFE.NS
2025-07-31,SBIN.NS
2025-07-31,SHRIRAMFIN.NS
2025-07-31,SUNPHARMA.NS
2025-07-31,TATACONSUM.NS
2025-07-31,TATAMOTORS.NS
2025-07-31,TATASTEEL.NS
2025-07-31,TCS.NS
2025-07-31,TECHM.NS
2025-07-31,TITAN.NS
2025-07-31,TRENT.NS
2025-07-31,ULTRACEMCO.NS
2025-07-31,WIPRO.NS
2025-08-31,ADANIENT.NS
2025-08-31,ADANIPORTS.NS
2025-08-31,APOLLOHOSP.NS
2025-08-31,ASIANPAINT.NS
2025-08-31,AXISBANK.NS
2025-08-31,BAJAJAUTO.NS
2025-08-31,BAJAJFINSV.NS
2025-08-31,BAJFINANCE.NS
2025-08-31,BEL.NS
2025-08-31,BHARTIARTL.NS
2025-08-31,CIPLA.NS
2025-08-31,COALINDIA.NS
2025-08-31,DRREDDY.NS
2025-08-31,EICHERMOT.NS
2025-08-31,ETERNAL.NS
2025-08-31,GRASIM.NS
2025-08-31,HCLTECH.NS
2025-08-31,HDFCBANK.NS
2025-08-31,HDFCLIFE.NS
2025-08-31,HEROMOTOCO.NS
2025-08-31,HINDALCO.NS
2025-08-31,HINDUNILVR.NS
2025-08-31,ICICIBANK.NS
2025-08-31,INDUSINDBK.NS
2025-08-31,INFY.NS
2025-08-31,ITC.NS
2025-08-31,JIOFIN.NS
2025-08-31,JSWSTEEL.NS
2025-08-31,KOTAKBANK.NS
2025-08-31,LT.NS
2025-08-31,M&M.NS
2025-08-31,MARUTI.NS
2025-08-31,NESTLEIND.NS
2025-08-31,NTPC.NS
2025-08-31,ONGC.NS
2025-08-31,POWERGRID.NS
2025-08-31,RELIANCE.NS
2025-08-31,SBILIFE.NS
2025-08-31,SBIN.NS
2025-08-31,SHRIRAMFIN.NS
2025-08-31,SUNPHARMA.NS
2025-08-31,TATACONSUM.NS
2025-08-31,TATAMOTORS.NS
2025-08-31,TATASTEEL.NS
2025-08-31,TCS.NS
2025-08-31,TECHM.NS
2025-08-31,TITAN.NS
2025-08-31,TRENT.NS
2025-08-31,ULTRACEMCO.NS
2025-08-31,WIPRO.NS
